environment,time_usage_started,time_usage_ended,resourceId,availability_domain,VCN,service,sku_name,sku_part_number,computed_amount,computed_quantity,currency
TEST,2026-04-01 00:00:00+00:00,2026-04-01 01:00:00+00:00,ocid1.vmcluster.oc1.eu-frankfurt-1.antheljrrvfrr5iaiakdi5rxfl73notvt6tf6lslsueauptbt2dok4ptucdq,DMxS:EU-FRANKFURT-1-AD-1,cl-ba-xedc1-tqvm3,Database,Database Exadata Cloud at Customer - Database OCPU,B91363,7.500078,6.0,
PROD,2026-04-01 00:00:00+00:00,2026-04-01 01:00:00+00:00,ocid1.vmcluster.oc1.eu-frankfurt-1.antheljrrvfrr5iawj32h5gbrsj4yjuv7y65xtmdwewxqhedhfolqmkknbha,DMxS:EU-FRANKFURT-1-AD-1,cl-ba-xedc1-pqvm1,Database,Database Exadata Cloud at Customer - Database OCPU,B91363,47.500493999999,37.999999999999,
TEST,2026-04-01 00:00:00+00:00,2026-04-01 01:00:00+00:00,ocid1.vmcluster.oc1.eu-frankfurt-1.antheljtrvfrr5iacz3aicfdxbta4h4bsdrxm45m56i32axkbtxy2ratl4kq,DMxS:EU-FRANKFURT-1-AD-2,cl-ba-xedc2-tqvm3,Database,Database Exadata Cloud at Customer - Database OCPU,B91363,7.500078,6.0,
PROD,2026-04-01 00:00:00+00:00,2026-04-01 01:00:00+00:00,ocid1.vmcluster.oc1.eu-frankfurt-1.antheljtrvfrr5iaj2hikuptdl6xbuuec267chmo2k3iubjw2fhemzbhmksa,DMxS:EU-FRANKFURT-1-AD-2,cl-ba-xedc2-pqvm1,Database,Database Exadata Cloud at Customer - Database OCPU,B91363,30.000312,24.0,
PROD,2026-04-01 01:00:00+00:00,2026-04-01 02:00:00+00:00,ocid1.vmcluster.oc1.eu-frankfurt-1.antheljrrvfrr5iawj32h5gbrsj4yjuv7y65xtmdwewxqhedhfolqmkknbha,DMxS:EU-FRANKFURT-1-AD-1,cl-ba-xedc1-pqvm1,Database,Database Exadata Cloud at Customer - Database OCPU,B91363,47.500493999999,37.999999999999,
TEST,2026-04-01 01:00:00+00:00,2026-04-01 02:00:00+00:00,ocid1.vmcluster.oc1.eu-frankfurt-1.antheljrrvfrr5iaiakdi5rxfl73notvt6tf6lslsueauptbt2dok4ptucdq,DMxS:EU-FRANKFURT-1-AD-1,cl-ba-xedc1-tqvm3,Database,Database Exadata Cloud at Customer - Database OCPU,B91363,7.500078,6.0,
PROD,2026-04-01 01:00:00+00:00,2026-04-01 02:00:00+00:00,ocid1.vmcluster.oc1.eu-frankfurt-1.antheljtrvfrr5iaj2hikuptdl6xbuuec267chmo2k3iubjw2fhemzbhmksa,DMxS:EU-FRANKFURT-1-AD-2,cl-ba-xedc2-pqvm1,Database,Database Exadata Cloud at Customer - Database OCPU,B91363,30.000312,24.0,
TEST,2026-04-01 01:00:00+00:00,2026-04-01 02:00:00+00:00,ocid1.vmcluster.oc1.eu-frankfurt-1.antheljtrvfrr5iacz3aicfdxbta4h4bsdrxm45m56i32axkbtxy2ratl4kq,DMxS:EU-FRANKFURT-1-AD-2,cl-ba-xedc2-tqvm3,Database,Database Exadata Cloud at Customer - Database OCPU,B91363,7.500078,6.0,
PROD,2026-04-01 02:00:00+00:00,2026-04-01 03:00:00+00:00,ocid1.vmcluster.oc1.eu-frankfurt-1.antheljrrvfrr5iawj32h5gbrsj4yjuv7y65xtmdwewxqhedhfolqmkknbha,DMxS:EU-FRANKFURT-1-AD-1,cl-ba-xedc1-pqvm1,Database,Database Exadata Cloud at Customer - Database OCPU,B91363,47.500493999999,37.999999999999,
TEST,2026-04-01 02:00:00+00:00,2026-04-01 03:00:00+00:00,ocid1.vmcluster.oc1.eu-frankfurt-1.antheljrrvfrr5iaiakdi5rxfl73notvt6tf6lslsueauptbt2dok4ptucdq,DMxS:EU-FRANKFURT-1-AD-1,cl-ba-xedc1-tqvm3,Database,Database Exadata Cloud at Customer - Database OCPU,B91363,7.500078,6.0,
TEST,2026-04-01 02:00:00+00:00,2026-04-01 03:00:00+00:00,ocid1.vmcluster.oc1.eu-frankfurt-1.antheljtrvfrr5iacz3aicfdxbta4h4bsdrxm45m56i32axkbtxy2ratl4kq,DMxS:EU-FRANKFURT-1-AD-2,cl-ba-xedc2-tqvm3,Database,Database Exadata Cloud at Customer - Database OCPU,B91363,7.500078,6.0,
PROD,2026-04-01 02:00:00+00:00,2026-04-01 03:00:00+00:00,ocid1.vmcluster.oc1.eu-frankfurt-1.antheljtrvfrr5iaj2hikuptdl6xbuuec267chmo2k3iubjw2fhemzbhmksa,DMxS:EU-FRANKFURT-1-AD-2,cl-ba-xedc2-pqvm1,Database,Database Exadata Cloud at Customer - Database OCPU,B91363,30.000312,24.0,
PROD,2026-04-01 03:00:00+00:00,2026-04-01 04:00:00+00:00,ocid1.vmcluster.oc1.eu-frankfurt-1.antheljrrvfrr5iawj32h5gbrsj4yjuv7y65xtmdwewxqhedhfolqmkknbha,DMxS:EU-FRANKFURT-1-AD-1,cl-ba-xedc1-pqvm1,Database,Database Exadata Cloud at Customer - Database OCPU,B91363,47.500493999999,37.999999999999,
TEST,2026-04-01 03:00:00+00:00,2026-04-01 04:00:00+00:00,ocid1.vmcluster.oc1.eu-frankfurt-1.antheljtrvfrr5iacz3aicfdxbta4h4bsdrxm45m56i32axkbtxy2ratl4kq,DMxS:EU-FRANKFURT-1-AD-2,cl-ba-xedc2-tqvm3,Database,Database Exadata Cloud at Customer - Database OCPU,B91363,7.500078,6.0,
PROD,2026-04-01 03:00:00+00:00,2026-04-01 04:00:00+00:00,ocid1.vmcluster.oc1.eu-frankfurt-1.antheljtrvfrr5iaj2hikuptdl6xbuuec267chmo2k3iubjw2fhemzbhmksa,DMxS:EU-FRANKFURT-1-AD-2,cl-ba-xedc2-pqvm1,Database,Database Exadata Cloud at Customer - Database OCPU,B91363,30.000312,24.0,
TEST,2026-04-01 03:00:00+00:00,2026-04-01 04:00:00+00:00,ocid1.vmcluster.oc1.eu-frankfurt-1.antheljrrvfrr5iaiakdi5rxfl73notvt6tf6lslsueauptbt2dok4ptucdq,DMxS:EU-FRANKFURT-1-AD-1,cl-ba-xedc1-tqvm3,Database,Database Exadata Cloud at Customer - Database OCPU,B91363,7.500078,6.0,
TEST,2026-04-01 04:00:00+00:00,2026-04-01 05:00:00+00:00,ocid1.vmcluster.oc1.eu-frankfurt-1.antheljtrvfrr5iacz3aicfdxbta4h4bsdrxm45m56i32axkbtxy2ratl4kq,DMxS:EU-FRANKFURT-1-AD-2,cl-ba-xedc2-tqvm3,Database,Database Exadata Cloud at Customer - Database OCPU,B91363,7.500078,6.0,
PROD,2026-04-01 04:00:00+00:00,2026-04-01 05:00:00+00:00,ocid1.vmcluster.oc1.eu-frankfurt-1.antheljrrvfrr5iawj32h5gbrsj4yjuv7y65xtmdwewxqhedhfolqmkknbha,DMxS:EU-FRANKFURT-1-AD-1,cl-ba-xedc1-pqvm1,Database,Database Exadata Cloud at Customer - Database OCPU,B91363,47.500494,38.0,
PROD,2026-04-01 04:00:00+00:00,2026-04-01 05:00:00+00:00,ocid1.vmcluster.oc1.eu-frankfurt-1.antheljtrvfrr5iaj2hikuptdl6xbuuec267chmo2k3iubjw2fhemzbhmksa,DMxS:EU-FRANKFURT-1-AD-2,cl-ba-xedc2-pqvm1,Database,Database Exadata Cloud at Customer - Database OCPU,B91363,30.000312,24.0,
TEST,2026-04-01 04:00:00+00:00,2026-04-01 05:00:00+00:00,ocid1.vmcluster.oc1.eu-frankfurt-1.antheljrrvfrr5iaiakdi5rxfl73notvt6tf6lslsueauptbt2dok4ptucdq,DMxS:EU-FRANKFURT-1-AD-1,cl-ba-xedc1-tqvm3,Database,Database Exadata Cloud at Customer - Database OCPU,B91363,7.500078,6.0,
TEST,2026-04-01 05:00:00+00:00,2026-04-01 06:00:00+00:00,ocid1.vmcluster.oc1.eu-frankfurt-1.antheljtrvfrr5iacz3aicfdxbta4h4bsdrxm45m56i32axkbtxy2ratl4kq,DMxS:EU-FRANKFURT-1-AD-2,cl-ba-xedc2-tqvm3,Database,Database Exadata Cloud at Customer - Database OCPU,B91363,7.500078,6.0,
TEST,2026-04-01 05:00:00+00:00,2026-04-01 06:00:00+00:00,ocid1.vmcluster.oc1.eu-frankfurt-1.antheljrrvfrr5iaiakdi5rxfl73notvt6tf6lslsueauptbt2dok4ptucdq,DMxS:EU-FRANKFURT-1-AD-1,cl-ba-xedc1-tqvm3,Database,Database Exadata Cloud at Customer - Database OCPU,B91363,7.500078,6.0,
PROD,2026-04-01 05:00:00+00:00,2026-04-01 06:00:00+00:00,ocid1.vmcluster.oc1.eu-frankfurt-1.antheljtrvfrr5iaj2hikuptdl6xbuuec267chmo2k3iubjw2fhemzbhmksa,DMxS:EU-FRANKFURT-1-AD-2,cl-ba-xedc2-pqvm1,Database,Database Exadata Cloud at Customer - Database OCPU,B91363,30.000312,24.0,
PROD,2026-04-01 05:00:00+00:00,2026-04-01 06:00:00+00:00,ocid1.vmcluster.oc1.eu-frankfurt-1.antheljrrvfrr5iawj32h5gbrsj4yjuv7y65xtmdwewxqhedhfolqmkknbha,DMxS:EU-FRANKFURT-1-AD-1,cl-ba-xedc1-pqvm1,Database,Database Exadata Cloud at Customer - Database OCPU,B91363,47.500493999999,37.999999999999,
PROD,2026-04-01 06:00:00+00:00,2026-04-01 07:00:00+00:00,ocid1.vmcluster.oc1.eu-frankfurt-1.antheljtrvfrr5iaj2hikuptdl6xbuuec267chmo2k3iubjw2fhemzbhmksa,DMxS:EU-FRANKFURT-1-AD-2,cl-ba-xedc2-pqvm1,Database,Database Exadata Cloud at Customer - Database OCPU,B91363,30.000312,24.0,
TEST,2026-04-01 06:00:00+00:00,2026-04-01 07:00:00+00:00,ocid1.vmcluster.oc1.eu-frankfurt-1.antheljtrvfrr5iacz3aicfdxbta4h4bsdrxm45m56i32axkbtxy2ratl4kq,DMxS:EU-FRANKFURT-1-AD-2,cl-ba-xedc2-tqvm3,Database,Database Exadata Cloud at Customer - Database OCPU,B91363,7.500078,6.0,
TEST,2026-04-01 06:00:00+00:00,2026-04-01 07:00:00+00:00,ocid1.vmcluster.oc1.eu-frankfurt-1.antheljrrvfrr5iaiakdi5rxfl73notvt6tf6lslsueauptbt2dok4ptucdq,DMxS:EU-FRANKFURT-1-AD-1,cl-ba-xedc1-tqvm3,Database,Database Exadata Cloud at Customer - Database OCPU,B91363,7.500078,6.0,
PROD,2026-04-01 06:00:00+00:00,2026-04-01 07:00:00+00:00,ocid1.vmcluster.oc1.eu-frankfurt-1.antheljrrvfrr5iawj32h5gbrsj4yjuv7y65xtmdwewxqhedhfolqmkknbha,DMxS:EU-FRANKFURT-1-AD-1,cl-ba-xedc1-pqvm1,Database,Database Exadata Cloud at Customer - Database OCPU,B91363,47.500494,38.0,
PROD,2026-04-01 07:00:00+00:00,2026-04-01 08:00:00+00:00,ocid1.vmcluster.oc1.eu-frankfurt-1.antheljtrvfrr5iaj2hikuptdl6xbuuec267chmo2k3iubjw2fhemzbhmksa,DMxS:EU-FRANKFURT-1-AD-2,cl-ba-xedc2-pqvm1,Database,Database Exadata Cloud at Customer - Database OCPU,B91363,30.000312,24.0,
TEST,2026-04-01 07:00:00+00:00,2026-04-01 08:00:00+00:00,ocid1.vmcluster.oc1.eu-frankfurt-1.antheljtrvfrr5iacz3aicfdxbta4h4bsdrxm45m56i32axkbtxy2ratl4kq,DMxS:EU-FRANKFURT-1-AD-2,cl-ba-xedc2-tqvm3,Database,Database Exadata Cloud at Customer - Database OCPU,B91363,7.500078,6.0,
TEST,2026-04-01 07:00:00+00:00,2026-04-01 08:00:00+00:00,ocid1.vmcluster.oc1.eu-frankfurt-1.antheljrrvfrr5iaiakdi5rxfl73notvt6tf6lslsueauptbt2dok4ptucdq,DMxS:EU-FRANKFURT-1-AD-1,cl-ba-xedc1-tqvm3,Database,Database Exadata Cloud at Customer - Database OCPU,B91363,7.500078,6.0,
PROD,2026-04-01 07:00:00+00:00,2026-04-01 08:00:00+00:00,ocid1.vmcluster.oc1.eu-frankfurt-1.antheljrrvfrr5iawj32h5gbrsj4yjuv7y65xtmdwewxqhedhfolqmkknbha,DMxS:EU-FRANKFURT-1-AD-1,cl-ba-xedc1-pqvm1,Database,Database Exadata Cloud at Customer - Database OCPU,B91363,47.500493999999,37.999999999999,
TEST,2026-04-01 08:00:00+00:00,2026-04-01 09:00:00+00:00,ocid1.vmcluster.oc1.eu-frankfurt-1.antheljtrvfrr5iacz3aicfdxbta4h4bsdrxm45m56i32axkbtxy2ratl4kq,DMxS:EU-FRANKFURT-1-AD-2,cl-ba-xedc2-tqvm3,Database,Database Exadata Cloud at Customer - Database OCPU,B91363,7.500078,6.0,
PROD,2026-04-01 08:00:00+00:00,2026-04-01 09:00:00+00:00,ocid1.vmcluster.oc1.eu-frankfurt-1.antheljrrvfrr5iawj32h5gbrsj4yjuv7y65xtmdwewxqhedhfolqmkknbha,DMxS:EU-FRANKFURT-1-AD-1,cl-ba-xedc1-pqvm1,Database,Database Exadata Cloud at Customer - Database OCPU,B91363,47.500494,38.0,
PROD,2026-04-01 08:00:00+00:00,2026-04-01 09:00:00+00:00,ocid1.vmcluster.oc1.eu-frankfurt-1.antheljtrvfrr5iaj2hikuptdl6xbuuec267chmo2k3iubjw2fhemzbhmksa,DMxS:EU-FRANKFURT-1-AD-2,cl-ba-xedc2-pqvm1,Database,Database Exadata Cloud at Customer - Database OCPU,B91363,30.000312,24.0,
TEST,2026-04-01 08:00:00+00:00,2026-04-01 09:00:00+00:00,ocid1.vmcluster.oc1.eu-frankfurt-1.antheljrrvfrr5iaiakdi5rxfl73notvt6tf6lslsueauptbt2dok4ptucdq,DMxS:EU-FRANKFURT-1-AD-1,cl-ba-xedc1-tqvm3,Database,Database Exadata Cloud at Customer - Database OCPU,B91363,7.500078,6.0,
TEST,2026-04-01 09:00:00+00:00,2026-04-01 10:00:00+00:00,ocid1.vmcluster.oc1.eu-frankfurt-1.antheljtrvfrr5iacz3aicfdxbta4h4bsdrxm45m56i32axkbtxy2ratl4kq,DMxS:EU-FRANKFURT-1-AD-2,cl-ba-xedc2-tqvm3,Database,Database Exadata Cloud at Customer - Database OCPU,B91363,7.500078,6.0,
PROD,2026-04-01 09:00:00+00:00,2026-04-01 10:00:00+00:00,ocid1.vmcluster.oc1.eu-frankfurt-1.antheljtrvfrr5iaj2hikuptdl6xbuuec267chmo2k3iubjw2fhemzbhmksa,DMxS:EU-FRANKFURT-1-AD-2,cl-ba-xedc2-pqvm1,Database,Database Exadata Cloud at Customer - Database OCPU,B91363,30.000312,24.0,
TEST,2026-04-01 09:00:00+00:00,2026-04-01 10:00:00+00:00,ocid1.vmcluster.oc1.eu-frankfurt-1.antheljrrvfrr5iaiakdi5rxfl73notvt6tf6lslsueauptbt2dok4ptucdq,DMxS:EU-FRANKFURT-1-AD-1,cl-ba-xedc1-tqvm3,Database,Database Exadata Cloud at Customer - Database OCPU,B91363,7.500078,6.0,
PROD,2026-04-01 09:00:00+00:00,2026-04-01 10:00:00+00:00,ocid1.vmcluster.oc1.eu-frankfurt-1.antheljrrvfrr5iawj32h5gbrsj4yjuv7y65xtmdwewxqhedhfolqmkknbha,DMxS:EU-FRANKFURT-1-AD-1,cl-ba-xedc1-pqvm1,Database,Database Exadata Cloud at Customer - Database OCPU,B91363,47.500493999999,37.999999999999,
PROD,2026-04-01 10:00:00+00:00,2026-04-01 11:00:00+00:00,ocid1.vmcluster.oc1.eu-frankfurt-1.antheljrrvfrr5iawj32h5gbrsj4yjuv7y65xtmdwewxqhedhfolqmkknbha,DMxS:EU-FRANKFURT-1-AD-1,cl-ba-xedc1-pqvm1,Database,Database Exadata Cloud at Customer - Database OCPU,B91363,47.500494,37.999999999999,
TEST,2026-04-01 10:00:00+00:00,2026-04-01 11:00:00+00:00,ocid1.vmcluster.oc1.eu-frankfurt-1.antheljtrvfrr5iacz3aicfdxbta4h4bsdrxm45m56i32axkbtxy2ratl4kq,DMxS:EU-FRANKFURT-1-AD-2,cl-ba-xedc2-tqvm3,Database,Database Exadata Cloud at Customer - Database OCPU,B91363,7.500078,6.0,
PROD,2026-04-01 10:00:00+00:00,2026-04-01 11:00:00+00:00,ocid1.vmcluster.oc1.eu-frankfurt-1.antheljtrvfrr5iaj2hikuptdl6xbuuec267chmo2k3iubjw2fhemzbhmksa,DMxS:EU-FRANKFURT-1-AD-2,cl-ba-xedc2-pqvm1,Database,Database Exadata Cloud at Customer - Database OCPU,B91363,30.000312,24.0,
TEST,2026-04-01 10:00:00+00:00,2026-04-01 11:00:00+00:00,ocid1.vmcluster.oc1.eu-frankfurt-1.antheljrrvfrr5iaiakdi5rxfl73notvt6tf6lslsueauptbt2dok4ptucdq,DMxS:EU-FRANKFURT-1-AD-1,cl-ba-xedc1-tqvm3,Database,Database Exadata Cloud at Customer - Database OCPU,B91363,7.500078,6.0,
TEST,2026-04-01 11:00:00+00:00,2026-04-01 12:00:00+00:00,ocid1.vmcluster.oc1.eu-frankfurt-1.antheljtrvfrr5iacz3aicfdxbta4h4bsdrxm45m56i32axkbtxy2ratl4kq,DMxS:EU-FRANKFURT-1-AD-2,cl-ba-xedc2-tqvm3,Database,Database Exadata Cloud at Customer - Database OCPU,B91363,7.500078,6.0,
PROD,2026-04-01 11:00:00+00:00,2026-04-01 12:00:00+00:00,ocid1.vmcluster.oc1.eu-frankfurt-1.antheljtrvfrr5iaj2hikuptdl6xbuuec267chmo2k3iubjw2fhemzbhmksa,DMxS:EU-FRANKFURT-1-AD-2,cl-ba-xedc2-pqvm1,Database,Database Exadata Cloud at Customer - Database OCPU,B91363,30.000312,24.0,
TEST,2026-04-01 11:00:00+00:00,2026-04-01 12:00:00+00:00,ocid1.vmcluster.oc1.eu-frankfurt-1.antheljrrvfrr5iaiakdi5rxfl73notvt6tf6lslsueauptbt2dok4ptucdq,DMxS:EU-FRANKFURT-1-AD-1,cl-ba-xedc1-tqvm3,Database,Database Exadata Cloud at Customer - Database OCPU,B91363,7.500078,6.0,
PROD,2026-04-01 11:00:00+00:00,2026-04-01 12:00:00+00:00,ocid1.vmcluster.oc1.eu-frankfurt-1.antheljrrvfrr5iawj32h5gbrsj4yjuv7y65xtmdwewxqhedhfolqmkknbha,DMxS:EU-FRANKFURT-1-AD-1,cl-ba-xedc1-pqvm1,Database,Database Exadata Cloud at Customer - Database OCPU,B91363,47.500493999999,37.999999999999,
PROD,2026-04-01 12:00:00+00:00,2026-04-01 13:00:00+00:00,ocid1.vmcluster.oc1.eu-frankfurt-1.antheljrrvfrr5iawj32h5gbrsj4yjuv7y65xtmdwewxqhedhfolqmkknbha,DMxS:EU-FRANKFURT-1-AD-1,cl-ba-xedc1-pqvm1,Database,Database Exadata Cloud at Customer - Database OCPU,B91363,47.500494,38.0,
TEST,2026-04-01 12:00:00+00:00,2026-04-01 13:00:00+00:00,ocid1.vmcluster.oc1.eu-frankfurt-1.antheljrrvfrr5iaiakdi5rxfl73notvt6tf6lslsueauptbt2dok4ptucdq,DMxS:EU-FRANKFURT-1-AD-1,cl-ba-xedc1-tqvm3,Database,Database Exadata Cloud at Customer - Database OCPU,B91363,7.500078,6.0,
TEST,2026-04-01 12:00:00+00:00,2026-04-01 13:00:00+00:00,ocid1.vmcluster.oc1.eu-frankfurt-1.antheljtrvfrr5iacz3aicfdxbta4h4bsdrxm45m56i32axkbtxy2ratl4kq,DMxS:EU-FRANKFURT-1-AD-2,cl-ba-xedc2-tqvm3,Database,Database Exadata Cloud at Customer - Database OCPU,B91363,7.500078,6.0,
PROD,2026-04-01 12:00:00+00:00,2026-04-01 13:00:00+00:00,ocid1.vmcluster.oc1.eu-frankfurt-1.antheljtrvfrr5iaj2hikuptdl6xbuuec267chmo2k3iubjw2fhemzbhmksa,DMxS:EU-FRANKFURT-1-AD-2,cl-ba-xedc2-pqvm1,Database,Database Exadata Cloud at Customer - Database OCPU,B91363,30.000312,24.0,
TEST,2026-04-01 13:00:00+00:00,2026-04-01 14:00:00+00:00,ocid1.vmcluster.oc1.eu-frankfurt-1.antheljrrvfrr5iaiakdi5rxfl73notvt6tf6lslsueauptbt2dok4ptucdq,DMxS:EU-FRANKFURT-1-AD-1,cl-ba-xedc1-tqvm3,Database,Database Exadata Cloud at Customer - Database OCPU,B91363,7.500078,6.0,
TEST,2026-04-01 13:00:00+00:00,2026-04-01 14:00:00+00:00,ocid1.vmcluster.oc1.eu-frankfurt-1.antheljtrvfrr5iacz3aicfdxbta4h4bsdrxm45m56i32axkbtxy2ratl4kq,DMxS:EU-FRANKFURT-1-AD-2,cl-ba-xedc2-tqvm3,Database,Database Exadata Cloud at Customer - Database OCPU,B91363,7.500078,6.0,
PROD,2026-04-01 13:00:00+00:00,2026-04-01 14:00:00+00:00,ocid1.vmcluster.oc1.eu-frankfurt-1.antheljrrvfrr5iawj32h5gbrsj4yjuv7y65xtmdwewxqhedhfolqmkknbha,DMxS:EU-FRANKFURT-1-AD-1,cl-ba-xedc1-pqvm1,Database,Database Exadata Cloud at Customer - Database OCPU,B91363,47.500493999997,37.999999999998,
PROD,2026-04-01 13:00:00+00:00,2026-04-01 14:00:00+00:00,ocid1.vmcluster.oc1.eu-frankfurt-1.antheljtrvfrr5iaj2hikuptdl6xbuuec267chmo2k3iubjw2fhemzbhmksa,DMxS:EU-FRANKFURT-1-AD-2,cl-ba-xedc2-pqvm1,Database,Database Exadata Cloud at Customer - Database OCPU,B91363,30.000312,24.0,
TEST,2026-04-01 14:00:00+00:00,2026-04-01 15:00:00+00:00,ocid1.vmcluster.oc1.eu-frankfurt-1.antheljtrvfrr5iacz3aicfdxbta4h4bsdrxm45m56i32axkbtxy2ratl4kq,DMxS:EU-FRANKFURT-1-AD-2,cl-ba-xedc2-tqvm3,Database,Database Exadata Cloud at Customer - Database OCPU,B91363,7.500078,6.0,
TEST,2026-04-01 14:00:00+00:00,2026-04-01 15:00:00+00:00,ocid1.vmcluster.oc1.eu-frankfurt-1.antheljrrvfrr5iaiakdi5rxfl73notvt6tf6lslsueauptbt2dok4ptucdq,DMxS:EU-FRANKFURT-1-AD-1,cl-ba-xedc1-tqvm3,Database,Database Exadata Cloud at Customer - Database OCPU,B91363,7.500078,6.0,
PROD,2026-04-01 14:00:00+00:00,2026-04-01 15:00:00+00:00,ocid1.vmcluster.oc1.eu-frankfurt-1.antheljrrvfrr5iawj32h5gbrsj4yjuv7y65xtmdwewxqhedhfolqmkknbha,DMxS:EU-FRANKFURT-1-AD-1,cl-ba-xedc1-pqvm1,Database,Database Exadata Cloud at Customer - Database OCPU,B91363,47.500494,37.999999999999,
PROD,2026-04-01 14:00:00+00:00,2026-04-01 15:00:00+00:00,ocid1.vmcluster.oc1.eu-frankfurt-1.antheljtrvfrr5iaj2hikuptdl6xbuuec267chmo2k3iubjw2fhemzbhmksa,DMxS:EU-FRANKFURT-1-AD-2,cl-ba-xedc2-pqvm1,Database,Database Exadata Cloud at Customer - Database OCPU,B91363,30.000312,24.0,
TEST,2026-04-01 15:00:00+00:00,2026-04-01 16:00:00+00:00,ocid1.vmcluster.oc1.eu-frankfurt-1.antheljrrvfrr5iaiakdi5rxfl73notvt6tf6lslsueauptbt2dok4ptucdq,DMxS:EU-FRANKFURT-1-AD-1,cl-ba-xedc1-tqvm3,Database,Database Exadata Cloud at Customer - Database OCPU,B91363,7.500078,6.0,
TEST,2026-04-01 15:00:00+00:00,2026-04-01 16:00:00+00:00,ocid1.vmcluster.oc1.eu-frankfurt-1.antheljtrvfrr5iacz3aicfdxbta4h4bsdrxm45m56i32axkbtxy2ratl4kq,DMxS:EU-FRANKFURT-1-AD-2,cl-ba-xedc2-tqvm3,Database,Database Exadata Cloud at Customer - Database OCPU,B91363,7.500078,6.0,
PROD,2026-04-01 15:00:00+00:00,2026-04-01 16:00:00+00:00,ocid1.vmcluster.oc1.eu-frankfurt-1.antheljtrvfrr5iaj2hikuptdl6xbuuec267chmo2k3iubjw2fhemzbhmksa,DMxS:EU-FRANKFURT-1-AD-2,cl-ba-xedc2-pqvm1,Database,Database Exadata Cloud at Customer - Database OCPU,B91363,30.000312,24.0,
PROD,2026-04-01 15:00:00+00:00,2026-04-01 16:00:00+00:00,ocid1.vmcluster.oc1.eu-frankfurt-1.antheljrrvfrr5iawj32h5gbrsj4yjuv7y65xtmdwewxqhedhfolqmkknbha,DMxS:EU-FRANKFURT-1-AD-1,cl-ba-xedc1-pqvm1,Database,Database Exadata Cloud at Customer - Database OCPU,B91363,47.500493999999,37.999999999999,
PROD,2026-04-01 16:00:00+00:00,2026-04-01 17:00:00+00:00,ocid1.vmcluster.oc1.eu-frankfurt-1.antheljrrvfrr5iawj32h5gbrsj4yjuv7y65xtmdwewxqhedhfolqmkknbha,DMxS:EU-FRANKFURT-1-AD-1,cl-ba-xedc1-pqvm1,Database,Database Exadata Cloud at Customer - Database OCPU,B91363,47.500493999999,37.999999999999,
TEST,2026-04-01 16:00:00+00:00,2026-04-01 17:00:00+00:00,ocid1.vmcluster.oc1.eu-frankfurt-1.antheljrrvfrr5iaiakdi5rxfl73notvt6tf6lslsueauptbt2dok4ptucdq,DMxS:EU-FRANKFURT-1-AD-1,cl-ba-xedc1-tqvm3,Database,Database Exadata Cloud at Customer - Database OCPU,B91363,7.500078,6.0,
PROD,2026-04-01 16:00:00+00:00,2026-04-01 17:00:00+00:00,ocid1.vmcluster.oc1.eu-frankfurt-1.antheljtrvfrr5iaj2hikuptdl6xbuuec267chmo2k3iubjw2fhemzbhmksa,DMxS:EU-FRANKFURT-1-AD-2,cl-ba-xedc2-pqvm1,Database,Database Exadata Cloud at Customer - Database OCPU,B91363,30.000312,24.0,
TEST,2026-04-01 16:00:00+00:00,2026-04-01 17:00:00+00:00,ocid1.vmcluster.oc1.eu-frankfurt-1.antheljtrvfrr5iacz3aicfdxbta4h4bsdrxm45m56i32axkbtxy2ratl4kq,DMxS:EU-FRANKFURT-1-AD-2,cl-ba-xedc2-tqvm3,Database,Database Exadata Cloud at Customer - Database OCPU,B91363,7.500078,6.0,
PROD,2026-04-01 17:00:00+00:00,2026-04-01 18:00:00+00:00,ocid1.vmcluster.oc1.eu-frankfurt-1.antheljtrvfrr5iaj2hikuptdl6xbuuec267chmo2k3iubjw2fhemzbhmksa,DMxS:EU-FRANKFURT-1-AD-2,cl-ba-xedc2-pqvm1,Database,Database Exadata Cloud at Customer - Database OCPU,B91363,30.000312,24.0,
TEST,2026-04-01 17:00:00+00:00,2026-04-01 18:00:00+00:00,ocid1.vmcluster.oc1.eu-frankfurt-1.antheljrrvfrr5iaiakdi5rxfl73notvt6tf6lslsueauptbt2dok4ptucdq,DMxS:EU-FRANKFURT-1-AD-1,cl-ba-xedc1-tqvm3,Database,Database Exadata Cloud at Customer - Database OCPU,B91363,7.500078,6.0,
PROD,2026-04-01 17:00:00+00:00,2026-04-01 18:00:00+00:00,ocid1.vmcluster.oc1.eu-frankfurt-1.antheljrrvfrr5iawj32h5gbrsj4yjuv7y65xtmdwewxqhedhfolqmkknbha,DMxS:EU-FRANKFURT-1-AD-1,cl-ba-xedc1-pqvm1,Database,Database Exadata Cloud at Customer - Database OCPU,B91363,47.500493999999,37.999999999999,
TEST,2026-04-01 17:00:00+00:00,2026-04-01 18:00:00+00:00,ocid1.vmcluster.oc1.eu-frankfurt-1.antheljtrvfrr5iacz3aicfdxbta4h4bsdrxm45m56i32axkbtxy2ratl4kq,DMxS:EU-FRANKFURT-1-AD-2,cl-ba-xedc2-tqvm3,Database,Database Exadata Cloud at Customer - Database OCPU,B91363,7.500078,6.0,
PROD,2026-04-01 18:00:00+00:00,2026-04-01 19:00:00+00:00,ocid1.vmcluster.oc1.eu-frankfurt-1.antheljtrvfrr5iaj2hikuptdl6xbuuec267chmo2k3iubjw2fhemzbhmksa,DMxS:EU-FRANKFURT-1-AD-2,cl-ba-xedc2-pqvm1,Database,Database Exadata Cloud at Customer - Database OCPU,B91363,30.000312,24.0,
TEST,2026-04-01 18:00:00+00:00,2026-04-01 19:00:00+00:00,ocid1.vmcluster.oc1.eu-frankfurt-1.antheljtrvfrr5iacz3aicfdxbta4h4bsdrxm45m56i32axkbtxy2ratl4kq,DMxS:EU-FRANKFURT-1-AD-2,cl-ba-xedc2-tqvm3,Database,Database Exadata Cloud at Customer - Database OCPU,B91363,7.500078,6.0,
PROD,2026-04-01 18:00:00+00:00,2026-04-01 19:00:00+00:00,ocid1.vmcluster.oc1.eu-frankfurt-1.antheljrrvfrr5iawj32h5gbrsj4yjuv7y65xtmdwewxqhedhfolqmkknbha,DMxS:EU-FRANKFURT-1-AD-1,cl-ba-xedc1-pqvm1,Database,Database Exadata Cloud at Customer - Database OCPU,B91363,47.500493999999,37.999999999999,
TEST,2026-04-01 18:00:00+00:00,2026-04-01 19:00:00+00:00,ocid1.vmcluster.oc1.eu-frankfurt-1.antheljrrvfrr5iaiakdi5rxfl73notvt6tf6lslsueauptbt2dok4ptucdq,DMxS:EU-FRANKFURT-1-AD-1,cl-ba-xedc1-tqvm3,Database,Database Exadata Cloud at Customer - Database OCPU,B91363,7.500078,6.0,
TEST,2026-04-01 19:00:00+00:00,2026-04-01 20:00:00+00:00,ocid1.vmcluster.oc1.eu-frankfurt-1.antheljrrvfrr5iaiakdi5rxfl73notvt6tf6lslsueauptbt2dok4ptucdq,DMxS:EU-FRANKFURT-1-AD-1,cl-ba-xedc1-tqvm3,Database,Database Exadata Cloud at Customer - Database OCPU,B91363,7.500078,6.0,
PROD,2026-04-01 19:00:00+00:00,2026-04-01 20:00:00+00:00,ocid1.vmcluster.oc1.eu-frankfurt-1.antheljrrvfrr5iawj32h5gbrsj4yjuv7y65xtmdwewxqhedhfolqmkknbha,DMxS:EU-FRANKFURT-1-AD-1,cl-ba-xedc1-pqvm1,Database,Database Exadata Cloud at Customer - Database OCPU,B91363,47.500494,38.0,
PROD,2026-04-01 19:00:00+00:00,2026-04-01 20:00:00+00:00,ocid1.vmcluster.oc1.eu-frankfurt-1.antheljtrvfrr5iaj2hikuptdl6xbuuec267chmo2k3iubjw2fhemzbhmksa,DMxS:EU-FRANKFURT-1-AD-2,cl-ba-xedc2-pqvm1,Database,Database Exadata Cloud at Customer - Database OCPU,B91363,30.000312,24.0,
TEST,2026-04-01 19:00:00+00:00,2026-04-01 20:00:00+00:00,ocid1.vmcluster.oc1.eu-frankfurt-1.antheljtrvfrr5iacz3aicfdxbta4h4bsdrxm45m56i32axkbtxy2ratl4kq,DMxS:EU-FRANKFURT-1-AD-2,cl-ba-xedc2-tqvm3,Database,Database Exadata Cloud at Customer - Database OCPU,B91363,7.500078,6.0,
PROD,2026-04-01 20:00:00+00:00,2026-04-01 21:00:00+00:00,ocid1.vmcluster.oc1.eu-frankfurt-1.antheljrrvfrr5iawj32h5gbrsj4yjuv7y65xtmdwewxqhedhfolqmkknbha,DMxS:EU-FRANKFURT-1-AD-1,cl-ba-xedc1-pqvm1,Database,Database Exadata Cloud at Customer - Database OCPU,B91363,47.500493999999,37.999999999999,
PROD,2026-04-01 20:00:00+00:00,2026-04-01 21:00:00+00:00,ocid1.vmcluster.oc1.eu-frankfurt-1.antheljtrvfrr5iaj2hikuptdl6xbuuec267chmo2k3iubjw2fhemzbhmksa,DMxS:EU-FRANKFURT-1-AD-2,cl-ba-xedc2-pqvm1,Database,Database Exadata Cloud at Customer - Database OCPU,B91363,30.000312,24.0,
TEST,2026-04-01 20:00:00+00:00,2026-04-01 21:00:00+00:00,ocid1.vmcluster.oc1.eu-frankfurt-1.antheljrrvfrr5iaiakdi5rxfl73notvt6tf6lslsueauptbt2dok4ptucdq,DMxS:EU-FRANKFURT-1-AD-1,cl-ba-xedc1-tqvm3,Database,Database Exadata Cloud at Customer - Database OCPU,B91363,7.500078,6.0,
TEST,2026-04-01 20:00:00+00:00,2026-04-01 21:00:00+00:00,ocid1.vmcluster.oc1.eu-frankfurt-1.antheljtrvfrr5iacz3aicfdxbta4h4bsdrxm45m56i32axkbtxy2ratl4kq,DMxS:EU-FRANKFURT-1-AD-2,cl-ba-xedc2-tqvm3,Database,Database Exadata Cloud at Customer - Database OCPU,B91363,7.500078,6.0,
PROD,2026-04-01 21:00:00+00:00,2026-04-01 22:00:00+00:00,ocid1.vmcluster.oc1.eu-frankfurt-1.antheljrrvfrr5iawj32h5gbrsj4yjuv7y65xtmdwewxqhedhfolqmkknbha,DMxS:EU-FRANKFURT-1-AD-1,cl-ba-xedc1-pqvm1,Database,Database Exadata Cloud at Customer - Database OCPU,B91363,47.500493999997,37.999999999998,
TEST,2026-04-01 21:00:00+00:00,2026-04-01 22:00:00+00:00,ocid1.vmcluster.oc1.eu-frankfurt-1.antheljtrvfrr5iacz3aicfdxbta4h4bsdrxm45m56i32axkbtxy2ratl4kq,DMxS:EU-FRANKFURT-1-AD-2,cl-ba-xedc2-tqvm3,Database,Database Exadata Cloud at Customer - Database OCPU,B91363,7.500078,6.0,
PROD,2026-04-01 21:00:00+00:00,2026-04-01 22:00:00+00:00,ocid1.vmcluster.oc1.eu-frankfurt-1.antheljtrvfrr5iaj2hikuptdl6xbuuec267chmo2k3iubjw2fhemzbhmksa,DMxS:EU-FRANKFURT-1-AD-2,cl-ba-xedc2-pqvm1,Database,Database Exadata Cloud at Customer - Database OCPU,B91363,30.000312,24.0,
TEST,2026-04-01 21:00:00+00:00,2026-04-01 22:00:00+00:00,ocid1.vmcluster.oc1.eu-frankfurt-1.antheljrrvfrr5iaiakdi5rxfl73notvt6tf6lslsueauptbt2dok4ptucdq,DMxS:EU-FRANKFURT-1-AD-1,cl-ba-xedc1-tqvm3,Database,Database Exadata Cloud at Customer - Database OCPU,B91363,7.500078,6.0,
TEST,2026-04-01 22:00:00+00:00,2026-04-01 23:00:00+00:00,ocid1.vmcluster.oc1.eu-frankfurt-1.antheljtrvfrr5iacz3aicfdxbta4h4bsdrxm45m56i32axkbtxy2ratl4kq,DMxS:EU-FRANKFURT-1-AD-2,cl-ba-xedc2-tqvm3,Database,Database Exadata Cloud at Customer - Database OCPU,B91363,7.500078,6.0,
PROD,2026-04-01 22:00:00+00:00,2026-04-01 23:00:00+00:00,ocid1.vmcluster.oc1.eu-frankfurt-1.antheljtrvfrr5iaj2hikuptdl6xbuuec267chmo2k3iubjw2fhemzbhmksa,DMxS:EU-FRANKFURT-1-AD-2,cl-ba-xedc2-pqvm1,Database,Database Exadata Cloud at Customer - Database OCPU,B91363,30.000312,24.0,
TEST,2026-04-01 22:00:00+00:00,2026-04-01 23:00:00+00:00,ocid1.vmcluster.oc1.eu-frankfurt-1.antheljrrvfrr5iaiakdi5rxfl73notvt6tf6lslsueauptbt2dok4ptucdq,DMxS:EU-FRANKFURT-1-AD-1,cl-ba-xedc1-tqvm3,Database,Database Exadata Cloud at Customer - Database OCPU,B91363,7.500078,6.0,
PROD,2026-04-01 22:00:00+00:00,2026-04-01 23:00:00+00:00,ocid1.vmcluster.oc1.eu-frankfurt-1.antheljrrvfrr5iawj32h5gbrsj4yjuv7y65xtmdwewxqhedhfolqmkknbha,DMxS:EU-FRANKFURT-1-AD-1,cl-ba-xedc1-pqvm1,Database,Database Exadata Cloud at Customer - Database OCPU,B91363,47.500494,37.999999999999,
TEST,2026-04-01 23:00:00+00:00,2026-04-02 00:00:00+00:00,ocid1.vmcluster.oc1.eu-frankfurt-1.antheljrrvfrr5iaiakdi5rxfl73notvt6tf6lslsueauptbt2dok4ptucdq,DMxS:EU-FRANKFURT-1-AD-1,cl-ba-xedc1-tqvm3,Database,Database Exadata Cloud at Customer - Database OCPU,B91363,7.500078,6.0,
PROD,2026-04-01 23:00:00+00:00,2026-04-02 00:00:00+00:00,ocid1.vmcluster.oc1.eu-frankfurt-1.antheljtrvfrr5iaj2hikuptdl6xbuuec267chmo2k3iubjw2fhemzbhmksa,DMxS:EU-FRANKFURT-1-AD-2,cl-ba-xedc2-pqvm1,Database,Database Exadata Cloud at Customer - Database OCPU,B91363,30.000312,24.0,
TEST,2026-04-01 23:00:00+00:00,2026-04-02 00:00:00+00:00,ocid1.vmcluster.oc1.eu-frankfurt-1.antheljtrvfrr5iacz3aicfdxbta4h4bsdrxm45m56i32axkbtxy2ratl4kq,DMxS:EU-FRANKFURT-1-AD-2,cl-ba-xedc2-tqvm3,Database,Database Exadata Cloud at Customer - Database OCPU,B91363,7.500078,6.0,
PROD,2026-04-01 23:00:00+00:00,2026-04-02 00:00:00+00:00,ocid1.vmcluster.oc1.eu-frankfurt-1.antheljrrvfrr5iawj32h5gbrsj4yjuv7y65xtmdwewxqhedhfolqmkknbha,DMxS:EU-FRANKFURT-1-AD-1,cl-ba-xedc1-pqvm1,Database,Database Exadata Cloud at Customer - Database OCPU,B91363,47.500493999999,37.999999999999,
PROD,2026-04-02 00:00:00+00:00,2026-04-02 01:00:00+00:00,ocid1.vmcluster.oc1.eu-frankfurt-1.antheljtrvfrr5iaj2hikuptdl6xbuuec267chmo2k3iubjw2fhemzbhmksa,DMxS:EU-FRANKFURT-1-AD-2,cl-ba-xedc2-pqvm1,Database,Database Exadata Cloud at Customer - Database OCPU,B91363,30.000312,24.0,
TEST,2026-04-02 00:00:00+00:00,2026-04-02 01:00:00+00:00,ocid1.vmcluster.oc1.eu-frankfurt-1.antheljrrvfrr5iaiakdi5rxfl73notvt6tf6lslsueauptbt2dok4ptucdq,DMxS:EU-FRANKFURT-1-AD-1,cl-ba-xedc1-tqvm3,Database,Database Exadata Cloud at Customer - Database OCPU,B91363,7.500078,6.0,
PROD,2026-04-02 00:00:00+00:00,2026-04-02 01:00:00+00:00,ocid1.vmcluster.oc1.eu-frankfurt-1.antheljrrvfrr5iawj32h5gbrsj4yjuv7y65xtmdwewxqhedhfolqmkknbha,DMxS:EU-FRANKFURT-1-AD-1,cl-ba-xedc1-pqvm1,Database,Database Exadata Cloud at Customer - Database OCPU,B91363,47.500493999999,37.999999999999,
TEST,2026-04-02 00:00:00+00:00,2026-04-02 01:00:00+00:00,ocid1.vmcluster.oc1.eu-frankfurt-1.antheljtrvfrr5iacz3aicfdxbta4h4bsdrxm45m56i32axkbtxy2ratl4kq,DMxS:EU-FRANKFURT-1-AD-2,cl-ba-xedc2-tqvm3,Database,Database Exadata Cloud at Customer - Database OCPU,B91363,7.500078,6.0,
PROD,2026-04-02 01:00:00+00:00,2026-04-02 02:00:00+00:00,ocid1.vmcluster.oc1.eu-frankfurt-1.antheljrrvfrr5iawj32h5gbrsj4yjuv7y65xtmdwewxqhedhfolqmkknbha,DMxS:EU-FRANKFURT-1-AD-1,cl-ba-xedc1-pqvm1,Database,Database Exadata Cloud at Customer - Database OCPU,B91363,47.500494,37.999999999999,
PROD,2026-04-02 01:00:00+00:00,2026-04-02 02:00:00+00:00,ocid1.vmcluster.oc1.eu-frankfurt-1.antheljtrvfrr5iaj2hikuptdl6xbuuec267chmo2k3iubjw2fhemzbhmksa,DMxS:EU-FRANKFURT-1-AD-2,cl-ba-xedc2-pqvm1,Database,Database Exadata Cloud at Customer - Database OCPU,B91363,30.000312,24.0,
TEST,2026-04-02 01:00:00+00:00,2026-04-02 02:00:00+00:00,ocid1.vmcluster.oc1.eu-frankfurt-1.antheljrrvfrr5iaiakdi5rxfl73notvt6tf6lslsueauptbt2dok4ptucdq,DMxS:EU-FRANKFURT-1-AD-1,cl-ba-xedc1-tqvm3,Database,Database Exadata Cloud at Customer - Database OCPU,B91363,7.500078,6.0,
TEST,2026-04-02 01:00:00+00:00,2026-04-02 02:00:00+00:00,ocid1.vmcluster.oc1.eu-frankfurt-1.antheljtrvfrr5iacz3aicfdxbta4h4bsdrxm45m56i32axkbtxy2ratl4kq,DMxS:EU-FRANKFURT-1-AD-2,cl-ba-xedc2-tqvm3,Database,Database Exadata Cloud at Customer - Database OCPU,B91363,7.500078,6.0,
TEST,2026-04-02 02:00:00+00:00,2026-04-02 03:00:00+00:00,ocid1.vmcluster.oc1.eu-frankfurt-1.antheljtrvfrr5iacz3aicfdxbta4h4bsdrxm45m56i32axkbtxy2ratl4kq,DMxS:EU-FRANKFURT-1-AD-2,cl-ba-xedc2-tqvm3,Database,Database Exadata Cloud at Customer - Database OCPU,B91363,7.500078,6.0,
PROD,2026-04-02 02:00:00+00:00,2026-04-02 03:00:00+00:00,ocid1.vmcluster.oc1.eu-frankfurt-1.antheljtrvfrr5iaj2hikuptdl6xbuuec267chmo2k3iubjw2fhemzbhmksa,DMxS:EU-FRANKFURT-1-AD-2,cl-ba-xedc2-pqvm1,Database,Database Exadata Cloud at Customer - Database OCPU,B91363,30.000312,24.0,
PROD,2026-04-02 02:00:00+00:00,2026-04-02 03:00:00+00:00,ocid1.vmcluster.oc1.eu-frankfurt-1.antheljrrvfrr5iawj32h5gbrsj4yjuv7y65xtmdwewxqhedhfolqmkknbha,DMxS:EU-FRANKFURT-1-AD-1,cl-ba-xedc1-pqvm1,Database,Database Exadata Cloud at Customer - Database OCPU,B91363,47.500494,37.999999999999,
TEST,2026-04-02 02:00:00+00:00,2026-04-02 03:00:00+00:00,ocid1.vmcluster.oc1.eu-frankfurt-1.antheljrrvfrr5iaiakdi5rxfl73notvt6tf6lslsueauptbt2dok4ptucdq,DMxS:EU-FRANKFURT-1-AD-1,cl-ba-xedc1-tqvm3,Database,Database Exadata Cloud at Customer - Database OCPU,B91363,7.500078,6.0,
TEST,2026-04-02 03:00:00+00:00,2026-04-02 04:00:00+00:00,ocid1.vmcluster.oc1.eu-frankfurt-1.antheljtrvfrr5iacz3aicfdxbta4h4bsdrxm45m56i32axkbtxy2ratl4kq,DMxS:EU-FRANKFURT-1-AD-2,cl-ba-xedc2-tqvm3,Database,Database Exadata Cloud at Customer - Database OCPU,B91363,7.500078,6.0,
PROD,2026-04-02 03:00:00+00:00,2026-04-02 04:00:00+00:00,ocid1.vmcluster.oc1.eu-frankfurt-1.antheljrrvfrr5iawj32h5gbrsj4yjuv7y65xtmdwewxqhedhfolqmkknbha,DMxS:EU-FRANKFURT-1-AD-1,cl-ba-xedc1-pqvm1,Database,Database Exadata Cloud at Customer - Database OCPU,B91363,47.500494,38.0,
PROD,2026-04-02 03:00:00+00:00,2026-04-02 04:00:00+00:00,ocid1.vmcluster.oc1.eu-frankfurt-1.antheljtrvfrr5iaj2hikuptdl6xbuuec267chmo2k3iubjw2fhemzbhmksa,DMxS:EU-FRANKFURT-1-AD-2,cl-ba-xedc2-pqvm1,Database,Database Exadata Cloud at Customer - Database OCPU,B91363,30.000312,24.0,
TEST,2026-04-02 03:00:00+00:00,2026-04-02 04:00:00+00:00,ocid1.vmcluster.oc1.eu-frankfurt-1.antheljrrvfrr5iaiakdi5rxfl73notvt6tf6lslsueauptbt2dok4ptucdq,DMxS:EU-FRANKFURT-1-AD-1,cl-ba-xedc1-tqvm3,Database,Database Exadata Cloud at Customer - Database OCPU,B91363,7.500078,6.0,
TEST,2026-04-02 04:00:00+00:00,2026-04-02 05:00:00+00:00,ocid1.vmcluster.oc1.eu-frankfurt-1.antheljtrvfrr5iacz3aicfdxbta4h4bsdrxm45m56i32axkbtxy2ratl4kq,DMxS:EU-FRANKFURT-1-AD-2,cl-ba-xedc2-tqvm3,Database,Database Exadata Cloud at Customer - Database OCPU,B91363,7.500078,6.0,
PROD,2026-04-02 04:00:00+00:00,2026-04-02 05:00:00+00:00,ocid1.vmcluster.oc1.eu-frankfurt-1.antheljtrvfrr5iaj2hikuptdl6xbuuec267chmo2k3iubjw2fhemzbhmksa,DMxS:EU-FRANKFURT-1-AD-2,cl-ba-xedc2-pqvm1,Database,Database Exadata Cloud at Customer - Database OCPU,B91363,30.000312,24.0,
TEST,2026-04-02 04:00:00+00:00,2026-04-02 05:00:00+00:00,ocid1.vmcluster.oc1.eu-frankfurt-1.antheljrrvfrr5iaiakdi5rxfl73notvt6tf6lslsueauptbt2dok4ptucdq,DMxS:EU-FRANKFURT-1-AD-1,cl-ba-xedc1-tqvm3,Database,Database Exadata Cloud at Customer - Database OCPU,B91363,7.500078,6.0,
PROD,2026-04-02 04:00:00+00:00,2026-04-02 05:00:00+00:00,ocid1.vmcluster.oc1.eu-frankfurt-1.antheljrrvfrr5iawj32h5gbrsj4yjuv7y65xtmdwewxqhedhfolqmkknbha,DMxS:EU-FRANKFURT-1-AD-1,cl-ba-xedc1-pqvm1,Database,Database Exadata Cloud at Customer - Database OCPU,B91363,47.500493999999,37.999999999999,
TEST,2026-04-02 05:00:00+00:00,2026-04-02 06:00:00+00:00,ocid1.vmcluster.oc1.eu-frankfurt-1.antheljrrvfrr5iaiakdi5rxfl73notvt6tf6lslsueauptbt2dok4ptucdq,DMxS:EU-FRANKFURT-1-AD-1,cl-ba-xedc1-tqvm3,Database,Database Exadata Cloud at Customer - Database OCPU,B91363,7.500078,6.0,
PROD,2026-04-02 05:00:00+00:00,2026-04-02 06:00:00+00:00,ocid1.vmcluster.oc1.eu-frankfurt-1.antheljtrvfrr5iaj2hikuptdl6xbuuec267chmo2k3iubjw2fhemzbhmksa,DMxS:EU-FRANKFURT-1-AD-2,cl-ba-xedc2-pqvm1,Database,Database Exadata Cloud at Customer - Database OCPU,B91363,30.000312,24.0,
TEST,2026-04-02 05:00:00+00:00,2026-04-02 06:00:00+00:00,ocid1.vmcluster.oc1.eu-frankfurt-1.antheljtrvfrr5iacz3aicfdxbta4h4bsdrxm45m56i32axkbtxy2ratl4kq,DMxS:EU-FRANKFURT-1-AD-2,cl-ba-xedc2-tqvm3,Database,Database Exadata Cloud at Customer - Database OCPU,B91363,7.500078,6.0,
PROD,2026-04-02 05:00:00+00:00,2026-04-02 06:00:00+00:00,ocid1.vmcluster.oc1.eu-frankfurt-1.antheljrrvfrr5iawj32h5gbrsj4yjuv7y65xtmdwewxqhedhfolqmkknbha,DMxS:EU-FRANKFURT-1-AD-1,cl-ba-xedc1-pqvm1,Database,Database Exadata Cloud at Customer - Database OCPU,B91363,47.500494,37.999999999999,
TEST,2026-04-02 06:00:00+00:00,2026-04-02 07:00:00+00:00,ocid1.vmcluster.oc1.eu-frankfurt-1.antheljrrvfrr5iaiakdi5rxfl73notvt6tf6lslsueauptbt2dok4ptucdq,DMxS:EU-FRANKFURT-1-AD-1,cl-ba-xedc1-tqvm3,Database,Database Exadata Cloud at Customer - Database OCPU,B91363,7.500078,6.0,
TEST,2026-04-02 06:00:00+00:00,2026-04-02 07:00:00+00:00,ocid1.vmcluster.oc1.eu-frankfurt-1.antheljtrvfrr5iacz3aicfdxbta4h4bsdrxm45m56i32axkbtxy2ratl4kq,DMxS:EU-FRANKFURT-1-AD-2,cl-ba-xedc2-tqvm3,Database,Database Exadata Cloud at Customer - Database OCPU,B91363,7.500078,6.0,
PROD,2026-04-02 06:00:00+00:00,2026-04-02 07:00:00+00:00,ocid1.vmcluster.oc1.eu-frankfurt-1.antheljtrvfrr5iaj2hikuptdl6xbuuec267chmo2k3iubjw2fhemzbhmksa,DMxS:EU-FRANKFURT-1-AD-2,cl-ba-xedc2-pqvm1,Database,Database Exadata Cloud at Customer - Database OCPU,B91363,30.000312,24.0,
PROD,2026-04-02 06:00:00+00:00,2026-04-02 07:00:00+00:00,ocid1.vmcluster.oc1.eu-frankfurt-1.antheljrrvfrr5iawj32h5gbrsj4yjuv7y65xtmdwewxqhedhfolqmkknbha,DMxS:EU-FRANKFURT-1-AD-1,cl-ba-xedc1-pqvm1,Database,Database Exadata Cloud at Customer - Database OCPU,B91363,47.500493999999,37.999999999999,
TEST,2026-04-02 07:00:00+00:00,2026-04-02 08:00:00+00:00,ocid1.vmcluster.oc1.eu-frankfurt-1.antheljtrvfrr5iacz3aicfdxbta4h4bsdrxm45m56i32axkbtxy2ratl4kq,DMxS:EU-FRANKFURT-1-AD-2,cl-ba-xedc2-tqvm3,Database,Database Exadata Cloud at Customer - Database OCPU,B91363,7.500078,6.0,
PROD,2026-04-02 07:00:00+00:00,2026-04-02 08:00:00+00:00,ocid1.vmcluster.oc1.eu-frankfurt-1.antheljtrvfrr5iaj2hikuptdl6xbuuec267chmo2k3iubjw2fhemzbhmksa,DMxS:EU-FRANKFURT-1-AD-2,cl-ba-xedc2-pqvm1,Database,Database Exadata Cloud at Customer - Database OCPU,B91363,30.000312,24.0,
TEST,2026-04-02 07:00:00+00:00,2026-04-02 08:00:00+00:00,ocid1.vmcluster.oc1.eu-frankfurt-1.antheljrrvfrr5iaiakdi5rxfl73notvt6tf6lslsueauptbt2dok4ptucdq,DMxS:EU-FRANKFURT-1-AD-1,cl-ba-xedc1-tqvm3,Database,Database Exadata Cloud at Customer - Database OCPU,B91363,7.500078,6.0,
PROD,2026-04-02 07:00:00+00:00,2026-04-02 08:00:00+00:00,ocid1.vmcluster.oc1.eu-frankfurt-1.antheljrrvfrr5iawj32h5gbrsj4yjuv7y65xtmdwewxqhedhfolqmkknbha,DMxS:EU-FRANKFURT-1-AD-1,cl-ba-xedc1-pqvm1,Database,Database Exadata Cloud at Customer - Database OCPU,B91363,47.500493999998,37.999999999998,
TEST,2026-04-02 08:00:00+00:00,2026-04-02 09:00:00+00:00,ocid1.vmcluster.oc1.eu-frankfurt-1.antheljrrvfrr5iaiakdi5rxfl73notvt6tf6lslsueauptbt2dok4ptucdq,DMxS:EU-FRANKFURT-1-AD-1,cl-ba-xedc1-tqvm3,Database,Database Exadata Cloud at Customer - Database OCPU,B91363,7.500078,6.0,
PROD,2026-04-02 08:00:00+00:00,2026-04-02 09:00:00+00:00,ocid1.vmcluster.oc1.eu-frankfurt-1.antheljrrvfrr5iawj32h5gbrsj4yjuv7y65xtmdwewxqhedhfolqmkknbha,DMxS:EU-FRANKFURT-1-AD-1,cl-ba-xedc1-pqvm1,Database,Database Exadata Cloud at Customer - Database OCPU,B91363,47.500493999999,37.999999999999,
TEST,2026-04-02 08:00:00+00:00,2026-04-02 09:00:00+00:00,ocid1.vmcluster.oc1.eu-frankfurt-1.antheljtrvfrr5iacz3aicfdxbta4h4bsdrxm45m56i32axkbtxy2ratl4kq,DMxS:EU-FRANKFURT-1-AD-2,cl-ba-xedc2-tqvm3,Database,Database Exadata Cloud at Customer - Database OCPU,B91363,7.500078,6.0,
PROD,2026-04-02 08:00:00+00:00,2026-04-02 09:00:00+00:00,ocid1.vmcluster.oc1.eu-frankfurt-1.antheljtrvfrr5iaj2hikuptdl6xbuuec267chmo2k3iubjw2fhemzbhmksa,DMxS:EU-FRANKFURT-1-AD-2,cl-ba-xedc2-pqvm1,Database,Database Exadata Cloud at Customer - Database OCPU,B91363,30.000312,24.0,
PROD,2026-04-02 09:00:00+00:00,2026-04-02 10:00:00+00:00,ocid1.vmcluster.oc1.eu-frankfurt-1.antheljtrvfrr5iaj2hikuptdl6xbuuec267chmo2k3iubjw2fhemzbhmksa,DMxS:EU-FRANKFURT-1-AD-2,cl-ba-xedc2-pqvm1,Database,Database Exadata Cloud at Customer - Database OCPU,B91363,30.000312,24.0,
TEST,2026-04-02 09:00:00+00:00,2026-04-02 10:00:00+00:00,ocid1.vmcluster.oc1.eu-frankfurt-1.antheljrrvfrr5iaiakdi5rxfl73notvt6tf6lslsueauptbt2dok4ptucdq,DMxS:EU-FRANKFURT-1-AD-1,cl-ba-xedc1-tqvm3,Database,Database Exadata Cloud at Customer - Database OCPU,B91363,7.500078,6.0,
TEST,2026-04-02 09:00:00+00:00,2026-04-02 10:00:00+00:00,ocid1.vmcluster.oc1.eu-frankfurt-1.antheljtrvfrr5iacz3aicfdxbta4h4bsdrxm45m56i32axkbtxy2ratl4kq,DMxS:EU-FRANKFURT-1-AD-2,cl-ba-xedc2-tqvm3,Database,Database Exadata Cloud at Customer - Database OCPU,B91363,7.500078,6.0,
PROD,2026-04-02 09:00:00+00:00,2026-04-02 10:00:00+00:00,ocid1.vmcluster.oc1.eu-frankfurt-1.antheljrrvfrr5iawj32h5gbrsj4yjuv7y65xtmdwewxqhedhfolqmkknbha,DMxS:EU-FRANKFURT-1-AD-1,cl-ba-xedc1-pqvm1,Database,Database Exadata Cloud at Customer - Database OCPU,B91363,47.500493999999,37.999999999999,
PROD,2026-04-02 10:00:00+00:00,2026-04-02 11:00:00+00:00,ocid1.vmcluster.oc1.eu-frankfurt-1.antheljtrvfrr5iaj2hikuptdl6xbuuec267chmo2k3iubjw2fhemzbhmksa,DMxS:EU-FRANKFURT-1-AD-2,cl-ba-xedc2-pqvm1,Database,Database Exadata Cloud at Customer - Database OCPU,B91363,30.000312,24.0,
TEST,2026-04-02 10:00:00+00:00,2026-04-02 11:00:00+00:00,ocid1.vmcluster.oc1.eu-frankfurt-1.antheljtrvfrr5iacz3aicfdxbta4h4bsdrxm45m56i32axkbtxy2ratl4kq,DMxS:EU-FRANKFURT-1-AD-2,cl-ba-xedc2-tqvm3,Database,Database Exadata Cloud at Customer - Database OCPU,B91363,7.500078,6.0,
PROD,2026-04-02 10:00:00+00:00,2026-04-02 11:00:00+00:00,ocid1.vmcluster.oc1.eu-frankfurt-1.antheljrrvfrr5iawj32h5gbrsj4yjuv7y65xtmdwewxqhedhfolqmkknbha,DMxS:EU-FRANKFURT-1-AD-1,cl-ba-xedc1-pqvm1,Database,Database Exadata Cloud at Customer - Database OCPU,B91363,47.500493999999,37.999999999999,
TEST,2026-04-02 10:00:00+00:00,2026-04-02 11:00:00+00:00,ocid1.vmcluster.oc1.eu-frankfurt-1.antheljrrvfrr5iaiakdi5rxfl73notvt6tf6lslsueauptbt2dok4ptucdq,DMxS:EU-FRANKFURT-1-AD-1,cl-ba-xedc1-tqvm3,Database,Database Exadata Cloud at Customer - Database OCPU,B91363,7.500078,6.0,
TEST,2026-04-02 11:00:00+00:00,2026-04-02 12:00:00+00:00,ocid1.vmcluster.oc1.eu-frankfurt-1.antheljtrvfrr5iacz3aicfdxbta4h4bsdrxm45m56i32axkbtxy2ratl4kq,DMxS:EU-FRANKFURT-1-AD-2,cl-ba-xedc2-tqvm3,Database,Database Exadata Cloud at Customer - Database OCPU,B91363,7.500078,6.0,
PROD,2026-04-02 11:00:00+00:00,2026-04-02 12:00:00+00:00,ocid1.vmcluster.oc1.eu-frankfurt-1.antheljtrvfrr5iaj2hikuptdl6xbuuec267chmo2k3iubjw2fhemzbhmksa,DMxS:EU-FRANKFURT-1-AD-2,cl-ba-xedc2-pqvm1,Database,Database Exadata Cloud at Customer - Database OCPU,B91363,30.000312,24.0,
PROD,2026-04-02 11:00:00+00:00,2026-04-02 12:00:00+00:00,ocid1.vmcluster.oc1.eu-frankfurt-1.antheljrrvfrr5iawj32h5gbrsj4yjuv7y65xtmdwewxqhedhfolqmkknbha,DMxS:EU-FRANKFURT-1-AD-1,cl-ba-xedc1-pqvm1,Database,Database Exadata Cloud at Customer - Database OCPU,B91363,47.500493999999,37.999999999999,
TEST,2026-04-02 11:00:00+00:00,2026-04-02 12:00:00+00:00,ocid1.vmcluster.oc1.eu-frankfurt-1.antheljrrvfrr5iaiakdi5rxfl73notvt6tf6lslsueauptbt2dok4ptucdq,DMxS:EU-FRANKFURT-1-AD-1,cl-ba-xedc1-tqvm3,Database,Database Exadata Cloud at Customer - Database OCPU,B91363,7.500078,6.0,
PROD,2026-04-02 12:00:00+00:00,2026-04-02 13:00:00+00:00,ocid1.vmcluster.oc1.eu-frankfurt-1.antheljtrvfrr5iaj2hikuptdl6xbuuec267chmo2k3iubjw2fhemzbhmksa,DMxS:EU-FRANKFURT-1-AD-2,cl-ba-xedc2-pqvm1,Database,Database Exadata Cloud at Customer - Database OCPU,B91363,30.000312,24.0,
TEST,2026-04-02 12:00:00+00:00,2026-04-02 13:00:00+00:00,ocid1.vmcluster.oc1.eu-frankfurt-1.antheljtrvfrr5iacz3aicfdxbta4h4bsdrxm45m56i32axkbtxy2ratl4kq,DMxS:EU-FRANKFURT-1-AD-2,cl-ba-xedc2-tqvm3,Database,Database Exadata Cloud at Customer - Database OCPU,B91363,7.500078,6.0,
TEST,2026-04-02 12:00:00+00:00,2026-04-02 13:00:00+00:00,ocid1.vmcluster.oc1.eu-frankfurt-1.antheljrrvfrr5iaiakdi5rxfl73notvt6tf6lslsueauptbt2dok4ptucdq,DMxS:EU-FRANKFURT-1-AD-1,cl-ba-xedc1-tqvm3,Database,Database Exadata Cloud at Customer - Database OCPU,B91363,7.500078,6.0,
PROD,2026-04-02 12:00:00+00:00,2026-04-02 13:00:00+00:00,ocid1.vmcluster.oc1.eu-frankfurt-1.antheljrrvfrr5iawj32h5gbrsj4yjuv7y65xtmdwewxqhedhfolqmkknbha,DMxS:EU-FRANKFURT-1-AD-1,cl-ba-xedc1-pqvm1,Database,Database Exadata Cloud at Customer - Database OCPU,B91363,47.500493999997,37.999999999998,
PROD,2026-04-02 13:00:00+00:00,2026-04-02 14:00:00+00:00,ocid1.vmcluster.oc1.eu-frankfurt-1.antheljrrvfrr5iawj32h5gbrsj4yjuv7y65xtmdwewxqhedhfolqmkknbha,DMxS:EU-FRANKFURT-1-AD-1,cl-ba-xedc1-pqvm1,Database,Database Exadata Cloud at Customer - Database OCPU,B91363,47.500493999999,37.999999999999,
TEST,2026-04-02 13:00:00+00:00,2026-04-02 14:00:00+00:00,ocid1.vmcluster.oc1.eu-frankfurt-1.antheljrrvfrr5iaiakdi5rxfl73notvt6tf6lslsueauptbt2dok4ptucdq,DMxS:EU-FRANKFURT-1-AD-1,cl-ba-xedc1-tqvm3,Database,Database Exadata Cloud at Customer - Database OCPU,B91363,7.500078,6.0,
TEST,2026-04-02 13:00:00+00:00,2026-04-02 14:00:00+00:00,ocid1.vmcluster.oc1.eu-frankfurt-1.antheljtrvfrr5iacz3aicfdxbta4h4bsdrxm45m56i32axkbtxy2ratl4kq,DMxS:EU-FRANKFURT-1-AD-2,cl-ba-xedc2-tqvm3,Database,Database Exadata Cloud at Customer - Database OCPU,B91363,7.500078,6.0,
PROD,2026-04-02 13:00:00+00:00,2026-04-02 14:00:00+00:00,ocid1.vmcluster.oc1.eu-frankfurt-1.antheljtrvfrr5iaj2hikuptdl6xbuuec267chmo2k3iubjw2fhemzbhmksa,DMxS:EU-FRANKFURT-1-AD-2,cl-ba-xedc2-pqvm1,Database,Database Exadata Cloud at Customer - Database OCPU,B91363,30.000312,24.0,
PROD,2026-04-02 14:00:00+00:00,2026-04-02 15:00:00+00:00,ocid1.vmcluster.oc1.eu-frankfurt-1.antheljrrvfrr5iawj32h5gbrsj4yjuv7y65xtmdwewxqhedhfolqmkknbha,DMxS:EU-FRANKFURT-1-AD-1,cl-ba-xedc1-pqvm1,Database,Database Exadata Cloud at Customer - Database OCPU,B91363,47.500494,37.999999999999,
TEST,2026-04-02 14:00:00+00:00,2026-04-02 15:00:00+00:00,ocid1.vmcluster.oc1.eu-frankfurt-1.antheljrrvfrr5iaiakdi5rxfl73notvt6tf6lslsueauptbt2dok4ptucdq,DMxS:EU-FRANKFURT-1-AD-1,cl-ba-xedc1-tqvm3,Database,Database Exadata Cloud at Customer - Database OCPU,B91363,7.500078,6.0,
TEST,2026-04-02 14:00:00+00:00,2026-04-02 15:00:00+00:00,ocid1.vmcluster.oc1.eu-frankfurt-1.antheljtrvfrr5iacz3aicfdxbta4h4bsdrxm45m56i32axkbtxy2ratl4kq,DMxS:EU-FRANKFURT-1-AD-2,cl-ba-xedc2-tqvm3,Database,Database Exadata Cloud at Customer - Database OCPU,B91363,7.500078,6.0,
PROD,2026-04-02 14:00:00+00:00,2026-04-02 15:00:00+00:00,ocid1.vmcluster.oc1.eu-frankfurt-1.antheljtrvfrr5iaj2hikuptdl6xbuuec267chmo2k3iubjw2fhemzbhmksa,DMxS:EU-FRANKFURT-1-AD-2,cl-ba-xedc2-pqvm1,Database,Database Exadata Cloud at Customer - Database OCPU,B91363,30.000312,24.0,
TEST,2026-04-02 15:00:00+00:00,2026-04-02 16:00:00+00:00,ocid1.vmcluster.oc1.eu-frankfurt-1.antheljtrvfrr5iacz3aicfdxbta4h4bsdrxm45m56i32axkbtxy2ratl4kq,DMxS:EU-FRANKFURT-1-AD-2,cl-ba-xedc2-tqvm3,Database,Database Exadata Cloud at Customer - Database OCPU,B91363,7.500078,6.0,
PROD,2026-04-02 15:00:00+00:00,2026-04-02 16:00:00+00:00,ocid1.vmcluster.oc1.eu-frankfurt-1.antheljtrvfrr5iaj2hikuptdl6xbuuec267chmo2k3iubjw2fhemzbhmksa,DMxS:EU-FRANKFURT-1-AD-2,cl-ba-xedc2-pqvm1,Database,Database Exadata Cloud at Customer - Database OCPU,B91363,30.000312,24.0,
TEST,2026-04-02 15:00:00+00:00,2026-04-02 16:00:00+00:00,ocid1.vmcluster.oc1.eu-frankfurt-1.antheljrrvfrr5iaiakdi5rxfl73notvt6tf6lslsueauptbt2dok4ptucdq,DMxS:EU-FRANKFURT-1-AD-1,cl-ba-xedc1-tqvm3,Database,Database Exadata Cloud at Customer - Database OCPU,B91363,7.500078,6.0,
PROD,2026-04-02 15:00:00+00:00,2026-04-02 16:00:00+00:00,ocid1.vmcluster.oc1.eu-frankfurt-1.antheljrrvfrr5iawj32h5gbrsj4yjuv7y65xtmdwewxqhedhfolqmkknbha,DMxS:EU-FRANKFURT-1-AD-1,cl-ba-xedc1-pqvm1,Database,Database Exadata Cloud at Customer - Database OCPU,B91363,47.500493999997,37.999999999998,
PROD,2026-04-02 16:00:00+00:00,2026-04-02 17:00:00+00:00,ocid1.vmcluster.oc1.eu-frankfurt-1.antheljrrvfrr5iawj32h5gbrsj4yjuv7y65xtmdwewxqhedhfolqmkknbha,DMxS:EU-FRANKFURT-1-AD-1,cl-ba-xedc1-pqvm1,Database,Database Exadata Cloud at Customer - Database OCPU,B91363,47.500493999998,37.999999999998,
PROD,2026-04-02 16:00:00+00:00,2026-04-02 17:00:00+00:00,ocid1.vmcluster.oc1.eu-frankfurt-1.antheljtrvfrr5iaj2hikuptdl6xbuuec267chmo2k3iubjw2fhemzbhmksa,DMxS:EU-FRANKFURT-1-AD-2,cl-ba-xedc2-pqvm1,Database,Database Exadata Cloud at Customer - Database OCPU,B91363,30.000312,24.0,
TEST,2026-04-02 16:00:00+00:00,2026-04-02 17:00:00+00:00,ocid1.vmcluster.oc1.eu-frankfurt-1.antheljrrvfrr5iaiakdi5rxfl73notvt6tf6lslsueauptbt2dok4ptucdq,DMxS:EU-FRANKFURT-1-AD-1,cl-ba-xedc1-tqvm3,Database,Database Exadata Cloud at Customer - Database OCPU,B91363,7.500078,6.0,
TEST,2026-04-02 16:00:00+00:00,2026-04-02 17:00:00+00:00,ocid1.vmcluster.oc1.eu-frankfurt-1.antheljtrvfrr5iacz3aicfdxbta4h4bsdrxm45m56i32axkbtxy2ratl4kq,DMxS:EU-FRANKFURT-1-AD-2,cl-ba-xedc2-tqvm3,Database,Database Exadata Cloud at Customer - Database OCPU,B91363,7.500078,6.0,
PROD,2026-04-02 17:00:00+00:00,2026-04-02 18:00:00+00:00,ocid1.vmcluster.oc1.eu-frankfurt-1.antheljrrvfrr5iawj32h5gbrsj4yjuv7y65xtmdwewxqhedhfolqmkknbha,DMxS:EU-FRANKFURT-1-AD-1,cl-ba-xedc1-pqvm1,Database,Database Exadata Cloud at Customer - Database OCPU,B91363,47.500493999999,37.999999999999,
TEST,2026-04-02 17:00:00+00:00,2026-04-02 18:00:00+00:00,ocid1.vmcluster.oc1.eu-frankfurt-1.antheljtrvfrr5iacz3aicfdxbta4h4bsdrxm45m56i32axkbtxy2ratl4kq,DMxS:EU-FRANKFURT-1-AD-2,cl-ba-xedc2-tqvm3,Database,Database Exadata Cloud at Customer - Database OCPU,B91363,7.500078,6.0,
PROD,2026-04-02 17:00:00+00:00,2026-04-02 18:00:00+00:00,ocid1.vmcluster.oc1.eu-frankfurt-1.antheljtrvfrr5iaj2hikuptdl6xbuuec267chmo2k3iubjw2fhemzbhmksa,DMxS:EU-FRANKFURT-1-AD-2,cl-ba-xedc2-pqvm1,Database,Database Exadata Cloud at Customer - Database OCPU,B91363,30.000312,24.0,
TEST,2026-04-02 17:00:00+00:00,2026-04-02 18:00:00+00:00,ocid1.vmcluster.oc1.eu-frankfurt-1.antheljrrvfrr5iaiakdi5rxfl73notvt6tf6lslsueauptbt2dok4ptucdq,DMxS:EU-FRANKFURT-1-AD-1,cl-ba-xedc1-tqvm3,Database,Database Exadata Cloud at Customer - Database OCPU,B91363,7.500078,6.0,
PROD,2026-04-02 18:00:00+00:00,2026-04-02 19:00:00+00:00,ocid1.vmcluster.oc1.eu-frankfurt-1.antheljrrvfrr5iawj32h5gbrsj4yjuv7y65xtmdwewxqhedhfolqmkknbha,DMxS:EU-FRANKFURT-1-AD-1,cl-ba-xedc1-pqvm1,Database,Database Exadata Cloud at Customer - Database OCPU,B91363,47.500493999999,37.999999999999,
PROD,2026-04-02 18:00:00+00:00,2026-04-02 19:00:00+00:00,ocid1.vmcluster.oc1.eu-frankfurt-1.antheljtrvfrr5iaj2hikuptdl6xbuuec267chmo2k3iubjw2fhemzbhmksa,DMxS:EU-FRANKFURT-1-AD-2,cl-ba-xedc2-pqvm1,Database,Database Exadata Cloud at Customer - Database OCPU,B91363,30.000312,24.0,
TEST,2026-04-02 18:00:00+00:00,2026-04-02 19:00:00+00:00,ocid1.vmcluster.oc1.eu-frankfurt-1.antheljrrvfrr5iaiakdi5rxfl73notvt6tf6lslsueauptbt2dok4ptucdq,DMxS:EU-FRANKFURT-1-AD-1,cl-ba-xedc1-tqvm3,Database,Database Exadata Cloud at Customer - Database OCPU,B91363,7.500078,6.0,
TEST,2026-04-02 18:00:00+00:00,2026-04-02 19:00:00+00:00,ocid1.vmcluster.oc1.eu-frankfurt-1.antheljtrvfrr5iacz3aicfdxbta4h4bsdrxm45m56i32axkbtxy2ratl4kq,DMxS:EU-FRANKFURT-1-AD-2,cl-ba-xedc2-tqvm3,Database,Database Exadata Cloud at Customer - Database OCPU,B91363,7.500078,6.0,
TEST,2026-04-02 19:00:00+00:00,2026-04-02 20:00:00+00:00,ocid1.vmcluster.oc1.eu-frankfurt-1.antheljrrvfrr5iaiakdi5rxfl73notvt6tf6lslsueauptbt2dok4ptucdq,DMxS:EU-FRANKFURT-1-AD-1,cl-ba-xedc1-tqvm3,Database,Database Exadata Cloud at Customer - Database OCPU,B91363,7.500078,6.0,
TEST,2026-04-02 19:00:00+00:00,2026-04-02 20:00:00+00:00,ocid1.vmcluster.oc1.eu-frankfurt-1.antheljtrvfrr5iacz3aicfdxbta4h4bsdrxm45m56i32axkbtxy2ratl4kq,DMxS:EU-FRANKFURT-1-AD-2,cl-ba-xedc2-tqvm3,Database,Database Exadata Cloud at Customer - Database OCPU,B91363,7.500078,6.0,
PROD,2026-04-02 19:00:00+00:00,2026-04-02 20:00:00+00:00,ocid1.vmcluster.oc1.eu-frankfurt-1.antheljtrvfrr5iaj2hikuptdl6xbuuec267chmo2k3iubjw2fhemzbhmksa,DMxS:EU-FRANKFURT-1-AD-2,cl-ba-xedc2-pqvm1,Database,Database Exadata Cloud at Customer - Database OCPU,B91363,30.000312,24.0,
PROD,2026-04-02 19:00:00+00:00,2026-04-02 20:00:00+00:00,ocid1.vmcluster.oc1.eu-frankfurt-1.antheljrrvfrr5iawj32h5gbrsj4yjuv7y65xtmdwewxqhedhfolqmkknbha,DMxS:EU-FRANKFURT-1-AD-1,cl-ba-xedc1-pqvm1,Database,Database Exadata Cloud at Customer - Database OCPU,B91363,47.500493999999,37.999999999999,
PROD,2026-04-02 20:00:00+00:00,2026-04-02 21:00:00+00:00,ocid1.vmcluster.oc1.eu-frankfurt-1.antheljrrvfrr5iawj32h5gbrsj4yjuv7y65xtmdwewxqhedhfolqmkknbha,DMxS:EU-FRANKFURT-1-AD-1,cl-ba-xedc1-pqvm1,Database,Database Exadata Cloud at Customer - Database OCPU,B91363,47.500493999999,37.999999999999,
PROD,2026-04-02 20:00:00+00:00,2026-04-02 21:00:00+00:00,ocid1.vmcluster.oc1.eu-frankfurt-1.antheljtrvfrr5iaj2hikuptdl6xbuuec267chmo2k3iubjw2fhemzbhmksa,DMxS:EU-FRANKFURT-1-AD-2,cl-ba-xedc2-pqvm1,Database,Database Exadata Cloud at Customer - Database OCPU,B91363,30.000312,24.0,
TEST,2026-04-02 20:00:00+00:00,2026-04-02 21:00:00+00:00,ocid1.vmcluster.oc1.eu-frankfurt-1.antheljrrvfrr5iaiakdi5rxfl73notvt6tf6lslsueauptbt2dok4ptucdq,DMxS:EU-FRANKFURT-1-AD-1,cl-ba-xedc1-tqvm3,Database,Database Exadata Cloud at Customer - Database OCPU,B91363,7.500078,6.0,
TEST,2026-04-02 20:00:00+00:00,2026-04-02 21:00:00+00:00,ocid1.vmcluster.oc1.eu-frankfurt-1.antheljtrvfrr5iacz3aicfdxbta4h4bsdrxm45m56i32axkbtxy2ratl4kq,DMxS:EU-FRANKFURT-1-AD-2,cl-ba-xedc2-tqvm3,Database,Database Exadata Cloud at Customer - Database OCPU,B91363,7.500078,6.0,
TEST,2026-04-02 21:00:00+00:00,2026-04-02 22:00:00+00:00,ocid1.vmcluster.oc1.eu-frankfurt-1.antheljtrvfrr5iacz3aicfdxbta4h4bsdrxm45m56i32axkbtxy2ratl4kq,DMxS:EU-FRANKFURT-1-AD-2,cl-ba-xedc2-tqvm3,Database,Database Exadata Cloud at Customer - Database OCPU,B91363,7.500078,6.0,
PROD,2026-04-02 21:00:00+00:00,2026-04-02 22:00:00+00:00,ocid1.vmcluster.oc1.eu-frankfurt-1.antheljtrvfrr5iaj2hikuptdl6xbuuec267chmo2k3iubjw2fhemzbhmksa,DMxS:EU-FRANKFURT-1-AD-2,cl-ba-xedc2-pqvm1,Database,Database Exadata Cloud at Customer - Database OCPU,B91363,30.000312,24.0,
TEST,2026-04-02 21:00:00+00:00,2026-04-02 22:00:00+00:00,ocid1.vmcluster.oc1.eu-frankfurt-1.antheljrrvfrr5iaiakdi5rxfl73notvt6tf6lslsueauptbt2dok4ptucdq,DMxS:EU-FRANKFURT-1-AD-1,cl-ba-xedc1-tqvm3,Database,Database Exadata Cloud at Customer - Database OCPU,B91363,7.500078,6.0,
PROD,2026-04-02 21:00:00+00:00,2026-04-02 22:00:00+00:00,ocid1.vmcluster.oc1.eu-frankfurt-1.antheljrrvfrr5iawj32h5gbrsj4yjuv7y65xtmdwewxqhedhfolqmkknbha,DMxS:EU-FRANKFURT-1-AD-1,cl-ba-xedc1-pqvm1,Database,Database Exadata Cloud at Customer - Database OCPU,B91363,47.500493999999,37.999999999999,
TEST,2026-04-02 22:00:00+00:00,2026-04-02 23:00:00+00:00,ocid1.vmcluster.oc1.eu-frankfurt-1.antheljtrvfrr5iacz3aicfdxbta4h4bsdrxm45m56i32axkbtxy2ratl4kq,DMxS:EU-FRANKFURT-1-AD-2,cl-ba-xedc2-tqvm3,Database,Database Exadata Cloud at Customer - Database OCPU,B91363,7.500078,6.0,
PROD,2026-04-02 22:00:00+00:00,2026-04-02 23:00:00+00:00,ocid1.vmcluster.oc1.eu-frankfurt-1.antheljrrvfrr5iawj32h5gbrsj4yjuv7y65xtmdwewxqhedhfolqmkknbha,DMxS:EU-FRANKFURT-1-AD-1,cl-ba-xedc1-pqvm1,Database,Database Exadata Cloud at Customer - Database OCPU,B91363,47.500493999997,37.999999999998,
TEST,2026-04-02 22:00:00+00:00,2026-04-02 23:00:00+00:00,ocid1.vmcluster.oc1.eu-frankfurt-1.antheljrrvfrr5iaiakdi5rxfl73notvt6tf6lslsueauptbt2dok4ptucdq,DMxS:EU-FRANKFURT-1-AD-1,cl-ba-xedc1-tqvm3,Database,Database Exadata Cloud at Customer - Database OCPU,B91363,7.500078,6.0,
PROD,2026-04-02 22:00:00+00:00,2026-04-02 23:00:00+00:00,ocid1.vmcluster.oc1.eu-frankfurt-1.antheljtrvfrr5iaj2hikuptdl6xbuuec267chmo2k3iubjw2fhemzbhmksa,DMxS:EU-FRANKFURT-1-AD-2,cl-ba-xedc2-pqvm1,Database,Database Exadata Cloud at Customer - Database OCPU,B91363,30.000312,24.0,
PROD,2026-04-02 23:00:00+00:00,2026-04-03 00:00:00+00:00,ocid1.vmcluster.oc1.eu-frankfurt-1.antheljrrvfrr5iawj32h5gbrsj4yjuv7y65xtmdwewxqhedhfolqmkknbha,DMxS:EU-FRANKFURT-1-AD-1,cl-ba-xedc1-pqvm1,Database,Database Exadata Cloud at Customer - Database OCPU,B91363,47.500493999997,37.999999999998,
PROD,2026-04-02 23:00:00+00:00,2026-04-03 00:00:00+00:00,ocid1.vmcluster.oc1.eu-frankfurt-1.antheljtrvfrr5iaj2hikuptdl6xbuuec267chmo2k3iubjw2fhemzbhmksa,DMxS:EU-FRANKFURT-1-AD-2,cl-ba-xedc2-pqvm1,Database,Database Exadata Cloud at Customer - Database OCPU,B91363,30.000312,24.0,
TEST,2026-04-02 23:00:00+00:00,2026-04-03 00:00:00+00:00,ocid1.vmcluster.oc1.eu-frankfurt-1.antheljtrvfrr5iacz3aicfdxbta4h4bsdrxm45m56i32axkbtxy2ratl4kq,DMxS:EU-FRANKFURT-1-AD-2,cl-ba-xedc2-tqvm3,Database,Database Exadata Cloud at Customer - Database OCPU,B91363,7.500078,6.0,
TEST,2026-04-02 23:00:00+00:00,2026-04-03 00:00:00+00:00,ocid1.vmcluster.oc1.eu-frankfurt-1.antheljrrvfrr5iaiakdi5rxfl73notvt6tf6lslsueauptbt2dok4ptucdq,DMxS:EU-FRANKFURT-1-AD-1,cl-ba-xedc1-tqvm3,Database,Database Exadata Cloud at Customer - Database OCPU,B91363,7.500078,6.0,
TEST,2026-04-03 00:00:00+00:00,2026-04-03 01:00:00+00:00,ocid1.vmcluster.oc1.eu-frankfurt-1.antheljtrvfrr5iacz3aicfdxbta4h4bsdrxm45m56i32axkbtxy2ratl4kq,DMxS:EU-FRANKFURT-1-AD-2,cl-ba-xedc2-tqvm3,Database,Database Exadata Cloud at Customer - Database OCPU,B91363,7.500078,6.0,
TEST,2026-04-03 00:00:00+00:00,2026-04-03 01:00:00+00:00,ocid1.vmcluster.oc1.eu-frankfurt-1.antheljrrvfrr5iaiakdi5rxfl73notvt6tf6lslsueauptbt2dok4ptucdq,DMxS:EU-FRANKFURT-1-AD-1,cl-ba-xedc1-tqvm3,Database,Database Exadata Cloud at Customer - Database OCPU,B91363,7.500078,6.0,
PROD,2026-04-03 00:00:00+00:00,2026-04-03 01:00:00+00:00,ocid1.vmcluster.oc1.eu-frankfurt-1.antheljrrvfrr5iawj32h5gbrsj4yjuv7y65xtmdwewxqhedhfolqmkknbha,DMxS:EU-FRANKFURT-1-AD-1,cl-ba-xedc1-pqvm1,Database,Database Exadata Cloud at Customer - Database OCPU,B91363,47.500493999999,37.999999999999,
PROD,2026-04-03 00:00:00+00:00,2026-04-03 01:00:00+00:00,ocid1.vmcluster.oc1.eu-frankfurt-1.antheljtrvfrr5iaj2hikuptdl6xbuuec267chmo2k3iubjw2fhemzbhmksa,DMxS:EU-FRANKFURT-1-AD-2,cl-ba-xedc2-pqvm1,Database,Database Exadata Cloud at Customer - Database OCPU,B91363,30.000312,24.0,
TEST,2026-04-03 01:00:00+00:00,2026-04-03 02:00:00+00:00,ocid1.vmcluster.oc1.eu-frankfurt-1.antheljrrvfrr5iaiakdi5rxfl73notvt6tf6lslsueauptbt2dok4ptucdq,DMxS:EU-FRANKFURT-1-AD-1,cl-ba-xedc1-tqvm3,Database,Database Exadata Cloud at Customer - Database OCPU,B91363,7.500078,6.0,
PROD,2026-04-03 01:00:00+00:00,2026-04-03 02:00:00+00:00,ocid1.vmcluster.oc1.eu-frankfurt-1.antheljrrvfrr5iawj32h5gbrsj4yjuv7y65xtmdwewxqhedhfolqmkknbha,DMxS:EU-FRANKFURT-1-AD-1,cl-ba-xedc1-pqvm1,Database,Database Exadata Cloud at Customer - Database OCPU,B91363,47.500493999999,37.999999999999,
TEST,2026-04-03 01:00:00+00:00,2026-04-03 02:00:00+00:00,ocid1.vmcluster.oc1.eu-frankfurt-1.antheljtrvfrr5iacz3aicfdxbta4h4bsdrxm45m56i32axkbtxy2ratl4kq,DMxS:EU-FRANKFURT-1-AD-2,cl-ba-xedc2-tqvm3,Database,Database Exadata Cloud at Customer - Database OCPU,B91363,7.500078,6.0,
PROD,2026-04-03 01:00:00+00:00,2026-04-03 02:00:00+00:00,ocid1.vmcluster.oc1.eu-frankfurt-1.antheljtrvfrr5iaj2hikuptdl6xbuuec267chmo2k3iubjw2fhemzbhmksa,DMxS:EU-FRANKFURT-1-AD-2,cl-ba-xedc2-pqvm1,Database,Database Exadata Cloud at Customer - Database OCPU,B91363,30.000312,24.0,
TEST,2026-04-03 02:00:00+00:00,2026-04-03 03:00:00+00:00,ocid1.vmcluster.oc1.eu-frankfurt-1.antheljrrvfrr5iaiakdi5rxfl73notvt6tf6lslsueauptbt2dok4ptucdq,DMxS:EU-FRANKFURT-1-AD-1,cl-ba-xedc1-tqvm3,Database,Database Exadata Cloud at Customer - Database OCPU,B91363,7.500078,6.0,
TEST,2026-04-03 02:00:00+00:00,2026-04-03 03:00:00+00:00,ocid1.vmcluster.oc1.eu-frankfurt-1.antheljtrvfrr5iacz3aicfdxbta4h4bsdrxm45m56i32axkbtxy2ratl4kq,DMxS:EU-FRANKFURT-1-AD-2,cl-ba-xedc2-tqvm3,Database,Database Exadata Cloud at Customer - Database OCPU,B91363,7.500078,6.0,
PROD,2026-04-03 02:00:00+00:00,2026-04-03 03:00:00+00:00,ocid1.vmcluster.oc1.eu-frankfurt-1.antheljrrvfrr5iawj32h5gbrsj4yjuv7y65xtmdwewxqhedhfolqmkknbha,DMxS:EU-FRANKFURT-1-AD-1,cl-ba-xedc1-pqvm1,Database,Database Exadata Cloud at Customer - Database OCPU,B91363,47.500493999999,37.999999999999,
PROD,2026-04-03 02:00:00+00:00,2026-04-03 03:00:00+00:00,ocid1.vmcluster.oc1.eu-frankfurt-1.antheljtrvfrr5iaj2hikuptdl6xbuuec267chmo2k3iubjw2fhemzbhmksa,DMxS:EU-FRANKFURT-1-AD-2,cl-ba-xedc2-pqvm1,Database,Database Exadata Cloud at Customer - Database OCPU,B91363,30.000312,24.0,
PROD,2026-04-03 03:00:00+00:00,2026-04-03 04:00:00+00:00,ocid1.vmcluster.oc1.eu-frankfurt-1.antheljrrvfrr5iawj32h5gbrsj4yjuv7y65xtmdwewxqhedhfolqmkknbha,DMxS:EU-FRANKFURT-1-AD-1,cl-ba-xedc1-pqvm1,Database,Database Exadata Cloud at Customer - Database OCPU,B91363,47.500493999998,37.999999999998,
TEST,2026-04-03 03:00:00+00:00,2026-04-03 04:00:00+00:00,ocid1.vmcluster.oc1.eu-frankfurt-1.antheljrrvfrr5iaiakdi5rxfl73notvt6tf6lslsueauptbt2dok4ptucdq,DMxS:EU-FRANKFURT-1-AD-1,cl-ba-xedc1-tqvm3,Database,Database Exadata Cloud at Customer - Database OCPU,B91363,7.500078,6.0,
PROD,2026-04-03 03:00:00+00:00,2026-04-03 04:00:00+00:00,ocid1.vmcluster.oc1.eu-frankfurt-1.antheljtrvfrr5iaj2hikuptdl6xbuuec267chmo2k3iubjw2fhemzbhmksa,DMxS:EU-FRANKFURT-1-AD-2,cl-ba-xedc2-pqvm1,Database,Database Exadata Cloud at Customer - Database OCPU,B91363,30.000312,24.0,
TEST,2026-04-03 03:00:00+00:00,2026-04-03 04:00:00+00:00,ocid1.vmcluster.oc1.eu-frankfurt-1.antheljtrvfrr5iacz3aicfdxbta4h4bsdrxm45m56i32axkbtxy2ratl4kq,DMxS:EU-FRANKFURT-1-AD-2,cl-ba-xedc2-tqvm3,Database,Database Exadata Cloud at Customer - Database OCPU,B91363,7.500078,6.0,
TEST,2026-04-03 04:00:00+00:00,2026-04-03 05:00:00+00:00,ocid1.vmcluster.oc1.eu-frankfurt-1.antheljrrvfrr5iaiakdi5rxfl73notvt6tf6lslsueauptbt2dok4ptucdq,DMxS:EU-FRANKFURT-1-AD-1,cl-ba-xedc1-tqvm3,Database,Database Exadata Cloud at Customer - Database OCPU,B91363,7.500078,6.0,
PROD,2026-04-03 04:00:00+00:00,2026-04-03 05:00:00+00:00,ocid1.vmcluster.oc1.eu-frankfurt-1.antheljtrvfrr5iaj2hikuptdl6xbuuec267chmo2k3iubjw2fhemzbhmksa,DMxS:EU-FRANKFURT-1-AD-2,cl-ba-xedc2-pqvm1,Database,Database Exadata Cloud at Customer - Database OCPU,B91363,30.000312,24.0,
PROD,2026-04-03 04:00:00+00:00,2026-04-03 05:00:00+00:00,ocid1.vmcluster.oc1.eu-frankfurt-1.antheljrrvfrr5iawj32h5gbrsj4yjuv7y65xtmdwewxqhedhfolqmkknbha,DMxS:EU-FRANKFURT-1-AD-1,cl-ba-xedc1-pqvm1,Database,Database Exadata Cloud at Customer - Database OCPU,B91363,47.500493999999,37.999999999999,
TEST,2026-04-03 04:00:00+00:00,2026-04-03 05:00:00+00:00,ocid1.vmcluster.oc1.eu-frankfurt-1.antheljtrvfrr5iacz3aicfdxbta4h4bsdrxm45m56i32axkbtxy2ratl4kq,DMxS:EU-FRANKFURT-1-AD-2,cl-ba-xedc2-tqvm3,Database,Database Exadata Cloud at Customer - Database OCPU,B91363,7.500078,6.0,
PROD,2026-04-03 05:00:00+00:00,2026-04-03 06:00:00+00:00,ocid1.vmcluster.oc1.eu-frankfurt-1.antheljrrvfrr5iawj32h5gbrsj4yjuv7y65xtmdwewxqhedhfolqmkknbha,DMxS:EU-FRANKFURT-1-AD-1,cl-ba-xedc1-pqvm1,Database,Database Exadata Cloud at Customer - Database OCPU,B91363,47.500493999999,37.999999999999,
TEST,2026-04-03 05:00:00+00:00,2026-04-03 06:00:00+00:00,ocid1.vmcluster.oc1.eu-frankfurt-1.antheljrrvfrr5iaiakdi5rxfl73notvt6tf6lslsueauptbt2dok4ptucdq,DMxS:EU-FRANKFURT-1-AD-1,cl-ba-xedc1-tqvm3,Database,Database Exadata Cloud at Customer - Database OCPU,B91363,7.500078,6.0,
PROD,2026-04-03 05:00:00+00:00,2026-04-03 06:00:00+00:00,ocid1.vmcluster.oc1.eu-frankfurt-1.antheljtrvfrr5iaj2hikuptdl6xbuuec267chmo2k3iubjw2fhemzbhmksa,DMxS:EU-FRANKFURT-1-AD-2,cl-ba-xedc2-pqvm1,Database,Database Exadata Cloud at Customer - Database OCPU,B91363,30.000312,24.0,
TEST,2026-04-03 05:00:00+00:00,2026-04-03 06:00:00+00:00,ocid1.vmcluster.oc1.eu-frankfurt-1.antheljtrvfrr5iacz3aicfdxbta4h4bsdrxm45m56i32axkbtxy2ratl4kq,DMxS:EU-FRANKFURT-1-AD-2,cl-ba-xedc2-tqvm3,Database,Database Exadata Cloud at Customer - Database OCPU,B91363,7.500078,6.0,
PROD,2026-04-03 06:00:00+00:00,2026-04-03 07:00:00+00:00,ocid1.vmcluster.oc1.eu-frankfurt-1.antheljrrvfrr5iawj32h5gbrsj4yjuv7y65xtmdwewxqhedhfolqmkknbha,DMxS:EU-FRANKFURT-1-AD-1,cl-ba-xedc1-pqvm1,Database,Database Exadata Cloud at Customer - Database OCPU,B91363,47.500494,37.999999999999,
PROD,2026-04-03 06:00:00+00:00,2026-04-03 07:00:00+00:00,ocid1.vmcluster.oc1.eu-frankfurt-1.antheljtrvfrr5iaj2hikuptdl6xbuuec267chmo2k3iubjw2fhemzbhmksa,DMxS:EU-FRANKFURT-1-AD-2,cl-ba-xedc2-pqvm1,Database,Database Exadata Cloud at Customer - Database OCPU,B91363,30.000312,24.0,
TEST,2026-04-03 06:00:00+00:00,2026-04-03 07:00:00+00:00,ocid1.vmcluster.oc1.eu-frankfurt-1.antheljrrvfrr5iaiakdi5rxfl73notvt6tf6lslsueauptbt2dok4ptucdq,DMxS:EU-FRANKFURT-1-AD-1,cl-ba-xedc1-tqvm3,Database,Database Exadata Cloud at Customer - Database OCPU,B91363,7.500078,6.0,
TEST,2026-04-03 06:00:00+00:00,2026-04-03 07:00:00+00:00,ocid1.vmcluster.oc1.eu-frankfurt-1.antheljtrvfrr5iacz3aicfdxbta4h4bsdrxm45m56i32axkbtxy2ratl4kq,DMxS:EU-FRANKFURT-1-AD-2,cl-ba-xedc2-tqvm3,Database,Database Exadata Cloud at Customer - Database OCPU,B91363,7.500078,6.0,
TEST,2026-04-03 07:00:00+00:00,2026-04-03 08:00:00+00:00,ocid1.vmcluster.oc1.eu-frankfurt-1.antheljrrvfrr5iaiakdi5rxfl73notvt6tf6lslsueauptbt2dok4ptucdq,DMxS:EU-FRANKFURT-1-AD-1,cl-ba-xedc1-tqvm3,Database,Database Exadata Cloud at Customer - Database OCPU,B91363,7.500078,6.0,
PROD,2026-04-03 07:00:00+00:00,2026-04-03 08:00:00+00:00,ocid1.vmcluster.oc1.eu-frankfurt-1.antheljrrvfrr5iawj32h5gbrsj4yjuv7y65xtmdwewxqhedhfolqmkknbha,DMxS:EU-FRANKFURT-1-AD-1,cl-ba-xedc1-pqvm1,Database,Database Exadata Cloud at Customer - Database OCPU,B91363,47.500493999999,37.999999999999,
TEST,2026-04-03 07:00:00+00:00,2026-04-03 08:00:00+00:00,ocid1.vmcluster.oc1.eu-frankfurt-1.antheljtrvfrr5iacz3aicfdxbta4h4bsdrxm45m56i32axkbtxy2ratl4kq,DMxS:EU-FRANKFURT-1-AD-2,cl-ba-xedc2-tqvm3,Database,Database Exadata Cloud at Customer - Database OCPU,B91363,7.500078,6.0,
PROD,2026-04-03 07:00:00+00:00,2026-04-03 08:00:00+00:00,ocid1.vmcluster.oc1.eu-frankfurt-1.antheljtrvfrr5iaj2hikuptdl6xbuuec267chmo2k3iubjw2fhemzbhmksa,DMxS:EU-FRANKFURT-1-AD-2,cl-ba-xedc2-pqvm1,Database,Database Exadata Cloud at Customer - Database OCPU,B91363,30.000312,24.0,
TEST,2026-04-03 08:00:00+00:00,2026-04-03 09:00:00+00:00,ocid1.vmcluster.oc1.eu-frankfurt-1.antheljrrvfrr5iaiakdi5rxfl73notvt6tf6lslsueauptbt2dok4ptucdq,DMxS:EU-FRANKFURT-1-AD-1,cl-ba-xedc1-tqvm3,Database,Database Exadata Cloud at Customer - Database OCPU,B91363,7.500078,6.0,
PROD,2026-04-03 08:00:00+00:00,2026-04-03 09:00:00+00:00,ocid1.vmcluster.oc1.eu-frankfurt-1.antheljrrvfrr5iawj32h5gbrsj4yjuv7y65xtmdwewxqhedhfolqmkknbha,DMxS:EU-FRANKFURT-1-AD-1,cl-ba-xedc1-pqvm1,Database,Database Exadata Cloud at Customer - Database OCPU,B91363,47.500493999999,37.999999999999,
PROD,2026-04-03 08:00:00+00:00,2026-04-03 09:00:00+00:00,ocid1.vmcluster.oc1.eu-frankfurt-1.antheljtrvfrr5iaj2hikuptdl6xbuuec267chmo2k3iubjw2fhemzbhmksa,DMxS:EU-FRANKFURT-1-AD-2,cl-ba-xedc2-pqvm1,Database,Database Exadata Cloud at Customer - Database OCPU,B91363,30.000312,24.0,
TEST,2026-04-03 08:00:00+00:00,2026-04-03 09:00:00+00:00,ocid1.vmcluster.oc1.eu-frankfurt-1.antheljtrvfrr5iacz3aicfdxbta4h4bsdrxm45m56i32axkbtxy2ratl4kq,DMxS:EU-FRANKFURT-1-AD-2,cl-ba-xedc2-tqvm3,Database,Database Exadata Cloud at Customer - Database OCPU,B91363,7.500078,6.0,
TEST,2026-04-03 09:00:00+00:00,2026-04-03 10:00:00+00:00,ocid1.vmcluster.oc1.eu-frankfurt-1.antheljtrvfrr5iacz3aicfdxbta4h4bsdrxm45m56i32axkbtxy2ratl4kq,DMxS:EU-FRANKFURT-1-AD-2,cl-ba-xedc2-tqvm3,Database,Database Exadata Cloud at Customer - Database OCPU,B91363,7.500078,6.0,
PROD,2026-04-03 09:00:00+00:00,2026-04-03 10:00:00+00:00,ocid1.vmcluster.oc1.eu-frankfurt-1.antheljrrvfrr5iawj32h5gbrsj4yjuv7y65xtmdwewxqhedhfolqmkknbha,DMxS:EU-FRANKFURT-1-AD-1,cl-ba-xedc1-pqvm1,Database,Database Exadata Cloud at Customer - Database OCPU,B91363,47.500494,37.999999999999,
TEST,2026-04-03 09:00:00+00:00,2026-04-03 10:00:00+00:00,ocid1.vmcluster.oc1.eu-frankfurt-1.antheljrrvfrr5iaiakdi5rxfl73notvt6tf6lslsueauptbt2dok4ptucdq,DMxS:EU-FRANKFURT-1-AD-1,cl-ba-xedc1-tqvm3,Database,Database Exadata Cloud at Customer - Database OCPU,B91363,7.500078,6.0,
PROD,2026-04-03 09:00:00+00:00,2026-04-03 10:00:00+00:00,ocid1.vmcluster.oc1.eu-frankfurt-1.antheljtrvfrr5iaj2hikuptdl6xbuuec267chmo2k3iubjw2fhemzbhmksa,DMxS:EU-FRANKFURT-1-AD-2,cl-ba-xedc2-pqvm1,Database,Database Exadata Cloud at Customer - Database OCPU,B91363,30.000312,24.0,
TEST,2026-04-03 10:00:00+00:00,2026-04-03 11:00:00+00:00,ocid1.vmcluster.oc1.eu-frankfurt-1.antheljrrvfrr5iaiakdi5rxfl73notvt6tf6lslsueauptbt2dok4ptucdq,DMxS:EU-FRANKFURT-1-AD-1,cl-ba-xedc1-tqvm3,Database,Database Exadata Cloud at Customer - Database OCPU,B91363,7.500078,6.0,
PROD,2026-04-03 10:00:00+00:00,2026-04-03 11:00:00+00:00,ocid1.vmcluster.oc1.eu-frankfurt-1.antheljrrvfrr5iawj32h5gbrsj4yjuv7y65xtmdwewxqhedhfolqmkknbha,DMxS:EU-FRANKFURT-1-AD-1,cl-ba-xedc1-pqvm1,Database,Database Exadata Cloud at Customer - Database OCPU,B91363,47.500494,37.999999999999,
TEST,2026-04-03 10:00:00+00:00,2026-04-03 11:00:00+00:00,ocid1.vmcluster.oc1.eu-frankfurt-1.antheljtrvfrr5iacz3aicfdxbta4h4bsdrxm45m56i32axkbtxy2ratl4kq,DMxS:EU-FRANKFURT-1-AD-2,cl-ba-xedc2-tqvm3,Database,Database Exadata Cloud at Customer - Database OCPU,B91363,7.500078,6.0,
PROD,2026-04-03 10:00:00+00:00,2026-04-03 11:00:00+00:00,ocid1.vmcluster.oc1.eu-frankfurt-1.antheljtrvfrr5iaj2hikuptdl6xbuuec267chmo2k3iubjw2fhemzbhmksa,DMxS:EU-FRANKFURT-1-AD-2,cl-ba-xedc2-pqvm1,Database,Database Exadata Cloud at Customer - Database OCPU,B91363,30.000312,24.0,
PROD,2026-04-03 11:00:00+00:00,2026-04-03 12:00:00+00:00,ocid1.vmcluster.oc1.eu-frankfurt-1.antheljtrvfrr5iaj2hikuptdl6xbuuec267chmo2k3iubjw2fhemzbhmksa,DMxS:EU-FRANKFURT-1-AD-2,cl-ba-xedc2-pqvm1,Database,Database Exadata Cloud at Customer - Database OCPU,B91363,30.000312,24.0,
PROD,2026-04-03 11:00:00+00:00,2026-04-03 12:00:00+00:00,ocid1.vmcluster.oc1.eu-frankfurt-1.antheljrrvfrr5iawj32h5gbrsj4yjuv7y65xtmdwewxqhedhfolqmkknbha,DMxS:EU-FRANKFURT-1-AD-1,cl-ba-xedc1-pqvm1,Database,Database Exadata Cloud at Customer - Database OCPU,B91363,47.500493999999,37.999999999999,
TEST,2026-04-03 11:00:00+00:00,2026-04-03 12:00:00+00:00,ocid1.vmcluster.oc1.eu-frankfurt-1.antheljrrvfrr5iaiakdi5rxfl73notvt6tf6lslsueauptbt2dok4ptucdq,DMxS:EU-FRANKFURT-1-AD-1,cl-ba-xedc1-tqvm3,Database,Database Exadata Cloud at Customer - Database OCPU,B91363,7.500078,6.0,
TEST,2026-04-03 11:00:00+00:00,2026-04-03 12:00:00+00:00,ocid1.vmcluster.oc1.eu-frankfurt-1.antheljtrvfrr5iacz3aicfdxbta4h4bsdrxm45m56i32axkbtxy2ratl4kq,DMxS:EU-FRANKFURT-1-AD-2,cl-ba-xedc2-tqvm3,Database,Database Exadata Cloud at Customer - Database OCPU,B91363,7.500078,6.0,
PROD,2026-04-03 12:00:00+00:00,2026-04-03 13:00:00+00:00,ocid1.vmcluster.oc1.eu-frankfurt-1.antheljrrvfrr5iawj32h5gbrsj4yjuv7y65xtmdwewxqhedhfolqmkknbha,DMxS:EU-FRANKFURT-1-AD-1,cl-ba-xedc1-pqvm1,Database,Database Exadata Cloud at Customer - Database OCPU,B91363,47.500493999999,37.999999999999,
TEST,2026-04-03 12:00:00+00:00,2026-04-03 13:00:00+00:00,ocid1.vmcluster.oc1.eu-frankfurt-1.antheljtrvfrr5iacz3aicfdxbta4h4bsdrxm45m56i32axkbtxy2ratl4kq,DMxS:EU-FRANKFURT-1-AD-2,cl-ba-xedc2-tqvm3,Database,Database Exadata Cloud at Customer - Database OCPU,B91363,7.500078,6.0,
TEST,2026-04-03 12:00:00+00:00,2026-04-03 13:00:00+00:00,ocid1.vmcluster.oc1.eu-frankfurt-1.antheljrrvfrr5iaiakdi5rxfl73notvt6tf6lslsueauptbt2dok4ptucdq,DMxS:EU-FRANKFURT-1-AD-1,cl-ba-xedc1-tqvm3,Database,Database Exadata Cloud at Customer - Database OCPU,B91363,7.500078,6.0,
PROD,2026-04-03 12:00:00+00:00,2026-04-03 13:00:00+00:00,ocid1.vmcluster.oc1.eu-frankfurt-1.antheljtrvfrr5iaj2hikuptdl6xbuuec267chmo2k3iubjw2fhemzbhmksa,DMxS:EU-FRANKFURT-1-AD-2,cl-ba-xedc2-pqvm1,Database,Database Exadata Cloud at Customer - Database OCPU,B91363,30.000312,24.0,
PROD,2026-04-03 13:00:00+00:00,2026-04-03 14:00:00+00:00,ocid1.vmcluster.oc1.eu-frankfurt-1.antheljrrvfrr5iawj32h5gbrsj4yjuv7y65xtmdwewxqhedhfolqmkknbha,DMxS:EU-FRANKFURT-1-AD-1,cl-ba-xedc1-pqvm1,Database,Database Exadata Cloud at Customer - Database OCPU,B91363,47.500493999997,37.999999999998,
TEST,2026-04-03 13:00:00+00:00,2026-04-03 14:00:00+00:00,ocid1.vmcluster.oc1.eu-frankfurt-1.antheljrrvfrr5iaiakdi5rxfl73notvt6tf6lslsueauptbt2dok4ptucdq,DMxS:EU-FRANKFURT-1-AD-1,cl-ba-xedc1-tqvm3,Database,Database Exadata Cloud at Customer - Database OCPU,B91363,7.500078,6.0,
TEST,2026-04-03 13:00:00+00:00,2026-04-03 14:00:00+00:00,ocid1.vmcluster.oc1.eu-frankfurt-1.antheljtrvfrr5iacz3aicfdxbta4h4bsdrxm45m56i32axkbtxy2ratl4kq,DMxS:EU-FRANKFURT-1-AD-2,cl-ba-xedc2-tqvm3,Database,Database Exadata Cloud at Customer - Database OCPU,B91363,7.500078,6.0,
PROD,2026-04-03 13:00:00+00:00,2026-04-03 14:00:00+00:00,ocid1.vmcluster.oc1.eu-frankfurt-1.antheljtrvfrr5iaj2hikuptdl6xbuuec267chmo2k3iubjw2fhemzbhmksa,DMxS:EU-FRANKFURT-1-AD-2,cl-ba-xedc2-pqvm1,Database,Database Exadata Cloud at Customer - Database OCPU,B91363,30.000312,24.0,
PROD,2026-04-03 14:00:00+00:00,2026-04-03 15:00:00+00:00,ocid1.vmcluster.oc1.eu-frankfurt-1.antheljtrvfrr5iaj2hikuptdl6xbuuec267chmo2k3iubjw2fhemzbhmksa,DMxS:EU-FRANKFURT-1-AD-2,cl-ba-xedc2-pqvm1,Database,Database Exadata Cloud at Customer - Database OCPU,B91363,30.000312,24.0,
TEST,2026-04-03 14:00:00+00:00,2026-04-03 15:00:00+00:00,ocid1.vmcluster.oc1.eu-frankfurt-1.antheljtrvfrr5iacz3aicfdxbta4h4bsdrxm45m56i32axkbtxy2ratl4kq,DMxS:EU-FRANKFURT-1-AD-2,cl-ba-xedc2-tqvm3,Database,Database Exadata Cloud at Customer - Database OCPU,B91363,7.500078,6.0,
PROD,2026-04-03 14:00:00+00:00,2026-04-03 15:00:00+00:00,ocid1.vmcluster.oc1.eu-frankfurt-1.antheljrrvfrr5iawj32h5gbrsj4yjuv7y65xtmdwewxqhedhfolqmkknbha,DMxS:EU-FRANKFURT-1-AD-1,cl-ba-xedc1-pqvm1,Database,Database Exadata Cloud at Customer - Database OCPU,B91363,47.500493999999,37.999999999999,
TEST,2026-04-03 14:00:00+00:00,2026-04-03 15:00:00+00:00,ocid1.vmcluster.oc1.eu-frankfurt-1.antheljrrvfrr5iaiakdi5rxfl73notvt6tf6lslsueauptbt2dok4ptucdq,DMxS:EU-FRANKFURT-1-AD-1,cl-ba-xedc1-tqvm3,Database,Database Exadata Cloud at Customer - Database OCPU,B91363,7.500078,6.0,
TEST,2026-04-03 15:00:00+00:00,2026-04-03 16:00:00+00:00,ocid1.vmcluster.oc1.eu-frankfurt-1.antheljrrvfrr5iaiakdi5rxfl73notvt6tf6lslsueauptbt2dok4ptucdq,DMxS:EU-FRANKFURT-1-AD-1,cl-ba-xedc1-tqvm3,Database,Database Exadata Cloud at Customer - Database OCPU,B91363,7.500078,6.0,
PROD,2026-04-03 15:00:00+00:00,2026-04-03 16:00:00+00:00,ocid1.vmcluster.oc1.eu-frankfurt-1.antheljtrvfrr5iaj2hikuptdl6xbuuec267chmo2k3iubjw2fhemzbhmksa,DMxS:EU-FRANKFURT-1-AD-2,cl-ba-xedc2-pqvm1,Database,Database Exadata Cloud at Customer - Database OCPU,B91363,30.000312,24.0,
PROD,2026-04-03 15:00:00+00:00,2026-04-03 16:00:00+00:00,ocid1.vmcluster.oc1.eu-frankfurt-1.antheljrrvfrr5iawj32h5gbrsj4yjuv7y65xtmdwewxqhedhfolqmkknbha,DMxS:EU-FRANKFURT-1-AD-1,cl-ba-xedc1-pqvm1,Database,Database Exadata Cloud at Customer - Database OCPU,B91363,47.500493999999,37.999999999999,
TEST,2026-04-03 15:00:00+00:00,2026-04-03 16:00:00+00:00,ocid1.vmcluster.oc1.eu-frankfurt-1.antheljtrvfrr5iacz3aicfdxbta4h4bsdrxm45m56i32axkbtxy2ratl4kq,DMxS:EU-FRANKFURT-1-AD-2,cl-ba-xedc2-tqvm3,Database,Database Exadata Cloud at Customer - Database OCPU,B91363,7.500078,6.0,
TEST,2026-04-03 16:00:00+00:00,2026-04-03 17:00:00+00:00,ocid1.vmcluster.oc1.eu-frankfurt-1.antheljtrvfrr5iacz3aicfdxbta4h4bsdrxm45m56i32axkbtxy2ratl4kq,DMxS:EU-FRANKFURT-1-AD-2,cl-ba-xedc2-tqvm3,Database,Database Exadata Cloud at Customer - Database OCPU,B91363,7.500078,6.0,
TEST,2026-04-03 16:00:00+00:00,2026-04-03 17:00:00+00:00,ocid1.vmcluster.oc1.eu-frankfurt-1.antheljrrvfrr5iaiakdi5rxfl73notvt6tf6lslsueauptbt2dok4ptucdq,DMxS:EU-FRANKFURT-1-AD-1,cl-ba-xedc1-tqvm3,Database,Database Exadata Cloud at Customer - Database OCPU,B91363,7.500078,6.0,
PROD,2026-04-03 16:00:00+00:00,2026-04-03 17:00:00+00:00,ocid1.vmcluster.oc1.eu-frankfurt-1.antheljtrvfrr5iaj2hikuptdl6xbuuec267chmo2k3iubjw2fhemzbhmksa,DMxS:EU-FRANKFURT-1-AD-2,cl-ba-xedc2-pqvm1,Database,Database Exadata Cloud at Customer - Database OCPU,B91363,30.000312,24.0,
PROD,2026-04-03 16:00:00+00:00,2026-04-03 17:00:00+00:00,ocid1.vmcluster.oc1.eu-frankfurt-1.antheljrrvfrr5iawj32h5gbrsj4yjuv7y65xtmdwewxqhedhfolqmkknbha,DMxS:EU-FRANKFURT-1-AD-1,cl-ba-xedc1-pqvm1,Database,Database Exadata Cloud at Customer - Database OCPU,B91363,47.500493999996,37.999999999997,
PROD,2026-04-03 17:00:00+00:00,2026-04-03 18:00:00+00:00,ocid1.vmcluster.oc1.eu-frankfurt-1.antheljtrvfrr5iaj2hikuptdl6xbuuec267chmo2k3iubjw2fhemzbhmksa,DMxS:EU-FRANKFURT-1-AD-2,cl-ba-xedc2-pqvm1,Database,Database Exadata Cloud at Customer - Database OCPU,B91363,30.000312,24.0,
PROD,2026-04-03 17:00:00+00:00,2026-04-03 18:00:00+00:00,ocid1.vmcluster.oc1.eu-frankfurt-1.antheljrrvfrr5iawj32h5gbrsj4yjuv7y65xtmdwewxqhedhfolqmkknbha,DMxS:EU-FRANKFURT-1-AD-1,cl-ba-xedc1-pqvm1,Database,Database Exadata Cloud at Customer - Database OCPU,B91363,47.500494,38.0,
TEST,2026-04-03 17:00:00+00:00,2026-04-03 18:00:00+00:00,ocid1.vmcluster.oc1.eu-frankfurt-1.antheljrrvfrr5iaiakdi5rxfl73notvt6tf6lslsueauptbt2dok4ptucdq,DMxS:EU-FRANKFURT-1-AD-1,cl-ba-xedc1-tqvm3,Database,Database Exadata Cloud at Customer - Database OCPU,B91363,7.500078,6.0,
TEST,2026-04-03 17:00:00+00:00,2026-04-03 18:00:00+00:00,ocid1.vmcluster.oc1.eu-frankfurt-1.antheljtrvfrr5iacz3aicfdxbta4h4bsdrxm45m56i32axkbtxy2ratl4kq,DMxS:EU-FRANKFURT-1-AD-2,cl-ba-xedc2-tqvm3,Database,Database Exadata Cloud at Customer - Database OCPU,B91363,7.500078,6.0,
PROD,2026-04-03 18:00:00+00:00,2026-04-03 19:00:00+00:00,ocid1.vmcluster.oc1.eu-frankfurt-1.antheljtrvfrr5iaj2hikuptdl6xbuuec267chmo2k3iubjw2fhemzbhmksa,DMxS:EU-FRANKFURT-1-AD-2,cl-ba-xedc2-pqvm1,Database,Database Exadata Cloud at Customer - Database OCPU,B91363,30.000312,24.0,
TEST,2026-04-03 18:00:00+00:00,2026-04-03 19:00:00+00:00,ocid1.vmcluster.oc1.eu-frankfurt-1.antheljrrvfrr5iaiakdi5rxfl73notvt6tf6lslsueauptbt2dok4ptucdq,DMxS:EU-FRANKFURT-1-AD-1,cl-ba-xedc1-tqvm3,Database,Database Exadata Cloud at Customer - Database OCPU,B91363,7.500078,6.0,
PROD,2026-04-03 18:00:00+00:00,2026-04-03 19:00:00+00:00,ocid1.vmcluster.oc1.eu-frankfurt-1.antheljrrvfrr5iawj32h5gbrsj4yjuv7y65xtmdwewxqhedhfolqmkknbha,DMxS:EU-FRANKFURT-1-AD-1,cl-ba-xedc1-pqvm1,Database,Database Exadata Cloud at Customer - Database OCPU,B91363,47.500494,38.0,
TEST,2026-04-03 18:00:00+00:00,2026-04-03 19:00:00+00:00,ocid1.vmcluster.oc1.eu-frankfurt-1.antheljtrvfrr5iacz3aicfdxbta4h4bsdrxm45m56i32axkbtxy2ratl4kq,DMxS:EU-FRANKFURT-1-AD-2,cl-ba-xedc2-tqvm3,Database,Database Exadata Cloud at Customer - Database OCPU,B91363,7.500078,6.0,
TEST,2026-04-03 19:00:00+00:00,2026-04-03 20:00:00+00:00,ocid1.vmcluster.oc1.eu-frankfurt-1.antheljrrvfrr5iaiakdi5rxfl73notvt6tf6lslsueauptbt2dok4ptucdq,DMxS:EU-FRANKFURT-1-AD-1,cl-ba-xedc1-tqvm3,Database,Database Exadata Cloud at Customer - Database OCPU,B91363,7.500078,6.0,
PROD,2026-04-03 19:00:00+00:00,2026-04-03 20:00:00+00:00,ocid1.vmcluster.oc1.eu-frankfurt-1.antheljrrvfrr5iawj32h5gbrsj4yjuv7y65xtmdwewxqhedhfolqmkknbha,DMxS:EU-FRANKFURT-1-AD-1,cl-ba-xedc1-pqvm1,Database,Database Exadata Cloud at Customer - Database OCPU,B91363,47.500494,37.999999999999,
PROD,2026-04-03 19:00:00+00:00,2026-04-03 20:00:00+00:00,ocid1.vmcluster.oc1.eu-frankfurt-1.antheljtrvfrr5iaj2hikuptdl6xbuuec267chmo2k3iubjw2fhemzbhmksa,DMxS:EU-FRANKFURT-1-AD-2,cl-ba-xedc2-pqvm1,Database,Database Exadata Cloud at Customer - Database OCPU,B91363,30.000312,24.0,
TEST,2026-04-03 19:00:00+00:00,2026-04-03 20:00:00+00:00,ocid1.vmcluster.oc1.eu-frankfurt-1.antheljtrvfrr5iacz3aicfdxbta4h4bsdrxm45m56i32axkbtxy2ratl4kq,DMxS:EU-FRANKFURT-1-AD-2,cl-ba-xedc2-tqvm3,Database,Database Exadata Cloud at Customer - Database OCPU,B91363,7.500078,6.0,
TEST,2026-04-03 20:00:00+00:00,2026-04-03 21:00:00+00:00,ocid1.vmcluster.oc1.eu-frankfurt-1.antheljtrvfrr5iacz3aicfdxbta4h4bsdrxm45m56i32axkbtxy2ratl4kq,DMxS:EU-FRANKFURT-1-AD-2,cl-ba-xedc2-tqvm3,Database,Database Exadata Cloud at Customer - Database OCPU,B91363,7.500078,6.0,
TEST,2026-04-03 20:00:00+00:00,2026-04-03 21:00:00+00:00,ocid1.vmcluster.oc1.eu-frankfurt-1.antheljrrvfrr5iaiakdi5rxfl73notvt6tf6lslsueauptbt2dok4ptucdq,DMxS:EU-FRANKFURT-1-AD-1,cl-ba-xedc1-tqvm3,Database,Database Exadata Cloud at Customer - Database OCPU,B91363,7.500078,6.0,
PROD,2026-04-03 20:00:00+00:00,2026-04-03 21:00:00+00:00,ocid1.vmcluster.oc1.eu-frankfurt-1.antheljrrvfrr5iawj32h5gbrsj4yjuv7y65xtmdwewxqhedhfolqmkknbha,DMxS:EU-FRANKFURT-1-AD-1,cl-ba-xedc1-pqvm1,Database,Database Exadata Cloud at Customer - Database OCPU,B91363,47.500493999999,37.999999999999,
PROD,2026-04-03 20:00:00+00:00,2026-04-03 21:00:00+00:00,ocid1.vmcluster.oc1.eu-frankfurt-1.antheljtrvfrr5iaj2hikuptdl6xbuuec267chmo2k3iubjw2fhemzbhmksa,DMxS:EU-FRANKFURT-1-AD-2,cl-ba-xedc2-pqvm1,Database,Database Exadata Cloud at Customer - Database OCPU,B91363,30.000312,24.0,
PROD,2026-04-03 21:00:00+00:00,2026-04-03 22:00:00+00:00,ocid1.vmcluster.oc1.eu-frankfurt-1.antheljrrvfrr5iawj32h5gbrsj4yjuv7y65xtmdwewxqhedhfolqmkknbha,DMxS:EU-FRANKFURT-1-AD-1,cl-ba-xedc1-pqvm1,Database,Database Exadata Cloud at Customer - Database OCPU,B91363,47.500493999999,37.999999999999,
PROD,2026-04-03 21:00:00+00:00,2026-04-03 22:00:00+00:00,ocid1.vmcluster.oc1.eu-frankfurt-1.antheljtrvfrr5iaj2hikuptdl6xbuuec267chmo2k3iubjw2fhemzbhmksa,DMxS:EU-FRANKFURT-1-AD-2,cl-ba-xedc2-pqvm1,Database,Database Exadata Cloud at Customer - Database OCPU,B91363,30.000312,24.0,
TEST,2026-04-03 21:00:00+00:00,2026-04-03 22:00:00+00:00,ocid1.vmcluster.oc1.eu-frankfurt-1.antheljrrvfrr5iaiakdi5rxfl73notvt6tf6lslsueauptbt2dok4ptucdq,DMxS:EU-FRANKFURT-1-AD-1,cl-ba-xedc1-tqvm3,Database,Database Exadata Cloud at Customer - Database OCPU,B91363,7.500078,6.0,
TEST,2026-04-03 21:00:00+00:00,2026-04-03 22:00:00+00:00,ocid1.vmcluster.oc1.eu-frankfurt-1.antheljtrvfrr5iacz3aicfdxbta4h4bsdrxm45m56i32axkbtxy2ratl4kq,DMxS:EU-FRANKFURT-1-AD-2,cl-ba-xedc2-tqvm3,Database,Database Exadata Cloud at Customer - Database OCPU,B91363,7.500078,6.0,
TEST,2026-04-03 22:00:00+00:00,2026-04-03 23:00:00+00:00,ocid1.vmcluster.oc1.eu-frankfurt-1.antheljtrvfrr5iacz3aicfdxbta4h4bsdrxm45m56i32axkbtxy2ratl4kq,DMxS:EU-FRANKFURT-1-AD-2,cl-ba-xedc2-tqvm3,Database,Database Exadata Cloud at Customer - Database OCPU,B91363,7.500078,6.0,
PROD,2026-04-03 22:00:00+00:00,2026-04-03 23:00:00+00:00,ocid1.vmcluster.oc1.eu-frankfurt-1.antheljrrvfrr5iawj32h5gbrsj4yjuv7y65xtmdwewxqhedhfolqmkknbha,DMxS:EU-FRANKFURT-1-AD-1,cl-ba-xedc1-pqvm1,Database,Database Exadata Cloud at Customer - Database OCPU,B91363,47.500493999999,37.999999999999,
PROD,2026-04-03 22:00:00+00:00,2026-04-03 23:00:00+00:00,ocid1.vmcluster.oc1.eu-frankfurt-1.antheljtrvfrr5iaj2hikuptdl6xbuuec267chmo2k3iubjw2fhemzbhmksa,DMxS:EU-FRANKFURT-1-AD-2,cl-ba-xedc2-pqvm1,Database,Database Exadata Cloud at Customer - Database OCPU,B91363,30.000312,24.0,
TEST,2026-04-03 22:00:00+00:00,2026-04-03 23:00:00+00:00,ocid1.vmcluster.oc1.eu-frankfurt-1.antheljrrvfrr5iaiakdi5rxfl73notvt6tf6lslsueauptbt2dok4ptucdq,DMxS:EU-FRANKFURT-1-AD-1,cl-ba-xedc1-tqvm3,Database,Database Exadata Cloud at Customer - Database OCPU,B91363,7.500078,6.0,
TEST,2026-04-03 23:00:00+00:00,2026-04-04 00:00:00+00:00,ocid1.vmcluster.oc1.eu-frankfurt-1.antheljtrvfrr5iacz3aicfdxbta4h4bsdrxm45m56i32axkbtxy2ratl4kq,DMxS:EU-FRANKFURT-1-AD-2,cl-ba-xedc2-tqvm3,Database,Database Exadata Cloud at Customer - Database OCPU,B91363,7.500078,6.0,
TEST,2026-04-03 23:00:00+00:00,2026-04-04 00:00:00+00:00,ocid1.vmcluster.oc1.eu-frankfurt-1.antheljrrvfrr5iaiakdi5rxfl73notvt6tf6lslsueauptbt2dok4ptucdq,DMxS:EU-FRANKFURT-1-AD-1,cl-ba-xedc1-tqvm3,Database,Database Exadata Cloud at Customer - Database OCPU,B91363,7.500078,6.0,
PROD,2026-04-03 23:00:00+00:00,2026-04-04 00:00:00+00:00,ocid1.vmcluster.oc1.eu-frankfurt-1.antheljrrvfrr5iawj32h5gbrsj4yjuv7y65xtmdwewxqhedhfolqmkknbha,DMxS:EU-FRANKFURT-1-AD-1,cl-ba-xedc1-pqvm1,Database,Database Exadata Cloud at Customer - Database OCPU,B91363,47.500493999999,37.999999999999,
PROD,2026-04-03 23:00:00+00:00,2026-04-04 00:00:00+00:00,ocid1.vmcluster.oc1.eu-frankfurt-1.antheljtrvfrr5iaj2hikuptdl6xbuuec267chmo2k3iubjw2fhemzbhmksa,DMxS:EU-FRANKFURT-1-AD-2,cl-ba-xedc2-pqvm1,Database,Database Exadata Cloud at Customer - Database OCPU,B91363,30.000312,24.0,
TEST,2026-04-04 00:00:00+00:00,2026-04-04 01:00:00+00:00,ocid1.vmcluster.oc1.eu-frankfurt-1.antheljtrvfrr5iacz3aicfdxbta4h4bsdrxm45m56i32axkbtxy2ratl4kq,DMxS:EU-FRANKFURT-1-AD-2,cl-ba-xedc2-tqvm3,Database,Database Exadata Cloud at Customer - Database OCPU,B91363,7.500078,6.0,
TEST,2026-04-04 00:00:00+00:00,2026-04-04 01:00:00+00:00,ocid1.vmcluster.oc1.eu-frankfurt-1.antheljrrvfrr5iaiakdi5rxfl73notvt6tf6lslsueauptbt2dok4ptucdq,DMxS:EU-FRANKFURT-1-AD-1,cl-ba-xedc1-tqvm3,Database,Database Exadata Cloud at Customer - Database OCPU,B91363,7.500078,6.0,
PROD,2026-04-04 00:00:00+00:00,2026-04-04 01:00:00+00:00,ocid1.vmcluster.oc1.eu-frankfurt-1.antheljrrvfrr5iawj32h5gbrsj4yjuv7y65xtmdwewxqhedhfolqmkknbha,DMxS:EU-FRANKFURT-1-AD-1,cl-ba-xedc1-pqvm1,Database,Database Exadata Cloud at Customer - Database OCPU,B91363,47.500493999999,37.999999999999,
PROD,2026-04-04 00:00:00+00:00,2026-04-04 01:00:00+00:00,ocid1.vmcluster.oc1.eu-frankfurt-1.antheljtrvfrr5iaj2hikuptdl6xbuuec267chmo2k3iubjw2fhemzbhmksa,DMxS:EU-FRANKFURT-1-AD-2,cl-ba-xedc2-pqvm1,Database,Database Exadata Cloud at Customer - Database OCPU,B91363,30.000312,24.0,
PROD,2026-04-04 01:00:00+00:00,2026-04-04 02:00:00+00:00,ocid1.vmcluster.oc1.eu-frankfurt-1.antheljtrvfrr5iaj2hikuptdl6xbuuec267chmo2k3iubjw2fhemzbhmksa,DMxS:EU-FRANKFURT-1-AD-2,cl-ba-xedc2-pqvm1,Database,Database Exadata Cloud at Customer - Database OCPU,B91363,30.000312,24.0,
TEST,2026-04-04 01:00:00+00:00,2026-04-04 02:00:00+00:00,ocid1.vmcluster.oc1.eu-frankfurt-1.antheljtrvfrr5iacz3aicfdxbta4h4bsdrxm45m56i32axkbtxy2ratl4kq,DMxS:EU-FRANKFURT-1-AD-2,cl-ba-xedc2-tqvm3,Database,Database Exadata Cloud at Customer - Database OCPU,B91363,7.500078,6.0,
TEST,2026-04-04 01:00:00+00:00,2026-04-04 02:00:00+00:00,ocid1.vmcluster.oc1.eu-frankfurt-1.antheljrrvfrr5iaiakdi5rxfl73notvt6tf6lslsueauptbt2dok4ptucdq,DMxS:EU-FRANKFURT-1-AD-1,cl-ba-xedc1-tqvm3,Database,Database Exadata Cloud at Customer - Database OCPU,B91363,7.500078,6.0,
PROD,2026-04-04 01:00:00+00:00,2026-04-04 02:00:00+00:00,ocid1.vmcluster.oc1.eu-frankfurt-1.antheljrrvfrr5iawj32h5gbrsj4yjuv7y65xtmdwewxqhedhfolqmkknbha,DMxS:EU-FRANKFURT-1-AD-1,cl-ba-xedc1-pqvm1,Database,Database Exadata Cloud at Customer - Database OCPU,B91363,47.500493999999,37.999999999999,
PROD,2026-04-04 02:00:00+00:00,2026-04-04 03:00:00+00:00,ocid1.vmcluster.oc1.eu-frankfurt-1.antheljtrvfrr5iaj2hikuptdl6xbuuec267chmo2k3iubjw2fhemzbhmksa,DMxS:EU-FRANKFURT-1-AD-2,cl-ba-xedc2-pqvm1,Database,Database Exadata Cloud at Customer - Database OCPU,B91363,30.000312,24.0,
TEST,2026-04-04 02:00:00+00:00,2026-04-04 03:00:00+00:00,ocid1.vmcluster.oc1.eu-frankfurt-1.antheljtrvfrr5iacz3aicfdxbta4h4bsdrxm45m56i32axkbtxy2ratl4kq,DMxS:EU-FRANKFURT-1-AD-2,cl-ba-xedc2-tqvm3,Database,Database Exadata Cloud at Customer - Database OCPU,B91363,7.500078,6.0,
PROD,2026-04-04 02:00:00+00:00,2026-04-04 03:00:00+00:00,ocid1.vmcluster.oc1.eu-frankfurt-1.antheljrrvfrr5iawj32h5gbrsj4yjuv7y65xtmdwewxqhedhfolqmkknbha,DMxS:EU-FRANKFURT-1-AD-1,cl-ba-xedc1-pqvm1,Database,Database Exadata Cloud at Customer - Database OCPU,B91363,47.500493999999,37.999999999999,
TEST,2026-04-04 02:00:00+00:00,2026-04-04 03:00:00+00:00,ocid1.vmcluster.oc1.eu-frankfurt-1.antheljrrvfrr5iaiakdi5rxfl73notvt6tf6lslsueauptbt2dok4ptucdq,DMxS:EU-FRANKFURT-1-AD-1,cl-ba-xedc1-tqvm3,Database,Database Exadata Cloud at Customer - Database OCPU,B91363,7.500078,6.0,
TEST,2026-04-04 03:00:00+00:00,2026-04-04 04:00:00+00:00,ocid1.vmcluster.oc1.eu-frankfurt-1.antheljrrvfrr5iaiakdi5rxfl73notvt6tf6lslsueauptbt2dok4ptucdq,DMxS:EU-FRANKFURT-1-AD-1,cl-ba-xedc1-tqvm3,Database,Database Exadata Cloud at Customer - Database OCPU,B91363,7.500078,6.0,
TEST,2026-04-04 03:00:00+00:00,2026-04-04 04:00:00+00:00,ocid1.vmcluster.oc1.eu-frankfurt-1.antheljtrvfrr5iacz3aicfdxbta4h4bsdrxm45m56i32axkbtxy2ratl4kq,DMxS:EU-FRANKFURT-1-AD-2,cl-ba-xedc2-tqvm3,Database,Database Exadata Cloud at Customer - Database OCPU,B91363,7.500078,6.0,
PROD,2026-04-04 03:00:00+00:00,2026-04-04 04:00:00+00:00,ocid1.vmcluster.oc1.eu-frankfurt-1.antheljrrvfrr5iawj32h5gbrsj4yjuv7y65xtmdwewxqhedhfolqmkknbha,DMxS:EU-FRANKFURT-1-AD-1,cl-ba-xedc1-pqvm1,Database,Database Exadata Cloud at Customer - Database OCPU,B91363,47.500493999999,37.999999999999,
PROD,2026-04-04 03:00:00+00:00,2026-04-04 04:00:00+00:00,ocid1.vmcluster.oc1.eu-frankfurt-1.antheljtrvfrr5iaj2hikuptdl6xbuuec267chmo2k3iubjw2fhemzbhmksa,DMxS:EU-FRANKFURT-1-AD-2,cl-ba-xedc2-pqvm1,Database,Database Exadata Cloud at Customer - Database OCPU,B91363,30.000312,24.0,
PROD,2026-04-04 04:00:00+00:00,2026-04-04 05:00:00+00:00,ocid1.vmcluster.oc1.eu-frankfurt-1.antheljtrvfrr5iaj2hikuptdl6xbuuec267chmo2k3iubjw2fhemzbhmksa,DMxS:EU-FRANKFURT-1-AD-2,cl-ba-xedc2-pqvm1,Database,Database Exadata Cloud at Customer - Database OCPU,B91363,30.000312,24.0,
PROD,2026-04-04 04:00:00+00:00,2026-04-04 05:00:00+00:00,ocid1.vmcluster.oc1.eu-frankfurt-1.antheljrrvfrr5iawj32h5gbrsj4yjuv7y65xtmdwewxqhedhfolqmkknbha,DMxS:EU-FRANKFURT-1-AD-1,cl-ba-xedc1-pqvm1,Database,Database Exadata Cloud at Customer - Database OCPU,B91363,47.500493999999,37.999999999999,
TEST,2026-04-04 04:00:00+00:00,2026-04-04 05:00:00+00:00,ocid1.vmcluster.oc1.eu-frankfurt-1.antheljrrvfrr5iaiakdi5rxfl73notvt6tf6lslsueauptbt2dok4ptucdq,DMxS:EU-FRANKFURT-1-AD-1,cl-ba-xedc1-tqvm3,Database,Database Exadata Cloud at Customer - Database OCPU,B91363,7.500078,6.0,
TEST,2026-04-04 04:00:00+00:00,2026-04-04 05:00:00+00:00,ocid1.vmcluster.oc1.eu-frankfurt-1.antheljtrvfrr5iacz3aicfdxbta4h4bsdrxm45m56i32axkbtxy2ratl4kq,DMxS:EU-FRANKFURT-1-AD-2,cl-ba-xedc2-tqvm3,Database,Database Exadata Cloud at Customer - Database OCPU,B91363,7.500078,6.0,
PROD,2026-04-04 05:00:00+00:00,2026-04-04 06:00:00+00:00,ocid1.vmcluster.oc1.eu-frankfurt-1.antheljtrvfrr5iaj2hikuptdl6xbuuec267chmo2k3iubjw2fhemzbhmksa,DMxS:EU-FRANKFURT-1-AD-2,cl-ba-xedc2-pqvm1,Database,Database Exadata Cloud at Customer - Database OCPU,B91363,30.000312,24.0,
PROD,2026-04-04 05:00:00+00:00,2026-04-04 06:00:00+00:00,ocid1.vmcluster.oc1.eu-frankfurt-1.antheljrrvfrr5iawj32h5gbrsj4yjuv7y65xtmdwewxqhedhfolqmkknbha,DMxS:EU-FRANKFURT-1-AD-1,cl-ba-xedc1-pqvm1,Database,Database Exadata Cloud at Customer - Database OCPU,B91363,47.500493999999,37.999999999999,
TEST,2026-04-04 05:00:00+00:00,2026-04-04 06:00:00+00:00,ocid1.vmcluster.oc1.eu-frankfurt-1.antheljtrvfrr5iacz3aicfdxbta4h4bsdrxm45m56i32axkbtxy2ratl4kq,DMxS:EU-FRANKFURT-1-AD-2,cl-ba-xedc2-tqvm3,Database,Database Exadata Cloud at Customer - Database OCPU,B91363,7.500078,6.0,
TEST,2026-04-04 05:00:00+00:00,2026-04-04 06:00:00+00:00,ocid1.vmcluster.oc1.eu-frankfurt-1.antheljrrvfrr5iaiakdi5rxfl73notvt6tf6lslsueauptbt2dok4ptucdq,DMxS:EU-FRANKFURT-1-AD-1,cl-ba-xedc1-tqvm3,Database,Database Exadata Cloud at Customer - Database OCPU,B91363,7.500078,6.0,
TEST,2026-04-04 06:00:00+00:00,2026-04-04 07:00:00+00:00,ocid1.vmcluster.oc1.eu-frankfurt-1.antheljtrvfrr5iacz3aicfdxbta4h4bsdrxm45m56i32axkbtxy2ratl4kq,DMxS:EU-FRANKFURT-1-AD-2,cl-ba-xedc2-tqvm3,Database,Database Exadata Cloud at Customer - Database OCPU,B91363,7.500078,6.0,
TEST,2026-04-04 06:00:00+00:00,2026-04-04 07:00:00+00:00,ocid1.vmcluster.oc1.eu-frankfurt-1.antheljrrvfrr5iaiakdi5rxfl73notvt6tf6lslsueauptbt2dok4ptucdq,DMxS:EU-FRANKFURT-1-AD-1,cl-ba-xedc1-tqvm3,Database,Database Exadata Cloud at Customer - Database OCPU,B91363,7.500078,6.0,
PROD,2026-04-04 06:00:00+00:00,2026-04-04 07:00:00+00:00,ocid1.vmcluster.oc1.eu-frankfurt-1.antheljtrvfrr5iaj2hikuptdl6xbuuec267chmo2k3iubjw2fhemzbhmksa,DMxS:EU-FRANKFURT-1-AD-2,cl-ba-xedc2-pqvm1,Database,Database Exadata Cloud at Customer - Database OCPU,B91363,30.000312,24.0,
PROD,2026-04-04 06:00:00+00:00,2026-04-04 07:00:00+00:00,ocid1.vmcluster.oc1.eu-frankfurt-1.antheljrrvfrr5iawj32h5gbrsj4yjuv7y65xtmdwewxqhedhfolqmkknbha,DMxS:EU-FRANKFURT-1-AD-1,cl-ba-xedc1-pqvm1,Database,Database Exadata Cloud at Customer - Database OCPU,B91363,47.500494,37.999999999999,
PROD,2026-04-04 07:00:00+00:00,2026-04-04 08:00:00+00:00,ocid1.vmcluster.oc1.eu-frankfurt-1.antheljrrvfrr5iawj32h5gbrsj4yjuv7y65xtmdwewxqhedhfolqmkknbha,DMxS:EU-FRANKFURT-1-AD-1,cl-ba-xedc1-pqvm1,Database,Database Exadata Cloud at Customer - Database OCPU,B91363,47.500493999997,37.999999999998,
PROD,2026-04-04 07:00:00+00:00,2026-04-04 08:00:00+00:00,ocid1.vmcluster.oc1.eu-frankfurt-1.antheljtrvfrr5iaj2hikuptdl6xbuuec267chmo2k3iubjw2fhemzbhmksa,DMxS:EU-FRANKFURT-1-AD-2,cl-ba-xedc2-pqvm1,Database,Database Exadata Cloud at Customer - Database OCPU,B91363,30.000312,24.0,
TEST,2026-04-04 07:00:00+00:00,2026-04-04 08:00:00+00:00,ocid1.vmcluster.oc1.eu-frankfurt-1.antheljrrvfrr5iaiakdi5rxfl73notvt6tf6lslsueauptbt2dok4ptucdq,DMxS:EU-FRANKFURT-1-AD-1,cl-ba-xedc1-tqvm3,Database,Database Exadata Cloud at Customer - Database OCPU,B91363,7.500078,6.0,
TEST,2026-04-04 07:00:00+00:00,2026-04-04 08:00:00+00:00,ocid1.vmcluster.oc1.eu-frankfurt-1.antheljtrvfrr5iacz3aicfdxbta4h4bsdrxm45m56i32axkbtxy2ratl4kq,DMxS:EU-FRANKFURT-1-AD-2,cl-ba-xedc2-tqvm3,Database,Database Exadata Cloud at Customer - Database OCPU,B91363,7.500078,6.0,
PROD,2026-04-04 08:00:00+00:00,2026-04-04 09:00:00+00:00,ocid1.vmcluster.oc1.eu-frankfurt-1.antheljrrvfrr5iawj32h5gbrsj4yjuv7y65xtmdwewxqhedhfolqmkknbha,DMxS:EU-FRANKFURT-1-AD-1,cl-ba-xedc1-pqvm1,Database,Database Exadata Cloud at Customer - Database OCPU,B91363,47.500493999999,37.999999999999,
TEST,2026-04-04 08:00:00+00:00,2026-04-04 09:00:00+00:00,ocid1.vmcluster.oc1.eu-frankfurt-1.antheljtrvfrr5iacz3aicfdxbta4h4bsdrxm45m56i32axkbtxy2ratl4kq,DMxS:EU-FRANKFURT-1-AD-2,cl-ba-xedc2-tqvm3,Database,Database Exadata Cloud at Customer - Database OCPU,B91363,7.500078,6.0,
TEST,2026-04-04 08:00:00+00:00,2026-04-04 09:00:00+00:00,ocid1.vmcluster.oc1.eu-frankfurt-1.antheljrrvfrr5iaiakdi5rxfl73notvt6tf6lslsueauptbt2dok4ptucdq,DMxS:EU-FRANKFURT-1-AD-1,cl-ba-xedc1-tqvm3,Database,Database Exadata Cloud at Customer - Database OCPU,B91363,7.500078,6.0,
PROD,2026-04-04 08:00:00+00:00,2026-04-04 09:00:00+00:00,ocid1.vmcluster.oc1.eu-frankfurt-1.antheljtrvfrr5iaj2hikuptdl6xbuuec267chmo2k3iubjw2fhemzbhmksa,DMxS:EU-FRANKFURT-1-AD-2,cl-ba-xedc2-pqvm1,Database,Database Exadata Cloud at Customer - Database OCPU,B91363,30.000312,24.0,
TEST,2026-04-04 09:00:00+00:00,2026-04-04 10:00:00+00:00,ocid1.vmcluster.oc1.eu-frankfurt-1.antheljrrvfrr5iaiakdi5rxfl73notvt6tf6lslsueauptbt2dok4ptucdq,DMxS:EU-FRANKFURT-1-AD-1,cl-ba-xedc1-tqvm3,Database,Database Exadata Cloud at Customer - Database OCPU,B91363,7.500078,6.0,
PROD,2026-04-04 09:00:00+00:00,2026-04-04 10:00:00+00:00,ocid1.vmcluster.oc1.eu-frankfurt-1.antheljrrvfrr5iawj32h5gbrsj4yjuv7y65xtmdwewxqhedhfolqmkknbha,DMxS:EU-FRANKFURT-1-AD-1,cl-ba-xedc1-pqvm1,Database,Database Exadata Cloud at Customer - Database OCPU,B91363,47.500493999999,37.999999999999,
TEST,2026-04-04 09:00:00+00:00,2026-04-04 10:00:00+00:00,ocid1.vmcluster.oc1.eu-frankfurt-1.antheljtrvfrr5iacz3aicfdxbta4h4bsdrxm45m56i32axkbtxy2ratl4kq,DMxS:EU-FRANKFURT-1-AD-2,cl-ba-xedc2-tqvm3,Database,Database Exadata Cloud at Customer - Database OCPU,B91363,7.500078,6.0,
PROD,2026-04-04 09:00:00+00:00,2026-04-04 10:00:00+00:00,ocid1.vmcluster.oc1.eu-frankfurt-1.antheljtrvfrr5iaj2hikuptdl6xbuuec267chmo2k3iubjw2fhemzbhmksa,DMxS:EU-FRANKFURT-1-AD-2,cl-ba-xedc2-pqvm1,Database,Database Exadata Cloud at Customer - Database OCPU,B91363,30.000312,24.0,
TEST,2026-04-04 10:00:00+00:00,2026-04-04 11:00:00+00:00,ocid1.vmcluster.oc1.eu-frankfurt-1.antheljtrvfrr5iacz3aicfdxbta4h4bsdrxm45m56i32axkbtxy2ratl4kq,DMxS:EU-FRANKFURT-1-AD-2,cl-ba-xedc2-tqvm3,Database,Database Exadata Cloud at Customer - Database OCPU,B91363,7.500078,6.0,
TEST,2026-04-04 10:00:00+00:00,2026-04-04 11:00:00+00:00,ocid1.vmcluster.oc1.eu-frankfurt-1.antheljrrvfrr5iaiakdi5rxfl73notvt6tf6lslsueauptbt2dok4ptucdq,DMxS:EU-FRANKFURT-1-AD-1,cl-ba-xedc1-tqvm3,Database,Database Exadata Cloud at Customer - Database OCPU,B91363,7.500078,6.0,
PROD,2026-04-04 10:00:00+00:00,2026-04-04 11:00:00+00:00,ocid1.vmcluster.oc1.eu-frankfurt-1.antheljtrvfrr5iaj2hikuptdl6xbuuec267chmo2k3iubjw2fhemzbhmksa,DMxS:EU-FRANKFURT-1-AD-2,cl-ba-xedc2-pqvm1,Database,Database Exadata Cloud at Customer - Database OCPU,B91363,30.000312,24.0,
PROD,2026-04-04 10:00:00+00:00,2026-04-04 11:00:00+00:00,ocid1.vmcluster.oc1.eu-frankfurt-1.antheljrrvfrr5iawj32h5gbrsj4yjuv7y65xtmdwewxqhedhfolqmkknbha,DMxS:EU-FRANKFURT-1-AD-1,cl-ba-xedc1-pqvm1,Database,Database Exadata Cloud at Customer - Database OCPU,B91363,47.500493999999,37.999999999999,
TEST,2026-04-04 11:00:00+00:00,2026-04-04 12:00:00+00:00,ocid1.vmcluster.oc1.eu-frankfurt-1.antheljrrvfrr5iaiakdi5rxfl73notvt6tf6lslsueauptbt2dok4ptucdq,DMxS:EU-FRANKFURT-1-AD-1,cl-ba-xedc1-tqvm3,Database,Database Exadata Cloud at Customer - Database OCPU,B91363,7.500078,6.0,
PROD,2026-04-04 11:00:00+00:00,2026-04-04 12:00:00+00:00,ocid1.vmcluster.oc1.eu-frankfurt-1.antheljtrvfrr5iaj2hikuptdl6xbuuec267chmo2k3iubjw2fhemzbhmksa,DMxS:EU-FRANKFURT-1-AD-2,cl-ba-xedc2-pqvm1,Database,Database Exadata Cloud at Customer - Database OCPU,B91363,30.000312,24.0,
PROD,2026-04-04 11:00:00+00:00,2026-04-04 12:00:00+00:00,ocid1.vmcluster.oc1.eu-frankfurt-1.antheljrrvfrr5iawj32h5gbrsj4yjuv7y65xtmdwewxqhedhfolqmkknbha,DMxS:EU-FRANKFURT-1-AD-1,cl-ba-xedc1-pqvm1,Database,Database Exadata Cloud at Customer - Database OCPU,B91363,47.500493999999,37.999999999999,
TEST,2026-04-04 11:00:00+00:00,2026-04-04 12:00:00+00:00,ocid1.vmcluster.oc1.eu-frankfurt-1.antheljtrvfrr5iacz3aicfdxbta4h4bsdrxm45m56i32axkbtxy2ratl4kq,DMxS:EU-FRANKFURT-1-AD-2,cl-ba-xedc2-tqvm3,Database,Database Exadata Cloud at Customer - Database OCPU,B91363,7.500078,6.0,
PROD,2026-04-04 12:00:00+00:00,2026-04-04 13:00:00+00:00,ocid1.vmcluster.oc1.eu-frankfurt-1.antheljtrvfrr5iaj2hikuptdl6xbuuec267chmo2k3iubjw2fhemzbhmksa,DMxS:EU-FRANKFURT-1-AD-2,cl-ba-xedc2-pqvm1,Database,Database Exadata Cloud at Customer - Database OCPU,B91363,30.000312,24.0,
TEST,2026-04-04 12:00:00+00:00,2026-04-04 13:00:00+00:00,ocid1.vmcluster.oc1.eu-frankfurt-1.antheljtrvfrr5iacz3aicfdxbta4h4bsdrxm45m56i32axkbtxy2ratl4kq,DMxS:EU-FRANKFURT-1-AD-2,cl-ba-xedc2-tqvm3,Database,Database Exadata Cloud at Customer - Database OCPU,B91363,7.500078,6.0,
PROD,2026-04-04 12:00:00+00:00,2026-04-04 13:00:00+00:00,ocid1.vmcluster.oc1.eu-frankfurt-1.antheljrrvfrr5iawj32h5gbrsj4yjuv7y65xtmdwewxqhedhfolqmkknbha,DMxS:EU-FRANKFURT-1-AD-1,cl-ba-xedc1-pqvm1,Database,Database Exadata Cloud at Customer - Database OCPU,B91363,47.500493999997,37.999999999998,
TEST,2026-04-04 12:00:00+00:00,2026-04-04 13:00:00+00:00,ocid1.vmcluster.oc1.eu-frankfurt-1.antheljrrvfrr5iaiakdi5rxfl73notvt6tf6lslsueauptbt2dok4ptucdq,DMxS:EU-FRANKFURT-1-AD-1,cl-ba-xedc1-tqvm3,Database,Database Exadata Cloud at Customer - Database OCPU,B91363,7.500078,6.0,
TEST,2026-04-04 13:00:00+00:00,2026-04-04 14:00:00+00:00,ocid1.vmcluster.oc1.eu-frankfurt-1.antheljtrvfrr5iacz3aicfdxbta4h4bsdrxm45m56i32axkbtxy2ratl4kq,DMxS:EU-FRANKFURT-1-AD-2,cl-ba-xedc2-tqvm3,Database,Database Exadata Cloud at Customer - Database OCPU,B91363,7.500078,6.0,
PROD,2026-04-04 13:00:00+00:00,2026-04-04 14:00:00+00:00,ocid1.vmcluster.oc1.eu-frankfurt-1.antheljtrvfrr5iaj2hikuptdl6xbuuec267chmo2k3iubjw2fhemzbhmksa,DMxS:EU-FRANKFURT-1-AD-2,cl-ba-xedc2-pqvm1,Database,Database Exadata Cloud at Customer - Database OCPU,B91363,30.000312,24.0,
TEST,2026-04-04 13:00:00+00:00,2026-04-04 14:00:00+00:00,ocid1.vmcluster.oc1.eu-frankfurt-1.antheljrrvfrr5iaiakdi5rxfl73notvt6tf6lslsueauptbt2dok4ptucdq,DMxS:EU-FRANKFURT-1-AD-1,cl-ba-xedc1-tqvm3,Database,Database Exadata Cloud at Customer - Database OCPU,B91363,7.500078,6.0,
PROD,2026-04-04 13:00:00+00:00,2026-04-04 14:00:00+00:00,ocid1.vmcluster.oc1.eu-frankfurt-1.antheljrrvfrr5iawj32h5gbrsj4yjuv7y65xtmdwewxqhedhfolqmkknbha,DMxS:EU-FRANKFURT-1-AD-1,cl-ba-xedc1-pqvm1,Database,Database Exadata Cloud at Customer - Database OCPU,B91363,47.500493999997,37.999999999998,
TEST,2026-04-04 14:00:00+00:00,2026-04-04 15:00:00+00:00,ocid1.vmcluster.oc1.eu-frankfurt-1.antheljtrvfrr5iacz3aicfdxbta4h4bsdrxm45m56i32axkbtxy2ratl4kq,DMxS:EU-FRANKFURT-1-AD-2,cl-ba-xedc2-tqvm3,Database,Database Exadata Cloud at Customer - Database OCPU,B91363,7.500078,6.0,
PROD,2026-04-04 14:00:00+00:00,2026-04-04 15:00:00+00:00,ocid1.vmcluster.oc1.eu-frankfurt-1.antheljrrvfrr5iawj32h5gbrsj4yjuv7y65xtmdwewxqhedhfolqmkknbha,DMxS:EU-FRANKFURT-1-AD-1,cl-ba-xedc1-pqvm1,Database,Database Exadata Cloud at Customer - Database OCPU,B91363,47.500493999999,37.999999999999,
TEST,2026-04-04 14:00:00+00:00,2026-04-04 15:00:00+00:00,ocid1.vmcluster.oc1.eu-frankfurt-1.antheljrrvfrr5iaiakdi5rxfl73notvt6tf6lslsueauptbt2dok4ptucdq,DMxS:EU-FRANKFURT-1-AD-1,cl-ba-xedc1-tqvm3,Database,Database Exadata Cloud at Customer - Database OCPU,B91363,7.500078,6.0,
PROD,2026-04-04 14:00:00+00:00,2026-04-04 15:00:00+00:00,ocid1.vmcluster.oc1.eu-frankfurt-1.antheljtrvfrr5iaj2hikuptdl6xbuuec267chmo2k3iubjw2fhemzbhmksa,DMxS:EU-FRANKFURT-1-AD-2,cl-ba-xedc2-pqvm1,Database,Database Exadata Cloud at Customer - Database OCPU,B91363,30.000312,24.0,
TEST,2026-04-04 15:00:00+00:00,2026-04-04 16:00:00+00:00,ocid1.vmcluster.oc1.eu-frankfurt-1.antheljrrvfrr5iaiakdi5rxfl73notvt6tf6lslsueauptbt2dok4ptucdq,DMxS:EU-FRANKFURT-1-AD-1,cl-ba-xedc1-tqvm3,Database,Database Exadata Cloud at Customer - Database OCPU,B91363,7.500078,6.0,
PROD,2026-04-04 15:00:00+00:00,2026-04-04 16:00:00+00:00,ocid1.vmcluster.oc1.eu-frankfurt-1.antheljrrvfrr5iawj32h5gbrsj4yjuv7y65xtmdwewxqhedhfolqmkknbha,DMxS:EU-FRANKFURT-1-AD-1,cl-ba-xedc1-pqvm1,Database,Database Exadata Cloud at Customer - Database OCPU,B91363,47.500493999999,37.999999999999,
TEST,2026-04-04 15:00:00+00:00,2026-04-04 16:00:00+00:00,ocid1.vmcluster.oc1.eu-frankfurt-1.antheljtrvfrr5iacz3aicfdxbta4h4bsdrxm45m56i32axkbtxy2ratl4kq,DMxS:EU-FRANKFURT-1-AD-2,cl-ba-xedc2-tqvm3,Database,Database Exadata Cloud at Customer - Database OCPU,B91363,7.500078,6.0,
PROD,2026-04-04 15:00:00+00:00,2026-04-04 16:00:00+00:00,ocid1.vmcluster.oc1.eu-frankfurt-1.antheljtrvfrr5iaj2hikuptdl6xbuuec267chmo2k3iubjw2fhemzbhmksa,DMxS:EU-FRANKFURT-1-AD-2,cl-ba-xedc2-pqvm1,Database,Database Exadata Cloud at Customer - Database OCPU,B91363,30.000312,24.0,
PROD,2026-04-04 16:00:00+00:00,2026-04-04 17:00:00+00:00,ocid1.vmcluster.oc1.eu-frankfurt-1.antheljtrvfrr5iaj2hikuptdl6xbuuec267chmo2k3iubjw2fhemzbhmksa,DMxS:EU-FRANKFURT-1-AD-2,cl-ba-xedc2-pqvm1,Database,Database Exadata Cloud at Customer - Database OCPU,B91363,30.000312,24.0,
TEST,2026-04-04 16:00:00+00:00,2026-04-04 17:00:00+00:00,ocid1.vmcluster.oc1.eu-frankfurt-1.antheljtrvfrr5iacz3aicfdxbta4h4bsdrxm45m56i32axkbtxy2ratl4kq,DMxS:EU-FRANKFURT-1-AD-2,cl-ba-xedc2-tqvm3,Database,Database Exadata Cloud at Customer - Database OCPU,B91363,7.500078,6.0,
TEST,2026-04-04 16:00:00+00:00,2026-04-04 17:00:00+00:00,ocid1.vmcluster.oc1.eu-frankfurt-1.antheljrrvfrr5iaiakdi5rxfl73notvt6tf6lslsueauptbt2dok4ptucdq,DMxS:EU-FRANKFURT-1-AD-1,cl-ba-xedc1-tqvm3,Database,Database Exadata Cloud at Customer - Database OCPU,B91363,7.500078,6.0,
PROD,2026-04-04 16:00:00+00:00,2026-04-04 17:00:00+00:00,ocid1.vmcluster.oc1.eu-frankfurt-1.antheljrrvfrr5iawj32h5gbrsj4yjuv7y65xtmdwewxqhedhfolqmkknbha,DMxS:EU-FRANKFURT-1-AD-1,cl-ba-xedc1-pqvm1,Database,Database Exadata Cloud at Customer - Database OCPU,B91363,47.500493999997,37.999999999998,
PROD,2026-04-04 17:00:00+00:00,2026-04-04 18:00:00+00:00,ocid1.vmcluster.oc1.eu-frankfurt-1.antheljtrvfrr5iaj2hikuptdl6xbuuec267chmo2k3iubjw2fhemzbhmksa,DMxS:EU-FRANKFURT-1-AD-2,cl-ba-xedc2-pqvm1,Database,Database Exadata Cloud at Customer - Database OCPU,B91363,30.000312,24.0,
PROD,2026-04-04 17:00:00+00:00,2026-04-04 18:00:00+00:00,ocid1.vmcluster.oc1.eu-frankfurt-1.antheljrrvfrr5iawj32h5gbrsj4yjuv7y65xtmdwewxqhedhfolqmkknbha,DMxS:EU-FRANKFURT-1-AD-1,cl-ba-xedc1-pqvm1,Database,Database Exadata Cloud at Customer - Database OCPU,B91363,47.500493999999,37.999999999999,
TEST,2026-04-04 17:00:00+00:00,2026-04-04 18:00:00+00:00,ocid1.vmcluster.oc1.eu-frankfurt-1.antheljrrvfrr5iaiakdi5rxfl73notvt6tf6lslsueauptbt2dok4ptucdq,DMxS:EU-FRANKFURT-1-AD-1,cl-ba-xedc1-tqvm3,Database,Database Exadata Cloud at Customer - Database OCPU,B91363,7.500078,6.0,
TEST,2026-04-04 17:00:00+00:00,2026-04-04 18:00:00+00:00,ocid1.vmcluster.oc1.eu-frankfurt-1.antheljtrvfrr5iacz3aicfdxbta4h4bsdrxm45m56i32axkbtxy2ratl4kq,DMxS:EU-FRANKFURT-1-AD-2,cl-ba-xedc2-tqvm3,Database,Database Exadata Cloud at Customer - Database OCPU,B91363,7.500078,6.0,
TEST,2026-04-04 18:00:00+00:00,2026-04-04 19:00:00+00:00,ocid1.vmcluster.oc1.eu-frankfurt-1.antheljrrvfrr5iaiakdi5rxfl73notvt6tf6lslsueauptbt2dok4ptucdq,DMxS:EU-FRANKFURT-1-AD-1,cl-ba-xedc1-tqvm3,Database,Database Exadata Cloud at Customer - Database OCPU,B91363,7.500078,6.0,
TEST,2026-04-04 18:00:00+00:00,2026-04-04 19:00:00+00:00,ocid1.vmcluster.oc1.eu-frankfurt-1.antheljtrvfrr5iacz3aicfdxbta4h4bsdrxm45m56i32axkbtxy2ratl4kq,DMxS:EU-FRANKFURT-1-AD-2,cl-ba-xedc2-tqvm3,Database,Database Exadata Cloud at Customer - Database OCPU,B91363,7.500078,6.0,
PROD,2026-04-04 18:00:00+00:00,2026-04-04 19:00:00+00:00,ocid1.vmcluster.oc1.eu-frankfurt-1.antheljrrvfrr5iawj32h5gbrsj4yjuv7y65xtmdwewxqhedhfolqmkknbha,DMxS:EU-FRANKFURT-1-AD-1,cl-ba-xedc1-pqvm1,Database,Database Exadata Cloud at Customer - Database OCPU,B91363,47.500493999999,37.999999999999,
PROD,2026-04-04 18:00:00+00:00,2026-04-04 19:00:00+00:00,ocid1.vmcluster.oc1.eu-frankfurt-1.antheljtrvfrr5iaj2hikuptdl6xbuuec267chmo2k3iubjw2fhemzbhmksa,DMxS:EU-FRANKFURT-1-AD-2,cl-ba-xedc2-pqvm1,Database,Database Exadata Cloud at Customer - Database OCPU,B91363,30.000312,24.0,
TEST,2026-04-04 19:00:00+00:00,2026-04-04 20:00:00+00:00,ocid1.vmcluster.oc1.eu-frankfurt-1.antheljtrvfrr5iacz3aicfdxbta4h4bsdrxm45m56i32axkbtxy2ratl4kq,DMxS:EU-FRANKFURT-1-AD-2,cl-ba-xedc2-tqvm3,Database,Database Exadata Cloud at Customer - Database OCPU,B91363,7.500078,6.0,
PROD,2026-04-04 19:00:00+00:00,2026-04-04 20:00:00+00:00,ocid1.vmcluster.oc1.eu-frankfurt-1.antheljtrvfrr5iaj2hikuptdl6xbuuec267chmo2k3iubjw2fhemzbhmksa,DMxS:EU-FRANKFURT-1-AD-2,cl-ba-xedc2-pqvm1,Database,Database Exadata Cloud at Customer - Database OCPU,B91363,30.000312,24.0,
PROD,2026-04-04 19:00:00+00:00,2026-04-04 20:00:00+00:00,ocid1.vmcluster.oc1.eu-frankfurt-1.antheljrrvfrr5iawj32h5gbrsj4yjuv7y65xtmdwewxqhedhfolqmkknbha,DMxS:EU-FRANKFURT-1-AD-1,cl-ba-xedc1-pqvm1,Database,Database Exadata Cloud at Customer - Database OCPU,B91363,47.500493999999,37.999999999999,
TEST,2026-04-04 19:00:00+00:00,2026-04-04 20:00:00+00:00,ocid1.vmcluster.oc1.eu-frankfurt-1.antheljrrvfrr5iaiakdi5rxfl73notvt6tf6lslsueauptbt2dok4ptucdq,DMxS:EU-FRANKFURT-1-AD-1,cl-ba-xedc1-tqvm3,Database,Database Exadata Cloud at Customer - Database OCPU,B91363,7.500078,6.0,
PROD,2026-04-04 20:00:00+00:00,2026-04-04 21:00:00+00:00,ocid1.vmcluster.oc1.eu-frankfurt-1.antheljrrvfrr5iawj32h5gbrsj4yjuv7y65xtmdwewxqhedhfolqmkknbha,DMxS:EU-FRANKFURT-1-AD-1,cl-ba-xedc1-pqvm1,Database,Database Exadata Cloud at Customer - Database OCPU,B91363,47.500493999999,37.999999999999,
TEST,2026-04-04 20:00:00+00:00,2026-04-04 21:00:00+00:00,ocid1.vmcluster.oc1.eu-frankfurt-1.antheljrrvfrr5iaiakdi5rxfl73notvt6tf6lslsueauptbt2dok4ptucdq,DMxS:EU-FRANKFURT-1-AD-1,cl-ba-xedc1-tqvm3,Database,Database Exadata Cloud at Customer - Database OCPU,B91363,7.500078,6.0,
TEST,2026-04-04 20:00:00+00:00,2026-04-04 21:00:00+00:00,ocid1.vmcluster.oc1.eu-frankfurt-1.antheljtrvfrr5iacz3aicfdxbta4h4bsdrxm45m56i32axkbtxy2ratl4kq,DMxS:EU-FRANKFURT-1-AD-2,cl-ba-xedc2-tqvm3,Database,Database Exadata Cloud at Customer - Database OCPU,B91363,7.500078,6.0,
PROD,2026-04-04 20:00:00+00:00,2026-04-04 21:00:00+00:00,ocid1.vmcluster.oc1.eu-frankfurt-1.antheljtrvfrr5iaj2hikuptdl6xbuuec267chmo2k3iubjw2fhemzbhmksa,DMxS:EU-FRANKFURT-1-AD-2,cl-ba-xedc2-pqvm1,Database,Database Exadata Cloud at Customer - Database OCPU,B91363,30.000312,24.0,
TEST,2026-04-04 21:00:00+00:00,2026-04-04 22:00:00+00:00,ocid1.vmcluster.oc1.eu-frankfurt-1.antheljrrvfrr5iaiakdi5rxfl73notvt6tf6lslsueauptbt2dok4ptucdq,DMxS:EU-FRANKFURT-1-AD-1,cl-ba-xedc1-tqvm3,Database,Database Exadata Cloud at Customer - Database OCPU,B91363,7.500078,6.0,
PROD,2026-04-04 21:00:00+00:00,2026-04-04 22:00:00+00:00,ocid1.vmcluster.oc1.eu-frankfurt-1.antheljrrvfrr5iawj32h5gbrsj4yjuv7y65xtmdwewxqhedhfolqmkknbha,DMxS:EU-FRANKFURT-1-AD-1,cl-ba-xedc1-pqvm1,Database,Database Exadata Cloud at Customer - Database OCPU,B91363,47.500493999999,37.999999999999,
TEST,2026-04-04 21:00:00+00:00,2026-04-04 22:00:00+00:00,ocid1.vmcluster.oc1.eu-frankfurt-1.antheljtrvfrr5iacz3aicfdxbta4h4bsdrxm45m56i32axkbtxy2ratl4kq,DMxS:EU-FRANKFURT-1-AD-2,cl-ba-xedc2-tqvm3,Database,Database Exadata Cloud at Customer - Database OCPU,B91363,7.500078,6.0,
PROD,2026-04-04 21:00:00+00:00,2026-04-04 22:00:00+00:00,ocid1.vmcluster.oc1.eu-frankfurt-1.antheljtrvfrr5iaj2hikuptdl6xbuuec267chmo2k3iubjw2fhemzbhmksa,DMxS:EU-FRANKFURT-1-AD-2,cl-ba-xedc2-pqvm1,Database,Database Exadata Cloud at Customer - Database OCPU,B91363,30.000312,24.0,
PROD,2026-04-04 22:00:00+00:00,2026-04-04 23:00:00+00:00,ocid1.vmcluster.oc1.eu-frankfurt-1.antheljtrvfrr5iaj2hikuptdl6xbuuec267chmo2k3iubjw2fhemzbhmksa,DMxS:EU-FRANKFURT-1-AD-2,cl-ba-xedc2-pqvm1,Database,Database Exadata Cloud at Customer - Database OCPU,B91363,30.000312,24.0,
PROD,2026-04-04 22:00:00+00:00,2026-04-04 23:00:00+00:00,ocid1.vmcluster.oc1.eu-frankfurt-1.antheljrrvfrr5iawj32h5gbrsj4yjuv7y65xtmdwewxqhedhfolqmkknbha,DMxS:EU-FRANKFURT-1-AD-1,cl-ba-xedc1-pqvm1,Database,Database Exadata Cloud at Customer - Database OCPU,B91363,47.500493999997,37.999999999998,
TEST,2026-04-04 22:00:00+00:00,2026-04-04 23:00:00+00:00,ocid1.vmcluster.oc1.eu-frankfurt-1.antheljrrvfrr5iaiakdi5rxfl73notvt6tf6lslsueauptbt2dok4ptucdq,DMxS:EU-FRANKFURT-1-AD-1,cl-ba-xedc1-tqvm3,Database,Database Exadata Cloud at Customer - Database OCPU,B91363,7.500078,6.0,
TEST,2026-04-04 22:00:00+00:00,2026-04-04 23:00:00+00:00,ocid1.vmcluster.oc1.eu-frankfurt-1.antheljtrvfrr5iacz3aicfdxbta4h4bsdrxm45m56i32axkbtxy2ratl4kq,DMxS:EU-FRANKFURT-1-AD-2,cl-ba-xedc2-tqvm3,Database,Database Exadata Cloud at Customer - Database OCPU,B91363,7.500078,6.0,
PROD,2026-04-04 23:00:00+00:00,2026-04-05 00:00:00+00:00,ocid1.vmcluster.oc1.eu-frankfurt-1.antheljtrvfrr5iaj2hikuptdl6xbuuec267chmo2k3iubjw2fhemzbhmksa,DMxS:EU-FRANKFURT-1-AD-2,cl-ba-xedc2-pqvm1,Database,Database Exadata Cloud at Customer - Database OCPU,B91363,30.000312,24.0,
PROD,2026-04-04 23:00:00+00:00,2026-04-05 00:00:00+00:00,ocid1.vmcluster.oc1.eu-frankfurt-1.antheljrrvfrr5iawj32h5gbrsj4yjuv7y65xtmdwewxqhedhfolqmkknbha,DMxS:EU-FRANKFURT-1-AD-1,cl-ba-xedc1-pqvm1,Database,Database Exadata Cloud at Customer - Database OCPU,B91363,47.500493999999,37.999999999999,
TEST,2026-04-04 23:00:00+00:00,2026-04-05 00:00:00+00:00,ocid1.vmcluster.oc1.eu-frankfurt-1.antheljtrvfrr5iacz3aicfdxbta4h4bsdrxm45m56i32axkbtxy2ratl4kq,DMxS:EU-FRANKFURT-1-AD-2,cl-ba-xedc2-tqvm3,Database,Database Exadata Cloud at Customer - Database OCPU,B91363,7.500078,6.0,
TEST,2026-04-04 23:00:00+00:00,2026-04-05 00:00:00+00:00,ocid1.vmcluster.oc1.eu-frankfurt-1.antheljrrvfrr5iaiakdi5rxfl73notvt6tf6lslsueauptbt2dok4ptucdq,DMxS:EU-FRANKFURT-1-AD-1,cl-ba-xedc1-tqvm3,Database,Database Exadata Cloud at Customer - Database OCPU,B91363,7.500078,6.0,
PROD,2026-04-05 00:00:00+00:00,2026-04-05 01:00:00+00:00,ocid1.vmcluster.oc1.eu-frankfurt-1.antheljrrvfrr5iawj32h5gbrsj4yjuv7y65xtmdwewxqhedhfolqmkknbha,DMxS:EU-FRANKFURT-1-AD-1,cl-ba-xedc1-pqvm1,Database,Database Exadata Cloud at Customer - Database OCPU,B91363,47.500493999999,37.999999999999,
TEST,2026-04-05 00:00:00+00:00,2026-04-05 01:00:00+00:00,ocid1.vmcluster.oc1.eu-frankfurt-1.antheljtrvfrr5iacz3aicfdxbta4h4bsdrxm45m56i32axkbtxy2ratl4kq,DMxS:EU-FRANKFURT-1-AD-2,cl-ba-xedc2-tqvm3,Database,Database Exadata Cloud at Customer - Database OCPU,B91363,7.500078,6.0,
PROD,2026-04-05 00:00:00+00:00,2026-04-05 01:00:00+00:00,ocid1.vmcluster.oc1.eu-frankfurt-1.antheljtrvfrr5iaj2hikuptdl6xbuuec267chmo2k3iubjw2fhemzbhmksa,DMxS:EU-FRANKFURT-1-AD-2,cl-ba-xedc2-pqvm1,Database,Database Exadata Cloud at Customer - Database OCPU,B91363,30.000312,24.0,
TEST,2026-04-05 00:00:00+00:00,2026-04-05 01:00:00+00:00,ocid1.vmcluster.oc1.eu-frankfurt-1.antheljrrvfrr5iaiakdi5rxfl73notvt6tf6lslsueauptbt2dok4ptucdq,DMxS:EU-FRANKFURT-1-AD-1,cl-ba-xedc1-tqvm3,Database,Database Exadata Cloud at Customer - Database OCPU,B91363,7.500078,6.0,
PROD,2026-04-05 00:00:00+00:00,2026-04-05 01:00:00+00:00,ocid1.vmcluster.oc1.eu-frankfurt-1.antheljrrvfrr5iawj32h5gbrsj4yjuv7y65xtmdwewxqhedhfolqmkknbha,DMxS:EU-FRANKFURT-1-AD-1,cl-ba-xedc1-pqvm1,Database,Database Exadata Cloud at Customer - Database OCPU,B91363,47.500493999999,37.999999999999,
TEST,2026-04-05 00:00:00+00:00,2026-04-05 01:00:00+00:00,ocid1.vmcluster.oc1.eu-frankfurt-1.antheljtrvfrr5iacz3aicfdxbta4h4bsdrxm45m56i32axkbtxy2ratl4kq,DMxS:EU-FRANKFURT-1-AD-2,cl-ba-xedc2-tqvm3,Database,Database Exadata Cloud at Customer - Database OCPU,B91363,7.500078,6.0,
TEST,2026-04-05 00:00:00+00:00,2026-04-05 01:00:00+00:00,ocid1.vmcluster.oc1.eu-frankfurt-1.antheljrrvfrr5iaiakdi5rxfl73notvt6tf6lslsueauptbt2dok4ptucdq,DMxS:EU-FRANKFURT-1-AD-1,cl-ba-xedc1-tqvm3,Database,Database Exadata Cloud at Customer - Database OCPU,B91363,7.500078,6.0,
PROD,2026-04-05 00:00:00+00:00,2026-04-05 01:00:00+00:00,ocid1.vmcluster.oc1.eu-frankfurt-1.antheljtrvfrr5iaj2hikuptdl6xbuuec267chmo2k3iubjw2fhemzbhmksa,DMxS:EU-FRANKFURT-1-AD-2,cl-ba-xedc2-pqvm1,Database,Database Exadata Cloud at Customer - Database OCPU,B91363,30.000312,24.0,
PROD,2026-04-05 01:00:00+00:00,2026-04-05 02:00:00+00:00,ocid1.vmcluster.oc1.eu-frankfurt-1.antheljrrvfrr5iawj32h5gbrsj4yjuv7y65xtmdwewxqhedhfolqmkknbha,DMxS:EU-FRANKFURT-1-AD-1,cl-ba-xedc1-pqvm1,Database,Database Exadata Cloud at Customer - Database OCPU,B91363,47.500493999999,37.999999999999,
TEST,2026-04-05 01:00:00+00:00,2026-04-05 02:00:00+00:00,ocid1.vmcluster.oc1.eu-frankfurt-1.antheljrrvfrr5iaiakdi5rxfl73notvt6tf6lslsueauptbt2dok4ptucdq,DMxS:EU-FRANKFURT-1-AD-1,cl-ba-xedc1-tqvm3,Database,Database Exadata Cloud at Customer - Database OCPU,B91363,7.500078,6.0,
PROD,2026-04-05 01:00:00+00:00,2026-04-05 02:00:00+00:00,ocid1.vmcluster.oc1.eu-frankfurt-1.antheljtrvfrr5iaj2hikuptdl6xbuuec267chmo2k3iubjw2fhemzbhmksa,DMxS:EU-FRANKFURT-1-AD-2,cl-ba-xedc2-pqvm1,Database,Database Exadata Cloud at Customer - Database OCPU,B91363,30.000312,24.0,
TEST,2026-04-05 01:00:00+00:00,2026-04-05 02:00:00+00:00,ocid1.vmcluster.oc1.eu-frankfurt-1.antheljtrvfrr5iacz3aicfdxbta4h4bsdrxm45m56i32axkbtxy2ratl4kq,DMxS:EU-FRANKFURT-1-AD-2,cl-ba-xedc2-tqvm3,Database,Database Exadata Cloud at Customer - Database OCPU,B91363,7.500078,6.0,
PROD,2026-04-05 01:00:00+00:00,2026-04-05 02:00:00+00:00,ocid1.vmcluster.oc1.eu-frankfurt-1.antheljrrvfrr5iawj32h5gbrsj4yjuv7y65xtmdwewxqhedhfolqmkknbha,DMxS:EU-FRANKFURT-1-AD-1,cl-ba-xedc1-pqvm1,Database,Database Exadata Cloud at Customer - Database OCPU,B91363,47.500493999999,37.999999999999,
TEST,2026-04-05 01:00:00+00:00,2026-04-05 02:00:00+00:00,ocid1.vmcluster.oc1.eu-frankfurt-1.antheljrrvfrr5iaiakdi5rxfl73notvt6tf6lslsueauptbt2dok4ptucdq,DMxS:EU-FRANKFURT-1-AD-1,cl-ba-xedc1-tqvm3,Database,Database Exadata Cloud at Customer - Database OCPU,B91363,7.500078,6.0,
PROD,2026-04-05 01:00:00+00:00,2026-04-05 02:00:00+00:00,ocid1.vmcluster.oc1.eu-frankfurt-1.antheljtrvfrr5iaj2hikuptdl6xbuuec267chmo2k3iubjw2fhemzbhmksa,DMxS:EU-FRANKFURT-1-AD-2,cl-ba-xedc2-pqvm1,Database,Database Exadata Cloud at Customer - Database OCPU,B91363,30.000312,24.0,
TEST,2026-04-05 01:00:00+00:00,2026-04-05 02:00:00+00:00,ocid1.vmcluster.oc1.eu-frankfurt-1.antheljtrvfrr5iacz3aicfdxbta4h4bsdrxm45m56i32axkbtxy2ratl4kq,DMxS:EU-FRANKFURT-1-AD-2,cl-ba-xedc2-tqvm3,Database,Database Exadata Cloud at Customer - Database OCPU,B91363,7.500078,6.0,
PROD,2026-04-05 02:00:00+00:00,2026-04-05 03:00:00+00:00,ocid1.vmcluster.oc1.eu-frankfurt-1.antheljtrvfrr5iaj2hikuptdl6xbuuec267chmo2k3iubjw2fhemzbhmksa,DMxS:EU-FRANKFURT-1-AD-2,cl-ba-xedc2-pqvm1,Database,Database Exadata Cloud at Customer - Database OCPU,B91363,30.000312,24.0,
TEST,2026-04-05 02:00:00+00:00,2026-04-05 03:00:00+00:00,ocid1.vmcluster.oc1.eu-frankfurt-1.antheljtrvfrr5iacz3aicfdxbta4h4bsdrxm45m56i32axkbtxy2ratl4kq,DMxS:EU-FRANKFURT-1-AD-2,cl-ba-xedc2-tqvm3,Database,Database Exadata Cloud at Customer - Database OCPU,B91363,7.500078,6.0,
TEST,2026-04-05 02:00:00+00:00,2026-04-05 03:00:00+00:00,ocid1.vmcluster.oc1.eu-frankfurt-1.antheljrrvfrr5iaiakdi5rxfl73notvt6tf6lslsueauptbt2dok4ptucdq,DMxS:EU-FRANKFURT-1-AD-1,cl-ba-xedc1-tqvm3,Database,Database Exadata Cloud at Customer - Database OCPU,B91363,7.500078,6.0,
PROD,2026-04-05 02:00:00+00:00,2026-04-05 03:00:00+00:00,ocid1.vmcluster.oc1.eu-frankfurt-1.antheljrrvfrr5iawj32h5gbrsj4yjuv7y65xtmdwewxqhedhfolqmkknbha,DMxS:EU-FRANKFURT-1-AD-1,cl-ba-xedc1-pqvm1,Database,Database Exadata Cloud at Customer - Database OCPU,B91363,47.500493999999,37.999999999999,
PROD,2026-04-05 02:00:00+00:00,2026-04-05 03:00:00+00:00,ocid1.vmcluster.oc1.eu-frankfurt-1.antheljtrvfrr5iaj2hikuptdl6xbuuec267chmo2k3iubjw2fhemzbhmksa,DMxS:EU-FRANKFURT-1-AD-2,cl-ba-xedc2-pqvm1,Database,Database Exadata Cloud at Customer - Database OCPU,B91363,30.000312,24.0,
TEST,2026-04-05 02:00:00+00:00,2026-04-05 03:00:00+00:00,ocid1.vmcluster.oc1.eu-frankfurt-1.antheljtrvfrr5iacz3aicfdxbta4h4bsdrxm45m56i32axkbtxy2ratl4kq,DMxS:EU-FRANKFURT-1-AD-2,cl-ba-xedc2-tqvm3,Database,Database Exadata Cloud at Customer - Database OCPU,B91363,7.500078,6.0,
TEST,2026-04-05 02:00:00+00:00,2026-04-05 03:00:00+00:00,ocid1.vmcluster.oc1.eu-frankfurt-1.antheljrrvfrr5iaiakdi5rxfl73notvt6tf6lslsueauptbt2dok4ptucdq,DMxS:EU-FRANKFURT-1-AD-1,cl-ba-xedc1-tqvm3,Database,Database Exadata Cloud at Customer - Database OCPU,B91363,7.500078,6.0,
PROD,2026-04-05 02:00:00+00:00,2026-04-05 03:00:00+00:00,ocid1.vmcluster.oc1.eu-frankfurt-1.antheljrrvfrr5iawj32h5gbrsj4yjuv7y65xtmdwewxqhedhfolqmkknbha,DMxS:EU-FRANKFURT-1-AD-1,cl-ba-xedc1-pqvm1,Database,Database Exadata Cloud at Customer - Database OCPU,B91363,47.500493999999,37.999999999999,
TEST,2026-04-05 03:00:00+00:00,2026-04-05 04:00:00+00:00,ocid1.vmcluster.oc1.eu-frankfurt-1.antheljrrvfrr5iaiakdi5rxfl73notvt6tf6lslsueauptbt2dok4ptucdq,DMxS:EU-FRANKFURT-1-AD-1,cl-ba-xedc1-tqvm3,Database,Database Exadata Cloud at Customer - Database OCPU,B91363,7.500078,6.0,
TEST,2026-04-05 03:00:00+00:00,2026-04-05 04:00:00+00:00,ocid1.vmcluster.oc1.eu-frankfurt-1.antheljtrvfrr5iacz3aicfdxbta4h4bsdrxm45m56i32axkbtxy2ratl4kq,DMxS:EU-FRANKFURT-1-AD-2,cl-ba-xedc2-tqvm3,Database,Database Exadata Cloud at Customer - Database OCPU,B91363,7.500078,6.0,
PROD,2026-04-05 03:00:00+00:00,2026-04-05 04:00:00+00:00,ocid1.vmcluster.oc1.eu-frankfurt-1.antheljtrvfrr5iaj2hikuptdl6xbuuec267chmo2k3iubjw2fhemzbhmksa,DMxS:EU-FRANKFURT-1-AD-2,cl-ba-xedc2-pqvm1,Database,Database Exadata Cloud at Customer - Database OCPU,B91363,30.000312,24.0,
PROD,2026-04-05 03:00:00+00:00,2026-04-05 04:00:00+00:00,ocid1.vmcluster.oc1.eu-frankfurt-1.antheljrrvfrr5iawj32h5gbrsj4yjuv7y65xtmdwewxqhedhfolqmkknbha,DMxS:EU-FRANKFURT-1-AD-1,cl-ba-xedc1-pqvm1,Database,Database Exadata Cloud at Customer - Database OCPU,B91363,47.500494,38.0,
TEST,2026-04-05 03:00:00+00:00,2026-04-05 04:00:00+00:00,ocid1.vmcluster.oc1.eu-frankfurt-1.antheljrrvfrr5iaiakdi5rxfl73notvt6tf6lslsueauptbt2dok4ptucdq,DMxS:EU-FRANKFURT-1-AD-1,cl-ba-xedc1-tqvm3,Database,Database Exadata Cloud at Customer - Database OCPU,B91363,7.500078,6.0,
TEST,2026-04-05 03:00:00+00:00,2026-04-05 04:00:00+00:00,ocid1.vmcluster.oc1.eu-frankfurt-1.antheljtrvfrr5iacz3aicfdxbta4h4bsdrxm45m56i32axkbtxy2ratl4kq,DMxS:EU-FRANKFURT-1-AD-2,cl-ba-xedc2-tqvm3,Database,Database Exadata Cloud at Customer - Database OCPU,B91363,7.500078,6.0,
PROD,2026-04-05 03:00:00+00:00,2026-04-05 04:00:00+00:00,ocid1.vmcluster.oc1.eu-frankfurt-1.antheljrrvfrr5iawj32h5gbrsj4yjuv7y65xtmdwewxqhedhfolqmkknbha,DMxS:EU-FRANKFURT-1-AD-1,cl-ba-xedc1-pqvm1,Database,Database Exadata Cloud at Customer - Database OCPU,B91363,47.500494,38.0,
PROD,2026-04-05 03:00:00+00:00,2026-04-05 04:00:00+00:00,ocid1.vmcluster.oc1.eu-frankfurt-1.antheljtrvfrr5iaj2hikuptdl6xbuuec267chmo2k3iubjw2fhemzbhmksa,DMxS:EU-FRANKFURT-1-AD-2,cl-ba-xedc2-pqvm1,Database,Database Exadata Cloud at Customer - Database OCPU,B91363,30.000312,24.0,
TEST,2026-04-05 04:00:00+00:00,2026-04-05 05:00:00+00:00,ocid1.vmcluster.oc1.eu-frankfurt-1.antheljrrvfrr5iaiakdi5rxfl73notvt6tf6lslsueauptbt2dok4ptucdq,DMxS:EU-FRANKFURT-1-AD-1,cl-ba-xedc1-tqvm3,Database,Database Exadata Cloud at Customer - Database OCPU,B91363,7.500078,6.0,
TEST,2026-04-05 04:00:00+00:00,2026-04-05 05:00:00+00:00,ocid1.vmcluster.oc1.eu-frankfurt-1.antheljtrvfrr5iacz3aicfdxbta4h4bsdrxm45m56i32axkbtxy2ratl4kq,DMxS:EU-FRANKFURT-1-AD-2,cl-ba-xedc2-tqvm3,Database,Database Exadata Cloud at Customer - Database OCPU,B91363,7.500078,6.0,
PROD,2026-04-05 04:00:00+00:00,2026-04-05 05:00:00+00:00,ocid1.vmcluster.oc1.eu-frankfurt-1.antheljrrvfrr5iawj32h5gbrsj4yjuv7y65xtmdwewxqhedhfolqmkknbha,DMxS:EU-FRANKFURT-1-AD-1,cl-ba-xedc1-pqvm1,Database,Database Exadata Cloud at Customer - Database OCPU,B91363,47.500494,38.0,
PROD,2026-04-05 04:00:00+00:00,2026-04-05 05:00:00+00:00,ocid1.vmcluster.oc1.eu-frankfurt-1.antheljtrvfrr5iaj2hikuptdl6xbuuec267chmo2k3iubjw2fhemzbhmksa,DMxS:EU-FRANKFURT-1-AD-2,cl-ba-xedc2-pqvm1,Database,Database Exadata Cloud at Customer - Database OCPU,B91363,30.000312,24.0,
TEST,2026-04-05 04:00:00+00:00,2026-04-05 05:00:00+00:00,ocid1.vmcluster.oc1.eu-frankfurt-1.antheljrrvfrr5iaiakdi5rxfl73notvt6tf6lslsueauptbt2dok4ptucdq,DMxS:EU-FRANKFURT-1-AD-1,cl-ba-xedc1-tqvm3,Database,Database Exadata Cloud at Customer - Database OCPU,B91363,7.500078,6.0,
TEST,2026-04-05 04:00:00+00:00,2026-04-05 05:00:00+00:00,ocid1.vmcluster.oc1.eu-frankfurt-1.antheljtrvfrr5iacz3aicfdxbta4h4bsdrxm45m56i32axkbtxy2ratl4kq,DMxS:EU-FRANKFURT-1-AD-2,cl-ba-xedc2-tqvm3,Database,Database Exadata Cloud at Customer - Database OCPU,B91363,7.500078,6.0,
PROD,2026-04-05 04:00:00+00:00,2026-04-05 05:00:00+00:00,ocid1.vmcluster.oc1.eu-frankfurt-1.antheljrrvfrr5iawj32h5gbrsj4yjuv7y65xtmdwewxqhedhfolqmkknbha,DMxS:EU-FRANKFURT-1-AD-1,cl-ba-xedc1-pqvm1,Database,Database Exadata Cloud at Customer - Database OCPU,B91363,47.500494,38.0,
PROD,2026-04-05 04:00:00+00:00,2026-04-05 05:00:00+00:00,ocid1.vmcluster.oc1.eu-frankfurt-1.antheljtrvfrr5iaj2hikuptdl6xbuuec267chmo2k3iubjw2fhemzbhmksa,DMxS:EU-FRANKFURT-1-AD-2,cl-ba-xedc2-pqvm1,Database,Database Exadata Cloud at Customer - Database OCPU,B91363,30.000312,24.0,
TEST,2026-04-05 05:00:00+00:00,2026-04-05 06:00:00+00:00,ocid1.vmcluster.oc1.eu-frankfurt-1.antheljrrvfrr5iaiakdi5rxfl73notvt6tf6lslsueauptbt2dok4ptucdq,DMxS:EU-FRANKFURT-1-AD-1,cl-ba-xedc1-tqvm3,Database,Database Exadata Cloud at Customer - Database OCPU,B91363,7.500078,6.0,
PROD,2026-04-05 05:00:00+00:00,2026-04-05 06:00:00+00:00,ocid1.vmcluster.oc1.eu-frankfurt-1.antheljrrvfrr5iawj32h5gbrsj4yjuv7y65xtmdwewxqhedhfolqmkknbha,DMxS:EU-FRANKFURT-1-AD-1,cl-ba-xedc1-pqvm1,Database,Database Exadata Cloud at Customer - Database OCPU,B91363,47.500493999999,37.999999999999,
TEST,2026-04-05 05:00:00+00:00,2026-04-05 06:00:00+00:00,ocid1.vmcluster.oc1.eu-frankfurt-1.antheljtrvfrr5iacz3aicfdxbta4h4bsdrxm45m56i32axkbtxy2ratl4kq,DMxS:EU-FRANKFURT-1-AD-2,cl-ba-xedc2-tqvm3,Database,Database Exadata Cloud at Customer - Database OCPU,B91363,7.500078,6.0,
PROD,2026-04-05 05:00:00+00:00,2026-04-05 06:00:00+00:00,ocid1.vmcluster.oc1.eu-frankfurt-1.antheljtrvfrr5iaj2hikuptdl6xbuuec267chmo2k3iubjw2fhemzbhmksa,DMxS:EU-FRANKFURT-1-AD-2,cl-ba-xedc2-pqvm1,Database,Database Exadata Cloud at Customer - Database OCPU,B91363,30.000312,24.0,
TEST,2026-04-05 05:00:00+00:00,2026-04-05 06:00:00+00:00,ocid1.vmcluster.oc1.eu-frankfurt-1.antheljrrvfrr5iaiakdi5rxfl73notvt6tf6lslsueauptbt2dok4ptucdq,DMxS:EU-FRANKFURT-1-AD-1,cl-ba-xedc1-tqvm3,Database,Database Exadata Cloud at Customer - Database OCPU,B91363,7.500078,6.0,
PROD,2026-04-05 05:00:00+00:00,2026-04-05 06:00:00+00:00,ocid1.vmcluster.oc1.eu-frankfurt-1.antheljrrvfrr5iawj32h5gbrsj4yjuv7y65xtmdwewxqhedhfolqmkknbha,DMxS:EU-FRANKFURT-1-AD-1,cl-ba-xedc1-pqvm1,Database,Database Exadata Cloud at Customer - Database OCPU,B91363,47.500493999999,37.999999999999,
TEST,2026-04-05 05:00:00+00:00,2026-04-05 06:00:00+00:00,ocid1.vmcluster.oc1.eu-frankfurt-1.antheljtrvfrr5iacz3aicfdxbta4h4bsdrxm45m56i32axkbtxy2ratl4kq,DMxS:EU-FRANKFURT-1-AD-2,cl-ba-xedc2-tqvm3,Database,Database Exadata Cloud at Customer - Database OCPU,B91363,7.500078,6.0,
PROD,2026-04-05 05:00:00+00:00,2026-04-05 06:00:00+00:00,ocid1.vmcluster.oc1.eu-frankfurt-1.antheljtrvfrr5iaj2hikuptdl6xbuuec267chmo2k3iubjw2fhemzbhmksa,DMxS:EU-FRANKFURT-1-AD-2,cl-ba-xedc2-pqvm1,Database,Database Exadata Cloud at Customer - Database OCPU,B91363,30.000312,24.0,
PROD,2026-04-05 06:00:00+00:00,2026-04-05 07:00:00+00:00,ocid1.vmcluster.oc1.eu-frankfurt-1.antheljrrvfrr5iawj32h5gbrsj4yjuv7y65xtmdwewxqhedhfolqmkknbha,DMxS:EU-FRANKFURT-1-AD-1,cl-ba-xedc1-pqvm1,Database,Database Exadata Cloud at Customer - Database OCPU,B91363,47.500493999999,37.999999999999,
TEST,2026-04-05 06:00:00+00:00,2026-04-05 07:00:00+00:00,ocid1.vmcluster.oc1.eu-frankfurt-1.antheljtrvfrr5iacz3aicfdxbta4h4bsdrxm45m56i32axkbtxy2ratl4kq,DMxS:EU-FRANKFURT-1-AD-2,cl-ba-xedc2-tqvm3,Database,Database Exadata Cloud at Customer - Database OCPU,B91363,7.500078,6.0,
PROD,2026-04-05 06:00:00+00:00,2026-04-05 07:00:00+00:00,ocid1.vmcluster.oc1.eu-frankfurt-1.antheljtrvfrr5iaj2hikuptdl6xbuuec267chmo2k3iubjw2fhemzbhmksa,DMxS:EU-FRANKFURT-1-AD-2,cl-ba-xedc2-pqvm1,Database,Database Exadata Cloud at Customer - Database OCPU,B91363,30.000312,24.0,
TEST,2026-04-05 06:00:00+00:00,2026-04-05 07:00:00+00:00,ocid1.vmcluster.oc1.eu-frankfurt-1.antheljrrvfrr5iaiakdi5rxfl73notvt6tf6lslsueauptbt2dok4ptucdq,DMxS:EU-FRANKFURT-1-AD-1,cl-ba-xedc1-tqvm3,Database,Database Exadata Cloud at Customer - Database OCPU,B91363,7.500078,6.0,
PROD,2026-04-05 06:00:00+00:00,2026-04-05 07:00:00+00:00,ocid1.vmcluster.oc1.eu-frankfurt-1.antheljtrvfrr5iaj2hikuptdl6xbuuec267chmo2k3iubjw2fhemzbhmksa,DMxS:EU-FRANKFURT-1-AD-2,cl-ba-xedc2-pqvm1,Database,Database Exadata Cloud at Customer - Database OCPU,B91363,30.000312,24.0,
PROD,2026-04-05 06:00:00+00:00,2026-04-05 07:00:00+00:00,ocid1.vmcluster.oc1.eu-frankfurt-1.antheljrrvfrr5iawj32h5gbrsj4yjuv7y65xtmdwewxqhedhfolqmkknbha,DMxS:EU-FRANKFURT-1-AD-1,cl-ba-xedc1-pqvm1,Database,Database Exadata Cloud at Customer - Database OCPU,B91363,47.500493999999,37.999999999999,
TEST,2026-04-05 06:00:00+00:00,2026-04-05 07:00:00+00:00,ocid1.vmcluster.oc1.eu-frankfurt-1.antheljrrvfrr5iaiakdi5rxfl73notvt6tf6lslsueauptbt2dok4ptucdq,DMxS:EU-FRANKFURT-1-AD-1,cl-ba-xedc1-tqvm3,Database,Database Exadata Cloud at Customer - Database OCPU,B91363,7.500078,6.0,
TEST,2026-04-05 06:00:00+00:00,2026-04-05 07:00:00+00:00,ocid1.vmcluster.oc1.eu-frankfurt-1.antheljtrvfrr5iacz3aicfdxbta4h4bsdrxm45m56i32axkbtxy2ratl4kq,DMxS:EU-FRANKFURT-1-AD-2,cl-ba-xedc2-tqvm3,Database,Database Exadata Cloud at Customer - Database OCPU,B91363,7.500078,6.0,
TEST,2026-04-05 07:00:00+00:00,2026-04-05 08:00:00+00:00,ocid1.vmcluster.oc1.eu-frankfurt-1.antheljrrvfrr5iaiakdi5rxfl73notvt6tf6lslsueauptbt2dok4ptucdq,DMxS:EU-FRANKFURT-1-AD-1,cl-ba-xedc1-tqvm3,Database,Database Exadata Cloud at Customer - Database OCPU,B91363,7.500078,6.0,
PROD,2026-04-05 07:00:00+00:00,2026-04-05 08:00:00+00:00,ocid1.vmcluster.oc1.eu-frankfurt-1.antheljrrvfrr5iawj32h5gbrsj4yjuv7y65xtmdwewxqhedhfolqmkknbha,DMxS:EU-FRANKFURT-1-AD-1,cl-ba-xedc1-pqvm1,Database,Database Exadata Cloud at Customer - Database OCPU,B91363,47.500493999999,37.999999999999,
TEST,2026-04-05 07:00:00+00:00,2026-04-05 08:00:00+00:00,ocid1.vmcluster.oc1.eu-frankfurt-1.antheljtrvfrr5iacz3aicfdxbta4h4bsdrxm45m56i32axkbtxy2ratl4kq,DMxS:EU-FRANKFURT-1-AD-2,cl-ba-xedc2-tqvm3,Database,Database Exadata Cloud at Customer - Database OCPU,B91363,7.500078,6.0,
PROD,2026-04-05 07:00:00+00:00,2026-04-05 08:00:00+00:00,ocid1.vmcluster.oc1.eu-frankfurt-1.antheljtrvfrr5iaj2hikuptdl6xbuuec267chmo2k3iubjw2fhemzbhmksa,DMxS:EU-FRANKFURT-1-AD-2,cl-ba-xedc2-pqvm1,Database,Database Exadata Cloud at Customer - Database OCPU,B91363,30.000312,24.0,
PROD,2026-04-05 07:00:00+00:00,2026-04-05 08:00:00+00:00,ocid1.vmcluster.oc1.eu-frankfurt-1.antheljrrvfrr5iawj32h5gbrsj4yjuv7y65xtmdwewxqhedhfolqmkknbha,DMxS:EU-FRANKFURT-1-AD-1,cl-ba-xedc1-pqvm1,Database,Database Exadata Cloud at Customer - Database OCPU,B91363,47.500493999999,37.999999999999,
TEST,2026-04-05 07:00:00+00:00,2026-04-05 08:00:00+00:00,ocid1.vmcluster.oc1.eu-frankfurt-1.antheljrrvfrr5iaiakdi5rxfl73notvt6tf6lslsueauptbt2dok4ptucdq,DMxS:EU-FRANKFURT-1-AD-1,cl-ba-xedc1-tqvm3,Database,Database Exadata Cloud at Customer - Database OCPU,B91363,7.500078,6.0,
TEST,2026-04-05 07:00:00+00:00,2026-04-05 08:00:00+00:00,ocid1.vmcluster.oc1.eu-frankfurt-1.antheljtrvfrr5iacz3aicfdxbta4h4bsdrxm45m56i32axkbtxy2ratl4kq,DMxS:EU-FRANKFURT-1-AD-2,cl-ba-xedc2-tqvm3,Database,Database Exadata Cloud at Customer - Database OCPU,B91363,7.500078,6.0,
PROD,2026-04-05 07:00:00+00:00,2026-04-05 08:00:00+00:00,ocid1.vmcluster.oc1.eu-frankfurt-1.antheljtrvfrr5iaj2hikuptdl6xbuuec267chmo2k3iubjw2fhemzbhmksa,DMxS:EU-FRANKFURT-1-AD-2,cl-ba-xedc2-pqvm1,Database,Database Exadata Cloud at Customer - Database OCPU,B91363,30.000312,24.0,
TEST,2026-04-05 08:00:00+00:00,2026-04-05 09:00:00+00:00,ocid1.vmcluster.oc1.eu-frankfurt-1.antheljrrvfrr5iaiakdi5rxfl73notvt6tf6lslsueauptbt2dok4ptucdq,DMxS:EU-FRANKFURT-1-AD-1,cl-ba-xedc1-tqvm3,Database,Database Exadata Cloud at Customer - Database OCPU,B91363,7.500078,6.0,
TEST,2026-04-05 08:00:00+00:00,2026-04-05 09:00:00+00:00,ocid1.vmcluster.oc1.eu-frankfurt-1.antheljtrvfrr5iacz3aicfdxbta4h4bsdrxm45m56i32axkbtxy2ratl4kq,DMxS:EU-FRANKFURT-1-AD-2,cl-ba-xedc2-tqvm3,Database,Database Exadata Cloud at Customer - Database OCPU,B91363,7.500078,6.0,
PROD,2026-04-05 08:00:00+00:00,2026-04-05 09:00:00+00:00,ocid1.vmcluster.oc1.eu-frankfurt-1.antheljtrvfrr5iaj2hikuptdl6xbuuec267chmo2k3iubjw2fhemzbhmksa,DMxS:EU-FRANKFURT-1-AD-2,cl-ba-xedc2-pqvm1,Database,Database Exadata Cloud at Customer - Database OCPU,B91363,30.000312,24.0,
PROD,2026-04-05 08:00:00+00:00,2026-04-05 09:00:00+00:00,ocid1.vmcluster.oc1.eu-frankfurt-1.antheljrrvfrr5iawj32h5gbrsj4yjuv7y65xtmdwewxqhedhfolqmkknbha,DMxS:EU-FRANKFURT-1-AD-1,cl-ba-xedc1-pqvm1,Database,Database Exadata Cloud at Customer - Database OCPU,B91363,47.500493999999,37.999999999999,
PROD,2026-04-05 08:00:00+00:00,2026-04-05 09:00:00+00:00,ocid1.vmcluster.oc1.eu-frankfurt-1.antheljtrvfrr5iaj2hikuptdl6xbuuec267chmo2k3iubjw2fhemzbhmksa,DMxS:EU-FRANKFURT-1-AD-2,cl-ba-xedc2-pqvm1,Database,Database Exadata Cloud at Customer - Database OCPU,B91363,30.000312,24.0,
TEST,2026-04-05 08:00:00+00:00,2026-04-05 09:00:00+00:00,ocid1.vmcluster.oc1.eu-frankfurt-1.antheljrrvfrr5iaiakdi5rxfl73notvt6tf6lslsueauptbt2dok4ptucdq,DMxS:EU-FRANKFURT-1-AD-1,cl-ba-xedc1-tqvm3,Database,Database Exadata Cloud at Customer - Database OCPU,B91363,7.500078,6.0,
TEST,2026-04-05 08:00:00+00:00,2026-04-05 09:00:00+00:00,ocid1.vmcluster.oc1.eu-frankfurt-1.antheljtrvfrr5iacz3aicfdxbta4h4bsdrxm45m56i32axkbtxy2ratl4kq,DMxS:EU-FRANKFURT-1-AD-2,cl-ba-xedc2-tqvm3,Database,Database Exadata Cloud at Customer - Database OCPU,B91363,7.500078,6.0,
PROD,2026-04-05 08:00:00+00:00,2026-04-05 09:00:00+00:00,ocid1.vmcluster.oc1.eu-frankfurt-1.antheljrrvfrr5iawj32h5gbrsj4yjuv7y65xtmdwewxqhedhfolqmkknbha,DMxS:EU-FRANKFURT-1-AD-1,cl-ba-xedc1-pqvm1,Database,Database Exadata Cloud at Customer - Database OCPU,B91363,47.500493999999,37.999999999999,
TEST,2026-04-05 09:00:00+00:00,2026-04-05 10:00:00+00:00,ocid1.vmcluster.oc1.eu-frankfurt-1.antheljtrvfrr5iacz3aicfdxbta4h4bsdrxm45m56i32axkbtxy2ratl4kq,DMxS:EU-FRANKFURT-1-AD-2,cl-ba-xedc2-tqvm3,Database,Database Exadata Cloud at Customer - Database OCPU,B91363,7.500078,6.0,
TEST,2026-04-05 09:00:00+00:00,2026-04-05 10:00:00+00:00,ocid1.vmcluster.oc1.eu-frankfurt-1.antheljrrvfrr5iaiakdi5rxfl73notvt6tf6lslsueauptbt2dok4ptucdq,DMxS:EU-FRANKFURT-1-AD-1,cl-ba-xedc1-tqvm3,Database,Database Exadata Cloud at Customer - Database OCPU,B91363,7.500078,6.0,
PROD,2026-04-05 09:00:00+00:00,2026-04-05 10:00:00+00:00,ocid1.vmcluster.oc1.eu-frankfurt-1.antheljrrvfrr5iawj32h5gbrsj4yjuv7y65xtmdwewxqhedhfolqmkknbha,DMxS:EU-FRANKFURT-1-AD-1,cl-ba-xedc1-pqvm1,Database,Database Exadata Cloud at Customer - Database OCPU,B91363,47.500493999999,37.999999999999,
PROD,2026-04-05 09:00:00+00:00,2026-04-05 10:00:00+00:00,ocid1.vmcluster.oc1.eu-frankfurt-1.antheljtrvfrr5iaj2hikuptdl6xbuuec267chmo2k3iubjw2fhemzbhmksa,DMxS:EU-FRANKFURT-1-AD-2,cl-ba-xedc2-pqvm1,Database,Database Exadata Cloud at Customer - Database OCPU,B91363,30.000312,24.0,
TEST,2026-04-05 09:00:00+00:00,2026-04-05 10:00:00+00:00,ocid1.vmcluster.oc1.eu-frankfurt-1.antheljtrvfrr5iacz3aicfdxbta4h4bsdrxm45m56i32axkbtxy2ratl4kq,DMxS:EU-FRANKFURT-1-AD-2,cl-ba-xedc2-tqvm3,Database,Database Exadata Cloud at Customer - Database OCPU,B91363,7.500078,6.0,
TEST,2026-04-05 09:00:00+00:00,2026-04-05 10:00:00+00:00,ocid1.vmcluster.oc1.eu-frankfurt-1.antheljrrvfrr5iaiakdi5rxfl73notvt6tf6lslsueauptbt2dok4ptucdq,DMxS:EU-FRANKFURT-1-AD-1,cl-ba-xedc1-tqvm3,Database,Database Exadata Cloud at Customer - Database OCPU,B91363,7.500078,6.0,
PROD,2026-04-05 09:00:00+00:00,2026-04-05 10:00:00+00:00,ocid1.vmcluster.oc1.eu-frankfurt-1.antheljrrvfrr5iawj32h5gbrsj4yjuv7y65xtmdwewxqhedhfolqmkknbha,DMxS:EU-FRANKFURT-1-AD-1,cl-ba-xedc1-pqvm1,Database,Database Exadata Cloud at Customer - Database OCPU,B91363,47.500493999999,37.999999999999,
PROD,2026-04-05 09:00:00+00:00,2026-04-05 10:00:00+00:00,ocid1.vmcluster.oc1.eu-frankfurt-1.antheljtrvfrr5iaj2hikuptdl6xbuuec267chmo2k3iubjw2fhemzbhmksa,DMxS:EU-FRANKFURT-1-AD-2,cl-ba-xedc2-pqvm1,Database,Database Exadata Cloud at Customer - Database OCPU,B91363,30.000312,24.0,
TEST,2026-04-05 10:00:00+00:00,2026-04-05 11:00:00+00:00,ocid1.vmcluster.oc1.eu-frankfurt-1.antheljrrvfrr5iaiakdi5rxfl73notvt6tf6lslsueauptbt2dok4ptucdq,DMxS:EU-FRANKFURT-1-AD-1,cl-ba-xedc1-tqvm3,Database,Database Exadata Cloud at Customer - Database OCPU,B91363,7.500078,6.0,
PROD,2026-04-05 10:00:00+00:00,2026-04-05 11:00:00+00:00,ocid1.vmcluster.oc1.eu-frankfurt-1.antheljtrvfrr5iaj2hikuptdl6xbuuec267chmo2k3iubjw2fhemzbhmksa,DMxS:EU-FRANKFURT-1-AD-2,cl-ba-xedc2-pqvm1,Database,Database Exadata Cloud at Customer - Database OCPU,B91363,30.000312,24.0,
TEST,2026-04-05 10:00:00+00:00,2026-04-05 11:00:00+00:00,ocid1.vmcluster.oc1.eu-frankfurt-1.antheljtrvfrr5iacz3aicfdxbta4h4bsdrxm45m56i32axkbtxy2ratl4kq,DMxS:EU-FRANKFURT-1-AD-2,cl-ba-xedc2-tqvm3,Database,Database Exadata Cloud at Customer - Database OCPU,B91363,7.500078,6.0,
PROD,2026-04-05 10:00:00+00:00,2026-04-05 11:00:00+00:00,ocid1.vmcluster.oc1.eu-frankfurt-1.antheljrrvfrr5iawj32h5gbrsj4yjuv7y65xtmdwewxqhedhfolqmkknbha,DMxS:EU-FRANKFURT-1-AD-1,cl-ba-xedc1-pqvm1,Database,Database Exadata Cloud at Customer - Database OCPU,B91363,47.500493999999,37.999999999999,
TEST,2026-04-05 10:00:00+00:00,2026-04-05 11:00:00+00:00,ocid1.vmcluster.oc1.eu-frankfurt-1.antheljrrvfrr5iaiakdi5rxfl73notvt6tf6lslsueauptbt2dok4ptucdq,DMxS:EU-FRANKFURT-1-AD-1,cl-ba-xedc1-tqvm3,Database,Database Exadata Cloud at Customer - Database OCPU,B91363,7.500078,6.0,
PROD,2026-04-05 10:00:00+00:00,2026-04-05 11:00:00+00:00,ocid1.vmcluster.oc1.eu-frankfurt-1.antheljtrvfrr5iaj2hikuptdl6xbuuec267chmo2k3iubjw2fhemzbhmksa,DMxS:EU-FRANKFURT-1-AD-2,cl-ba-xedc2-pqvm1,Database,Database Exadata Cloud at Customer - Database OCPU,B91363,30.000312,24.0,
TEST,2026-04-05 10:00:00+00:00,2026-04-05 11:00:00+00:00,ocid1.vmcluster.oc1.eu-frankfurt-1.antheljtrvfrr5iacz3aicfdxbta4h4bsdrxm45m56i32axkbtxy2ratl4kq,DMxS:EU-FRANKFURT-1-AD-2,cl-ba-xedc2-tqvm3,Database,Database Exadata Cloud at Customer - Database OCPU,B91363,7.500078,6.0,
PROD,2026-04-05 10:00:00+00:00,2026-04-05 11:00:00+00:00,ocid1.vmcluster.oc1.eu-frankfurt-1.antheljrrvfrr5iawj32h5gbrsj4yjuv7y65xtmdwewxqhedhfolqmkknbha,DMxS:EU-FRANKFURT-1-AD-1,cl-ba-xedc1-pqvm1,Database,Database Exadata Cloud at Customer - Database OCPU,B91363,47.500493999999,37.999999999999,
TEST,2026-04-05 11:00:00+00:00,2026-04-05 12:00:00+00:00,ocid1.vmcluster.oc1.eu-frankfurt-1.antheljrrvfrr5iaiakdi5rxfl73notvt6tf6lslsueauptbt2dok4ptucdq,DMxS:EU-FRANKFURT-1-AD-1,cl-ba-xedc1-tqvm3,Database,Database Exadata Cloud at Customer - Database OCPU,B91363,7.500078,6.0,
PROD,2026-04-05 11:00:00+00:00,2026-04-05 12:00:00+00:00,ocid1.vmcluster.oc1.eu-frankfurt-1.antheljtrvfrr5iaj2hikuptdl6xbuuec267chmo2k3iubjw2fhemzbhmksa,DMxS:EU-FRANKFURT-1-AD-2,cl-ba-xedc2-pqvm1,Database,Database Exadata Cloud at Customer - Database OCPU,B91363,30.000312,24.0,
PROD,2026-04-05 11:00:00+00:00,2026-04-05 12:00:00+00:00,ocid1.vmcluster.oc1.eu-frankfurt-1.antheljrrvfrr5iawj32h5gbrsj4yjuv7y65xtmdwewxqhedhfolqmkknbha,DMxS:EU-FRANKFURT-1-AD-1,cl-ba-xedc1-pqvm1,Database,Database Exadata Cloud at Customer - Database OCPU,B91363,47.500494,37.999999999999,
TEST,2026-04-05 11:00:00+00:00,2026-04-05 12:00:00+00:00,ocid1.vmcluster.oc1.eu-frankfurt-1.antheljtrvfrr5iacz3aicfdxbta4h4bsdrxm45m56i32axkbtxy2ratl4kq,DMxS:EU-FRANKFURT-1-AD-2,cl-ba-xedc2-tqvm3,Database,Database Exadata Cloud at Customer - Database OCPU,B91363,7.500078,6.0,
TEST,2026-04-05 11:00:00+00:00,2026-04-05 12:00:00+00:00,ocid1.vmcluster.oc1.eu-frankfurt-1.antheljrrvfrr5iaiakdi5rxfl73notvt6tf6lslsueauptbt2dok4ptucdq,DMxS:EU-FRANKFURT-1-AD-1,cl-ba-xedc1-tqvm3,Database,Database Exadata Cloud at Customer - Database OCPU,B91363,7.500078,6.0,
PROD,2026-04-05 11:00:00+00:00,2026-04-05 12:00:00+00:00,ocid1.vmcluster.oc1.eu-frankfurt-1.antheljtrvfrr5iaj2hikuptdl6xbuuec267chmo2k3iubjw2fhemzbhmksa,DMxS:EU-FRANKFURT-1-AD-2,cl-ba-xedc2-pqvm1,Database,Database Exadata Cloud at Customer - Database OCPU,B91363,30.000312,24.0,
PROD,2026-04-05 11:00:00+00:00,2026-04-05 12:00:00+00:00,ocid1.vmcluster.oc1.eu-frankfurt-1.antheljrrvfrr5iawj32h5gbrsj4yjuv7y65xtmdwewxqhedhfolqmkknbha,DMxS:EU-FRANKFURT-1-AD-1,cl-ba-xedc1-pqvm1,Database,Database Exadata Cloud at Customer - Database OCPU,B91363,47.500494,37.999999999999,
TEST,2026-04-05 11:00:00+00:00,2026-04-05 12:00:00+00:00,ocid1.vmcluster.oc1.eu-frankfurt-1.antheljtrvfrr5iacz3aicfdxbta4h4bsdrxm45m56i32axkbtxy2ratl4kq,DMxS:EU-FRANKFURT-1-AD-2,cl-ba-xedc2-tqvm3,Database,Database Exadata Cloud at Customer - Database OCPU,B91363,7.500078,6.0,
PROD,2026-04-05 12:00:00+00:00,2026-04-05 13:00:00+00:00,ocid1.vmcluster.oc1.eu-frankfurt-1.antheljtrvfrr5iaj2hikuptdl6xbuuec267chmo2k3iubjw2fhemzbhmksa,DMxS:EU-FRANKFURT-1-AD-2,cl-ba-xedc2-pqvm1,Database,Database Exadata Cloud at Customer - Database OCPU,B91363,30.000312,24.0,
PROD,2026-04-05 12:00:00+00:00,2026-04-05 13:00:00+00:00,ocid1.vmcluster.oc1.eu-frankfurt-1.antheljrrvfrr5iawj32h5gbrsj4yjuv7y65xtmdwewxqhedhfolqmkknbha,DMxS:EU-FRANKFURT-1-AD-1,cl-ba-xedc1-pqvm1,Database,Database Exadata Cloud at Customer - Database OCPU,B91363,47.500493999999,37.999999999999,
TEST,2026-04-05 12:00:00+00:00,2026-04-05 13:00:00+00:00,ocid1.vmcluster.oc1.eu-frankfurt-1.antheljrrvfrr5iaiakdi5rxfl73notvt6tf6lslsueauptbt2dok4ptucdq,DMxS:EU-FRANKFURT-1-AD-1,cl-ba-xedc1-tqvm3,Database,Database Exadata Cloud at Customer - Database OCPU,B91363,7.500078,6.0,
TEST,2026-04-05 12:00:00+00:00,2026-04-05 13:00:00+00:00,ocid1.vmcluster.oc1.eu-frankfurt-1.antheljtrvfrr5iacz3aicfdxbta4h4bsdrxm45m56i32axkbtxy2ratl4kq,DMxS:EU-FRANKFURT-1-AD-2,cl-ba-xedc2-tqvm3,Database,Database Exadata Cloud at Customer - Database OCPU,B91363,7.500078,6.0,
PROD,2026-04-05 13:00:00+00:00,2026-04-05 14:00:00+00:00,ocid1.vmcluster.oc1.eu-frankfurt-1.antheljtrvfrr5iaj2hikuptdl6xbuuec267chmo2k3iubjw2fhemzbhmksa,DMxS:EU-FRANKFURT-1-AD-2,cl-ba-xedc2-pqvm1,Database,Database Exadata Cloud at Customer - Database OCPU,B91363,30.000312,24.0,
TEST,2026-04-05 13:00:00+00:00,2026-04-05 14:00:00+00:00,ocid1.vmcluster.oc1.eu-frankfurt-1.antheljrrvfrr5iaiakdi5rxfl73notvt6tf6lslsueauptbt2dok4ptucdq,DMxS:EU-FRANKFURT-1-AD-1,cl-ba-xedc1-tqvm3,Database,Database Exadata Cloud at Customer - Database OCPU,B91363,7.500078,6.0,
PROD,2026-04-05 13:00:00+00:00,2026-04-05 14:00:00+00:00,ocid1.vmcluster.oc1.eu-frankfurt-1.antheljrrvfrr5iawj32h5gbrsj4yjuv7y65xtmdwewxqhedhfolqmkknbha,DMxS:EU-FRANKFURT-1-AD-1,cl-ba-xedc1-pqvm1,Database,Database Exadata Cloud at Customer - Database OCPU,B91363,47.500493999999,37.999999999999,
TEST,2026-04-05 13:00:00+00:00,2026-04-05 14:00:00+00:00,ocid1.vmcluster.oc1.eu-frankfurt-1.antheljtrvfrr5iacz3aicfdxbta4h4bsdrxm45m56i32axkbtxy2ratl4kq,DMxS:EU-FRANKFURT-1-AD-2,cl-ba-xedc2-tqvm3,Database,Database Exadata Cloud at Customer - Database OCPU,B91363,7.500078,6.0,
PROD,2026-04-05 14:00:00+00:00,2026-04-05 15:00:00+00:00,ocid1.vmcluster.oc1.eu-frankfurt-1.antheljrrvfrr5iawj32h5gbrsj4yjuv7y65xtmdwewxqhedhfolqmkknbha,DMxS:EU-FRANKFURT-1-AD-1,cl-ba-xedc1-pqvm1,Database,Database Exadata Cloud at Customer - Database OCPU,B91363,47.500493999999,37.999999999999,
TEST,2026-04-05 14:00:00+00:00,2026-04-05 15:00:00+00:00,ocid1.vmcluster.oc1.eu-frankfurt-1.antheljtrvfrr5iacz3aicfdxbta4h4bsdrxm45m56i32axkbtxy2ratl4kq,DMxS:EU-FRANKFURT-1-AD-2,cl-ba-xedc2-tqvm3,Database,Database Exadata Cloud at Customer - Database OCPU,B91363,7.500078,6.0,
PROD,2026-04-05 14:00:00+00:00,2026-04-05 15:00:00+00:00,ocid1.vmcluster.oc1.eu-frankfurt-1.antheljtrvfrr5iaj2hikuptdl6xbuuec267chmo2k3iubjw2fhemzbhmksa,DMxS:EU-FRANKFURT-1-AD-2,cl-ba-xedc2-pqvm1,Database,Database Exadata Cloud at Customer - Database OCPU,B91363,30.000312,24.0,
TEST,2026-04-05 14:00:00+00:00,2026-04-05 15:00:00+00:00,ocid1.vmcluster.oc1.eu-frankfurt-1.antheljrrvfrr5iaiakdi5rxfl73notvt6tf6lslsueauptbt2dok4ptucdq,DMxS:EU-FRANKFURT-1-AD-1,cl-ba-xedc1-tqvm3,Database,Database Exadata Cloud at Customer - Database OCPU,B91363,7.500078,6.0,
PROD,2026-04-05 15:00:00+00:00,2026-04-05 16:00:00+00:00,ocid1.vmcluster.oc1.eu-frankfurt-1.antheljrrvfrr5iawj32h5gbrsj4yjuv7y65xtmdwewxqhedhfolqmkknbha,DMxS:EU-FRANKFURT-1-AD-1,cl-ba-xedc1-pqvm1,Database,Database Exadata Cloud at Customer - Database OCPU,B91363,47.500493999999,37.999999999999,
TEST,2026-04-05 15:00:00+00:00,2026-04-05 16:00:00+00:00,ocid1.vmcluster.oc1.eu-frankfurt-1.antheljrrvfrr5iaiakdi5rxfl73notvt6tf6lslsueauptbt2dok4ptucdq,DMxS:EU-FRANKFURT-1-AD-1,cl-ba-xedc1-tqvm3,Database,Database Exadata Cloud at Customer - Database OCPU,B91363,7.500078,6.0,
TEST,2026-04-05 15:00:00+00:00,2026-04-05 16:00:00+00:00,ocid1.vmcluster.oc1.eu-frankfurt-1.antheljtrvfrr5iacz3aicfdxbta4h4bsdrxm45m56i32axkbtxy2ratl4kq,DMxS:EU-FRANKFURT-1-AD-2,cl-ba-xedc2-tqvm3,Database,Database Exadata Cloud at Customer - Database OCPU,B91363,7.500078,6.0,
PROD,2026-04-05 15:00:00+00:00,2026-04-05 16:00:00+00:00,ocid1.vmcluster.oc1.eu-frankfurt-1.antheljtrvfrr5iaj2hikuptdl6xbuuec267chmo2k3iubjw2fhemzbhmksa,DMxS:EU-FRANKFURT-1-AD-2,cl-ba-xedc2-pqvm1,Database,Database Exadata Cloud at Customer - Database OCPU,B91363,30.000312,24.0,
TEST,2026-04-05 16:00:00+00:00,2026-04-05 17:00:00+00:00,ocid1.vmcluster.oc1.eu-frankfurt-1.antheljrrvfrr5iaiakdi5rxfl73notvt6tf6lslsueauptbt2dok4ptucdq,DMxS:EU-FRANKFURT-1-AD-1,cl-ba-xedc1-tqvm3,Database,Database Exadata Cloud at Customer - Database OCPU,B91363,7.500078,6.0,
PROD,2026-04-05 16:00:00+00:00,2026-04-05 17:00:00+00:00,ocid1.vmcluster.oc1.eu-frankfurt-1.antheljtrvfrr5iaj2hikuptdl6xbuuec267chmo2k3iubjw2fhemzbhmksa,DMxS:EU-FRANKFURT-1-AD-2,cl-ba-xedc2-pqvm1,Database,Database Exadata Cloud at Customer - Database OCPU,B91363,30.000312,24.0,
TEST,2026-04-05 16:00:00+00:00,2026-04-05 17:00:00+00:00,ocid1.vmcluster.oc1.eu-frankfurt-1.antheljtrvfrr5iacz3aicfdxbta4h4bsdrxm45m56i32axkbtxy2ratl4kq,DMxS:EU-FRANKFURT-1-AD-2,cl-ba-xedc2-tqvm3,Database,Database Exadata Cloud at Customer - Database OCPU,B91363,7.500078,6.0,
PROD,2026-04-05 16:00:00+00:00,2026-04-05 17:00:00+00:00,ocid1.vmcluster.oc1.eu-frankfurt-1.antheljrrvfrr5iawj32h5gbrsj4yjuv7y65xtmdwewxqhedhfolqmkknbha,DMxS:EU-FRANKFURT-1-AD-1,cl-ba-xedc1-pqvm1,Database,Database Exadata Cloud at Customer - Database OCPU,B91363,47.500493999999,37.999999999999,
PROD,2026-04-05 17:00:00+00:00,2026-04-05 18:00:00+00:00,ocid1.vmcluster.oc1.eu-frankfurt-1.antheljrrvfrr5iawj32h5gbrsj4yjuv7y65xtmdwewxqhedhfolqmkknbha,DMxS:EU-FRANKFURT-1-AD-1,cl-ba-xedc1-pqvm1,Database,Database Exadata Cloud at Customer - Database OCPU,B91363,47.500493999999,37.999999999999,
PROD,2026-04-05 17:00:00+00:00,2026-04-05 18:00:00+00:00,ocid1.vmcluster.oc1.eu-frankfurt-1.antheljtrvfrr5iaj2hikuptdl6xbuuec267chmo2k3iubjw2fhemzbhmksa,DMxS:EU-FRANKFURT-1-AD-2,cl-ba-xedc2-pqvm1,Database,Database Exadata Cloud at Customer - Database OCPU,B91363,30.000312,24.0,
TEST,2026-04-05 17:00:00+00:00,2026-04-05 18:00:00+00:00,ocid1.vmcluster.oc1.eu-frankfurt-1.antheljtrvfrr5iacz3aicfdxbta4h4bsdrxm45m56i32axkbtxy2ratl4kq,DMxS:EU-FRANKFURT-1-AD-2,cl-ba-xedc2-tqvm3,Database,Database Exadata Cloud at Customer - Database OCPU,B91363,7.500078,6.0,
TEST,2026-04-05 17:00:00+00:00,2026-04-05 18:00:00+00:00,ocid1.vmcluster.oc1.eu-frankfurt-1.antheljrrvfrr5iaiakdi5rxfl73notvt6tf6lslsueauptbt2dok4ptucdq,DMxS:EU-FRANKFURT-1-AD-1,cl-ba-xedc1-tqvm3,Database,Database Exadata Cloud at Customer - Database OCPU,B91363,7.500078,6.0,
PROD,2026-04-05 18:00:00+00:00,2026-04-05 19:00:00+00:00,ocid1.vmcluster.oc1.eu-frankfurt-1.antheljrrvfrr5iawj32h5gbrsj4yjuv7y65xtmdwewxqhedhfolqmkknbha,DMxS:EU-FRANKFURT-1-AD-1,cl-ba-xedc1-pqvm1,Database,Database Exadata Cloud at Customer - Database OCPU,B91363,47.500494,38.0,
PROD,2026-04-05 18:00:00+00:00,2026-04-05 19:00:00+00:00,ocid1.vmcluster.oc1.eu-frankfurt-1.antheljtrvfrr5iaj2hikuptdl6xbuuec267chmo2k3iubjw2fhemzbhmksa,DMxS:EU-FRANKFURT-1-AD-2,cl-ba-xedc2-pqvm1,Database,Database Exadata Cloud at Customer - Database OCPU,B91363,30.000312,24.0,
TEST,2026-04-05 18:00:00+00:00,2026-04-05 19:00:00+00:00,ocid1.vmcluster.oc1.eu-frankfurt-1.antheljrrvfrr5iaiakdi5rxfl73notvt6tf6lslsueauptbt2dok4ptucdq,DMxS:EU-FRANKFURT-1-AD-1,cl-ba-xedc1-tqvm3,Database,Database Exadata Cloud at Customer - Database OCPU,B91363,7.500078,6.0,
TEST,2026-04-05 18:00:00+00:00,2026-04-05 19:00:00+00:00,ocid1.vmcluster.oc1.eu-frankfurt-1.antheljtrvfrr5iacz3aicfdxbta4h4bsdrxm45m56i32axkbtxy2ratl4kq,DMxS:EU-FRANKFURT-1-AD-2,cl-ba-xedc2-tqvm3,Database,Database Exadata Cloud at Customer - Database OCPU,B91363,7.500078,6.0,
PROD,2026-04-05 19:00:00+00:00,2026-04-05 20:00:00+00:00,ocid1.vmcluster.oc1.eu-frankfurt-1.antheljrrvfrr5iawj32h5gbrsj4yjuv7y65xtmdwewxqhedhfolqmkknbha,DMxS:EU-FRANKFURT-1-AD-1,cl-ba-xedc1-pqvm1,Database,Database Exadata Cloud at Customer - Database OCPU,B91363,47.500493999999,37.999999999999,
PROD,2026-04-05 19:00:00+00:00,2026-04-05 20:00:00+00:00,ocid1.vmcluster.oc1.eu-frankfurt-1.antheljtrvfrr5iaj2hikuptdl6xbuuec267chmo2k3iubjw2fhemzbhmksa,DMxS:EU-FRANKFURT-1-AD-2,cl-ba-xedc2-pqvm1,Database,Database Exadata Cloud at Customer - Database OCPU,B91363,30.000312,24.0,
TEST,2026-04-05 19:00:00+00:00,2026-04-05 20:00:00+00:00,ocid1.vmcluster.oc1.eu-frankfurt-1.antheljtrvfrr5iacz3aicfdxbta4h4bsdrxm45m56i32axkbtxy2ratl4kq,DMxS:EU-FRANKFURT-1-AD-2,cl-ba-xedc2-tqvm3,Database,Database Exadata Cloud at Customer - Database OCPU,B91363,7.500078,6.0,
TEST,2026-04-05 19:00:00+00:00,2026-04-05 20:00:00+00:00,ocid1.vmcluster.oc1.eu-frankfurt-1.antheljrrvfrr5iaiakdi5rxfl73notvt6tf6lslsueauptbt2dok4ptucdq,DMxS:EU-FRANKFURT-1-AD-1,cl-ba-xedc1-tqvm3,Database,Database Exadata Cloud at Customer - Database OCPU,B91363,7.500078,6.0,
PROD,2026-04-05 20:00:00+00:00,2026-04-05 21:00:00+00:00,ocid1.vmcluster.oc1.eu-frankfurt-1.antheljrrvfrr5iawj32h5gbrsj4yjuv7y65xtmdwewxqhedhfolqmkknbha,DMxS:EU-FRANKFURT-1-AD-1,cl-ba-xedc1-pqvm1,Database,Database Exadata Cloud at Customer - Database OCPU,B91363,47.500493999999,37.999999999999,
TEST,2026-04-05 20:00:00+00:00,2026-04-05 21:00:00+00:00,ocid1.vmcluster.oc1.eu-frankfurt-1.antheljrrvfrr5iaiakdi5rxfl73notvt6tf6lslsueauptbt2dok4ptucdq,DMxS:EU-FRANKFURT-1-AD-1,cl-ba-xedc1-tqvm3,Database,Database Exadata Cloud at Customer - Database OCPU,B91363,7.500078,6.0,
PROD,2026-04-05 20:00:00+00:00,2026-04-05 21:00:00+00:00,ocid1.vmcluster.oc1.eu-frankfurt-1.antheljtrvfrr5iaj2hikuptdl6xbuuec267chmo2k3iubjw2fhemzbhmksa,DMxS:EU-FRANKFURT-1-AD-2,cl-ba-xedc2-pqvm1,Database,Database Exadata Cloud at Customer - Database OCPU,B91363,30.000312,24.0,
TEST,2026-04-05 20:00:00+00:00,2026-04-05 21:00:00+00:00,ocid1.vmcluster.oc1.eu-frankfurt-1.antheljtrvfrr5iacz3aicfdxbta4h4bsdrxm45m56i32axkbtxy2ratl4kq,DMxS:EU-FRANKFURT-1-AD-2,cl-ba-xedc2-tqvm3,Database,Database Exadata Cloud at Customer - Database OCPU,B91363,7.500078,6.0,
PROD,2026-04-05 21:00:00+00:00,2026-04-05 22:00:00+00:00,ocid1.vmcluster.oc1.eu-frankfurt-1.antheljrrvfrr5iawj32h5gbrsj4yjuv7y65xtmdwewxqhedhfolqmkknbha,DMxS:EU-FRANKFURT-1-AD-1,cl-ba-xedc1-pqvm1,Database,Database Exadata Cloud at Customer - Database OCPU,B91363,47.500493999999,37.999999999999,
TEST,2026-04-05 21:00:00+00:00,2026-04-05 22:00:00+00:00,ocid1.vmcluster.oc1.eu-frankfurt-1.antheljrrvfrr5iaiakdi5rxfl73notvt6tf6lslsueauptbt2dok4ptucdq,DMxS:EU-FRANKFURT-1-AD-1,cl-ba-xedc1-tqvm3,Database,Database Exadata Cloud at Customer - Database OCPU,B91363,7.500078,6.0,
TEST,2026-04-05 21:00:00+00:00,2026-04-05 22:00:00+00:00,ocid1.vmcluster.oc1.eu-frankfurt-1.antheljtrvfrr5iacz3aicfdxbta4h4bsdrxm45m56i32axkbtxy2ratl4kq,DMxS:EU-FRANKFURT-1-AD-2,cl-ba-xedc2-tqvm3,Database,Database Exadata Cloud at Customer - Database OCPU,B91363,7.500078,6.0,
PROD,2026-04-05 21:00:00+00:00,2026-04-05 22:00:00+00:00,ocid1.vmcluster.oc1.eu-frankfurt-1.antheljtrvfrr5iaj2hikuptdl6xbuuec267chmo2k3iubjw2fhemzbhmksa,DMxS:EU-FRANKFURT-1-AD-2,cl-ba-xedc2-pqvm1,Database,Database Exadata Cloud at Customer - Database OCPU,B91363,30.000312,24.0,
TEST,2026-04-05 22:00:00+00:00,2026-04-05 23:00:00+00:00,ocid1.vmcluster.oc1.eu-frankfurt-1.antheljtrvfrr5iacz3aicfdxbta4h4bsdrxm45m56i32axkbtxy2ratl4kq,DMxS:EU-FRANKFURT-1-AD-2,cl-ba-xedc2-tqvm3,Database,Database Exadata Cloud at Customer - Database OCPU,B91363,2.500026,2.0,
PROD,2026-04-05 22:00:00+00:00,2026-04-05 23:00:00+00:00,ocid1.vmcluster.oc1.eu-frankfurt-1.antheljtrvfrr5iaj2hikuptdl6xbuuec267chmo2k3iubjw2fhemzbhmksa,DMxS:EU-FRANKFURT-1-AD-2,cl-ba-xedc2-pqvm1,Database,Database Exadata Cloud at Customer - Database OCPU,B91363,10.000104,8.0,
TEST,2026-04-05 22:00:00+00:00,2026-04-05 23:00:00+00:00,ocid1.vmcluster.oc1.eu-frankfurt-1.antheljrrvfrr5iaiakdi5rxfl73notvt6tf6lslsueauptbt2dok4ptucdq,DMxS:EU-FRANKFURT-1-AD-1,cl-ba-xedc1-tqvm3,Database,Database Exadata Cloud at Customer - Database OCPU,B91363,2.500026,2.0,
PROD,2026-04-05 22:00:00+00:00,2026-04-05 23:00:00+00:00,ocid1.vmcluster.oc1.eu-frankfurt-1.antheljrrvfrr5iawj32h5gbrsj4yjuv7y65xtmdwewxqhedhfolqmkknbha,DMxS:EU-FRANKFURT-1-AD-1,cl-ba-xedc1-pqvm1,Database,Database Exadata Cloud at Customer - Database OCPU,B91363,15.833497999999,12.666666666666,
