environment,time_usage_started,time_usage_ended,resourceId,availability_domain,VCN,service,sku_name,sku_part_number,computed_amount,computed_quantity,currency
TEST,2025-07-28 00:00:00+00:00,2025-07-28 01:00:00+00:00,ocid1.vmcluster.oc1.eu-frankfurt-1.antheljtrvfrr5iacz3aicfdxbta4h4bsdrxm45m56i32axkbtxy2ratl4kq,DMxS:EU-FRANKFURT-1-AD-2,cl-ba-xedc2-tqvm3,Database,Database Exadata Cloud at Customer - Database OCPU,B91363,7.500078,6.0,
PROD,2025-07-28 00:00:00+00:00,2025-07-28 01:00:00+00:00,ocid1.vmcluster.oc1.eu-frankfurt-1.antheljrrvfrr5iawj32h5gbrsj4yjuv7y65xtmdwewxqhedhfolqmkknbha,DMxS:EU-FRANKFURT-1-AD-1,cl-ba-xedc1-pqvm1,Database,Database Exadata Cloud at Customer - Database OCPU,B91363,47.500494,38.0,
TEST,2025-07-28 00:00:00+00:00,2025-07-28 01:00:00+00:00,ocid1.vmcluster.oc1.eu-frankfurt-1.antheljrrvfrr5iaiakdi5rxfl73notvt6tf6lslsueauptbt2dok4ptucdq,DMxS:EU-FRANKFURT-1-AD-1,cl-ba-xedc1-tqvm3,Database,Database Exadata Cloud at Customer - Database OCPU,B91363,7.500078,6.0,
PROD,2025-07-28 00:00:00+00:00,2025-07-28 01:00:00+00:00,ocid1.vmcluster.oc1.eu-frankfurt-1.antheljtrvfrr5iaj2hikuptdl6xbuuec267chmo2k3iubjw2fhemzbhmksa,DMxS:EU-FRANKFURT-1-AD-2,cl-ba-xedc2-pqvm1,Database,Database Exadata Cloud at Customer - Database OCPU,B91363,30.000312,24.0,
TEST,2025-07-28 01:00:00+00:00,2025-07-28 02:00:00+00:00,ocid1.vmcluster.oc1.eu-frankfurt-1.antheljrrvfrr5iaiakdi5rxfl73notvt6tf6lslsueauptbt2dok4ptucdq,DMxS:EU-FRANKFURT-1-AD-1,cl-ba-xedc1-tqvm3,Database,Database Exadata Cloud at Customer - Database OCPU,B91363,7.500078,6.0,
TEST,2025-07-28 01:00:00+00:00,2025-07-28 02:00:00+00:00,ocid1.vmcluster.oc1.eu-frankfurt-1.antheljtrvfrr5iacz3aicfdxbta4h4bsdrxm45m56i32axkbtxy2ratl4kq,DMxS:EU-FRANKFURT-1-AD-2,cl-ba-xedc2-tqvm3,Database,Database Exadata Cloud at Customer - Database OCPU,B91363,7.500078,6.0,
PROD,2025-07-28 01:00:00+00:00,2025-07-28 02:00:00+00:00,ocid1.vmcluster.oc1.eu-frankfurt-1.antheljtrvfrr5iaj2hikuptdl6xbuuec267chmo2k3iubjw2fhemzbhmksa,DMxS:EU-FRANKFURT-1-AD-2,cl-ba-xedc2-pqvm1,Database,Database Exadata Cloud at Customer - Database OCPU,B91363,30.000312,24.0,
PROD,2025-07-28 01:00:00+00:00,2025-07-28 02:00:00+00:00,ocid1.vmcluster.oc1.eu-frankfurt-1.antheljrrvfrr5iawj32h5gbrsj4yjuv7y65xtmdwewxqhedhfolqmkknbha,DMxS:EU-FRANKFURT-1-AD-1,cl-ba-xedc1-pqvm1,Database,Database Exadata Cloud at Customer - Database OCPU,B91363,47.500494,38.0,
PROD,2025-07-28 02:00:00+00:00,2025-07-28 03:00:00+00:00,ocid1.vmcluster.oc1.eu-frankfurt-1.antheljrrvfrr5iawj32h5gbrsj4yjuv7y65xtmdwewxqhedhfolqmkknbha,DMxS:EU-FRANKFURT-1-AD-1,cl-ba-xedc1-pqvm1,Database,Database Exadata Cloud at Customer - Database OCPU,B91363,47.500494,38.0,
PROD,2025-07-28 02:00:00+00:00,2025-07-28 03:00:00+00:00,ocid1.vmcluster.oc1.eu-frankfurt-1.antheljtrvfrr5iaj2hikuptdl6xbuuec267chmo2k3iubjw2fhemzbhmksa,DMxS:EU-FRANKFURT-1-AD-2,cl-ba-xedc2-pqvm1,Database,Database Exadata Cloud at Customer - Database OCPU,B91363,30.000312,24.0,
TEST,2025-07-28 02:00:00+00:00,2025-07-28 03:00:00+00:00,ocid1.vmcluster.oc1.eu-frankfurt-1.antheljtrvfrr5iacz3aicfdxbta4h4bsdrxm45m56i32axkbtxy2ratl4kq,DMxS:EU-FRANKFURT-1-AD-2,cl-ba-xedc2-tqvm3,Database,Database Exadata Cloud at Customer - Database OCPU,B91363,7.500078,6.0,
TEST,2025-07-28 02:00:00+00:00,2025-07-28 03:00:00+00:00,ocid1.vmcluster.oc1.eu-frankfurt-1.antheljrrvfrr5iaiakdi5rxfl73notvt6tf6lslsueauptbt2dok4ptucdq,DMxS:EU-FRANKFURT-1-AD-1,cl-ba-xedc1-tqvm3,Database,Database Exadata Cloud at Customer - Database OCPU,B91363,7.500078,6.0,
TEST,2025-07-28 03:00:00+00:00,2025-07-28 04:00:00+00:00,ocid1.vmcluster.oc1.eu-frankfurt-1.antheljrrvfrr5iaiakdi5rxfl73notvt6tf6lslsueauptbt2dok4ptucdq,DMxS:EU-FRANKFURT-1-AD-1,cl-ba-xedc1-tqvm3,Database,Database Exadata Cloud at Customer - Database OCPU,B91363,7.500078,6.0,
PROD,2025-07-28 03:00:00+00:00,2025-07-28 04:00:00+00:00,ocid1.vmcluster.oc1.eu-frankfurt-1.antheljtrvfrr5iaj2hikuptdl6xbuuec267chmo2k3iubjw2fhemzbhmksa,DMxS:EU-FRANKFURT-1-AD-2,cl-ba-xedc2-pqvm1,Database,Database Exadata Cloud at Customer - Database OCPU,B91363,30.000312,24.0,
TEST,2025-07-28 03:00:00+00:00,2025-07-28 04:00:00+00:00,ocid1.vmcluster.oc1.eu-frankfurt-1.antheljtrvfrr5iacz3aicfdxbta4h4bsdrxm45m56i32axkbtxy2ratl4kq,DMxS:EU-FRANKFURT-1-AD-2,cl-ba-xedc2-tqvm3,Database,Database Exadata Cloud at Customer - Database OCPU,B91363,7.500078,6.0,
PROD,2025-07-28 03:00:00+00:00,2025-07-28 04:00:00+00:00,ocid1.vmcluster.oc1.eu-frankfurt-1.antheljrrvfrr5iawj32h5gbrsj4yjuv7y65xtmdwewxqhedhfolqmkknbha,DMxS:EU-FRANKFURT-1-AD-1,cl-ba-xedc1-pqvm1,Database,Database Exadata Cloud at Customer - Database OCPU,B91363,47.500494,38.0,
PROD,2025-07-28 04:00:00+00:00,2025-07-28 05:00:00+00:00,ocid1.vmcluster.oc1.eu-frankfurt-1.antheljtrvfrr5iaj2hikuptdl6xbuuec267chmo2k3iubjw2fhemzbhmksa,DMxS:EU-FRANKFURT-1-AD-2,cl-ba-xedc2-pqvm1,Database,Database Exadata Cloud at Customer - Database OCPU,B91363,30.000312,24.0,
TEST,2025-07-28 04:00:00+00:00,2025-07-28 05:00:00+00:00,ocid1.vmcluster.oc1.eu-frankfurt-1.antheljtrvfrr5iacz3aicfdxbta4h4bsdrxm45m56i32axkbtxy2ratl4kq,DMxS:EU-FRANKFURT-1-AD-2,cl-ba-xedc2-tqvm3,Database,Database Exadata Cloud at Customer - Database OCPU,B91363,7.500078,6.0,
PROD,2025-07-28 04:00:00+00:00,2025-07-28 05:00:00+00:00,ocid1.vmcluster.oc1.eu-frankfurt-1.antheljrrvfrr5iawj32h5gbrsj4yjuv7y65xtmdwewxqhedhfolqmkknbha,DMxS:EU-FRANKFURT-1-AD-1,cl-ba-xedc1-pqvm1,Database,Database Exadata Cloud at Customer - Database OCPU,B91363,47.500494,38.0,
TEST,2025-07-28 04:00:00+00:00,2025-07-28 05:00:00+00:00,ocid1.vmcluster.oc1.eu-frankfurt-1.antheljrrvfrr5iaiakdi5rxfl73notvt6tf6lslsueauptbt2dok4ptucdq,DMxS:EU-FRANKFURT-1-AD-1,cl-ba-xedc1-tqvm3,Database,Database Exadata Cloud at Customer - Database OCPU,B91363,7.500078,6.0,
TEST,2025-07-28 05:00:00+00:00,2025-07-28 06:00:00+00:00,ocid1.vmcluster.oc1.eu-frankfurt-1.antheljtrvfrr5iacz3aicfdxbta4h4bsdrxm45m56i32axkbtxy2ratl4kq,DMxS:EU-FRANKFURT-1-AD-2,cl-ba-xedc2-tqvm3,Database,Database Exadata Cloud at Customer - Database OCPU,B91363,7.500078,6.0,
PROD,2025-07-28 05:00:00+00:00,2025-07-28 06:00:00+00:00,ocid1.vmcluster.oc1.eu-frankfurt-1.antheljrrvfrr5iawj32h5gbrsj4yjuv7y65xtmdwewxqhedhfolqmkknbha,DMxS:EU-FRANKFURT-1-AD-1,cl-ba-xedc1-pqvm1,Database,Database Exadata Cloud at Customer - Database OCPU,B91363,47.500494,38.0,
PROD,2025-07-28 05:00:00+00:00,2025-07-28 06:00:00+00:00,ocid1.vmcluster.oc1.eu-frankfurt-1.antheljtrvfrr5iaj2hikuptdl6xbuuec267chmo2k3iubjw2fhemzbhmksa,DMxS:EU-FRANKFURT-1-AD-2,cl-ba-xedc2-pqvm1,Database,Database Exadata Cloud at Customer - Database OCPU,B91363,30.000312,24.0,
TEST,2025-07-28 05:00:00+00:00,2025-07-28 06:00:00+00:00,ocid1.vmcluster.oc1.eu-frankfurt-1.antheljrrvfrr5iaiakdi5rxfl73notvt6tf6lslsueauptbt2dok4ptucdq,DMxS:EU-FRANKFURT-1-AD-1,cl-ba-xedc1-tqvm3,Database,Database Exadata Cloud at Customer - Database OCPU,B91363,7.500078,6.0,
TEST,2025-07-28 06:00:00+00:00,2025-07-28 07:00:00+00:00,ocid1.vmcluster.oc1.eu-frankfurt-1.antheljrrvfrr5iaiakdi5rxfl73notvt6tf6lslsueauptbt2dok4ptucdq,DMxS:EU-FRANKFURT-1-AD-1,cl-ba-xedc1-tqvm3,Database,Database Exadata Cloud at Customer - Database OCPU,B91363,7.500078,6.0,
PROD,2025-07-28 06:00:00+00:00,2025-07-28 07:00:00+00:00,ocid1.vmcluster.oc1.eu-frankfurt-1.antheljrrvfrr5iawj32h5gbrsj4yjuv7y65xtmdwewxqhedhfolqmkknbha,DMxS:EU-FRANKFURT-1-AD-1,cl-ba-xedc1-pqvm1,Database,Database Exadata Cloud at Customer - Database OCPU,B91363,47.500494,38.0,
PROD,2025-07-28 06:00:00+00:00,2025-07-28 07:00:00+00:00,ocid1.vmcluster.oc1.eu-frankfurt-1.antheljtrvfrr5iaj2hikuptdl6xbuuec267chmo2k3iubjw2fhemzbhmksa,DMxS:EU-FRANKFURT-1-AD-2,cl-ba-xedc2-pqvm1,Database,Database Exadata Cloud at Customer - Database OCPU,B91363,30.000312,24.0,
TEST,2025-07-28 06:00:00+00:00,2025-07-28 07:00:00+00:00,ocid1.vmcluster.oc1.eu-frankfurt-1.antheljtrvfrr5iacz3aicfdxbta4h4bsdrxm45m56i32axkbtxy2ratl4kq,DMxS:EU-FRANKFURT-1-AD-2,cl-ba-xedc2-tqvm3,Database,Database Exadata Cloud at Customer - Database OCPU,B91363,7.500078,6.0,
PROD,2025-07-28 07:00:00+00:00,2025-07-28 08:00:00+00:00,ocid1.vmcluster.oc1.eu-frankfurt-1.antheljtrvfrr5iaj2hikuptdl6xbuuec267chmo2k3iubjw2fhemzbhmksa,DMxS:EU-FRANKFURT-1-AD-2,cl-ba-xedc2-pqvm1,Database,Database Exadata Cloud at Customer - Database OCPU,B91363,30.000312,24.0,
TEST,2025-07-28 07:00:00+00:00,2025-07-28 08:00:00+00:00,ocid1.vmcluster.oc1.eu-frankfurt-1.antheljrrvfrr5iaiakdi5rxfl73notvt6tf6lslsueauptbt2dok4ptucdq,DMxS:EU-FRANKFURT-1-AD-1,cl-ba-xedc1-tqvm3,Database,Database Exadata Cloud at Customer - Database OCPU,B91363,7.500078,6.0,
TEST,2025-07-28 07:00:00+00:00,2025-07-28 08:00:00+00:00,ocid1.vmcluster.oc1.eu-frankfurt-1.antheljtrvfrr5iacz3aicfdxbta4h4bsdrxm45m56i32axkbtxy2ratl4kq,DMxS:EU-FRANKFURT-1-AD-2,cl-ba-xedc2-tqvm3,Database,Database Exadata Cloud at Customer - Database OCPU,B91363,7.500078,6.0,
PROD,2025-07-28 07:00:00+00:00,2025-07-28 08:00:00+00:00,ocid1.vmcluster.oc1.eu-frankfurt-1.antheljrrvfrr5iawj32h5gbrsj4yjuv7y65xtmdwewxqhedhfolqmkknbha,DMxS:EU-FRANKFURT-1-AD-1,cl-ba-xedc1-pqvm1,Database,Database Exadata Cloud at Customer - Database OCPU,B91363,47.500494,38.0,
TEST,2025-07-28 08:00:00+00:00,2025-07-28 09:00:00+00:00,ocid1.vmcluster.oc1.eu-frankfurt-1.antheljrrvfrr5iaiakdi5rxfl73notvt6tf6lslsueauptbt2dok4ptucdq,DMxS:EU-FRANKFURT-1-AD-1,cl-ba-xedc1-tqvm3,Database,Database Exadata Cloud at Customer - Database OCPU,B91363,7.500078,6.0,
PROD,2025-07-28 08:00:00+00:00,2025-07-28 09:00:00+00:00,ocid1.vmcluster.oc1.eu-frankfurt-1.antheljtrvfrr5iaj2hikuptdl6xbuuec267chmo2k3iubjw2fhemzbhmksa,DMxS:EU-FRANKFURT-1-AD-2,cl-ba-xedc2-pqvm1,Database,Database Exadata Cloud at Customer - Database OCPU,B91363,30.000312,24.0,
TEST,2025-07-28 08:00:00+00:00,2025-07-28 09:00:00+00:00,ocid1.vmcluster.oc1.eu-frankfurt-1.antheljtrvfrr5iacz3aicfdxbta4h4bsdrxm45m56i32axkbtxy2ratl4kq,DMxS:EU-FRANKFURT-1-AD-2,cl-ba-xedc2-tqvm3,Database,Database Exadata Cloud at Customer - Database OCPU,B91363,7.500078,6.0,
PROD,2025-07-28 08:00:00+00:00,2025-07-28 09:00:00+00:00,ocid1.vmcluster.oc1.eu-frankfurt-1.antheljrrvfrr5iawj32h5gbrsj4yjuv7y65xtmdwewxqhedhfolqmkknbha,DMxS:EU-FRANKFURT-1-AD-1,cl-ba-xedc1-pqvm1,Database,Database Exadata Cloud at Customer - Database OCPU,B91363,47.500494,38.0,
PROD,2025-07-28 09:00:00+00:00,2025-07-28 10:00:00+00:00,ocid1.vmcluster.oc1.eu-frankfurt-1.antheljtrvfrr5iaj2hikuptdl6xbuuec267chmo2k3iubjw2fhemzbhmksa,DMxS:EU-FRANKFURT-1-AD-2,cl-ba-xedc2-pqvm1,Database,Database Exadata Cloud at Customer - Database OCPU,B91363,30.000312,24.0,
TEST,2025-07-28 09:00:00+00:00,2025-07-28 10:00:00+00:00,ocid1.vmcluster.oc1.eu-frankfurt-1.antheljrrvfrr5iaiakdi5rxfl73notvt6tf6lslsueauptbt2dok4ptucdq,DMxS:EU-FRANKFURT-1-AD-1,cl-ba-xedc1-tqvm3,Database,Database Exadata Cloud at Customer - Database OCPU,B91363,7.500078,6.0,
TEST,2025-07-28 09:00:00+00:00,2025-07-28 10:00:00+00:00,ocid1.vmcluster.oc1.eu-frankfurt-1.antheljtrvfrr5iacz3aicfdxbta4h4bsdrxm45m56i32axkbtxy2ratl4kq,DMxS:EU-FRANKFURT-1-AD-2,cl-ba-xedc2-tqvm3,Database,Database Exadata Cloud at Customer - Database OCPU,B91363,7.500078,6.0,
PROD,2025-07-28 09:00:00+00:00,2025-07-28 10:00:00+00:00,ocid1.vmcluster.oc1.eu-frankfurt-1.antheljrrvfrr5iawj32h5gbrsj4yjuv7y65xtmdwewxqhedhfolqmkknbha,DMxS:EU-FRANKFURT-1-AD-1,cl-ba-xedc1-pqvm1,Database,Database Exadata Cloud at Customer - Database OCPU,B91363,47.500494,38.0,
TEST,2025-07-28 10:00:00+00:00,2025-07-28 11:00:00+00:00,ocid1.vmcluster.oc1.eu-frankfurt-1.antheljrrvfrr5iaiakdi5rxfl73notvt6tf6lslsueauptbt2dok4ptucdq,DMxS:EU-FRANKFURT-1-AD-1,cl-ba-xedc1-tqvm3,Database,Database Exadata Cloud at Customer - Database OCPU,B91363,7.500078,6.0,
PROD,2025-07-28 10:00:00+00:00,2025-07-28 11:00:00+00:00,ocid1.vmcluster.oc1.eu-frankfurt-1.antheljtrvfrr5iaj2hikuptdl6xbuuec267chmo2k3iubjw2fhemzbhmksa,DMxS:EU-FRANKFURT-1-AD-2,cl-ba-xedc2-pqvm1,Database,Database Exadata Cloud at Customer - Database OCPU,B91363,30.000312,24.0,
PROD,2025-07-28 10:00:00+00:00,2025-07-28 11:00:00+00:00,ocid1.vmcluster.oc1.eu-frankfurt-1.antheljrrvfrr5iawj32h5gbrsj4yjuv7y65xtmdwewxqhedhfolqmkknbha,DMxS:EU-FRANKFURT-1-AD-1,cl-ba-xedc1-pqvm1,Database,Database Exadata Cloud at Customer - Database OCPU,B91363,47.500494,38.0,
TEST,2025-07-28 10:00:00+00:00,2025-07-28 11:00:00+00:00,ocid1.vmcluster.oc1.eu-frankfurt-1.antheljtrvfrr5iacz3aicfdxbta4h4bsdrxm45m56i32axkbtxy2ratl4kq,DMxS:EU-FRANKFURT-1-AD-2,cl-ba-xedc2-tqvm3,Database,Database Exadata Cloud at Customer - Database OCPU,B91363,7.500078,6.0,
TEST,2025-07-28 11:00:00+00:00,2025-07-28 12:00:00+00:00,ocid1.vmcluster.oc1.eu-frankfurt-1.antheljtrvfrr5iacz3aicfdxbta4h4bsdrxm45m56i32axkbtxy2ratl4kq,DMxS:EU-FRANKFURT-1-AD-2,cl-ba-xedc2-tqvm3,Database,Database Exadata Cloud at Customer - Database OCPU,B91363,7.500078,6.0,
TEST,2025-07-28 11:00:00+00:00,2025-07-28 12:00:00+00:00,ocid1.vmcluster.oc1.eu-frankfurt-1.antheljrrvfrr5iaiakdi5rxfl73notvt6tf6lslsueauptbt2dok4ptucdq,DMxS:EU-FRANKFURT-1-AD-1,cl-ba-xedc1-tqvm3,Database,Database Exadata Cloud at Customer - Database OCPU,B91363,7.500078,6.0,
PROD,2025-07-28 11:00:00+00:00,2025-07-28 12:00:00+00:00,ocid1.vmcluster.oc1.eu-frankfurt-1.antheljtrvfrr5iaj2hikuptdl6xbuuec267chmo2k3iubjw2fhemzbhmksa,DMxS:EU-FRANKFURT-1-AD-2,cl-ba-xedc2-pqvm1,Database,Database Exadata Cloud at Customer - Database OCPU,B91363,30.000312,24.0,
PROD,2025-07-28 11:00:00+00:00,2025-07-28 12:00:00+00:00,ocid1.vmcluster.oc1.eu-frankfurt-1.antheljrrvfrr5iawj32h5gbrsj4yjuv7y65xtmdwewxqhedhfolqmkknbha,DMxS:EU-FRANKFURT-1-AD-1,cl-ba-xedc1-pqvm1,Database,Database Exadata Cloud at Customer - Database OCPU,B91363,47.500494,38.0,
TEST,2025-07-28 12:00:00+00:00,2025-07-28 13:00:00+00:00,ocid1.vmcluster.oc1.eu-frankfurt-1.antheljrrvfrr5iaiakdi5rxfl73notvt6tf6lslsueauptbt2dok4ptucdq,DMxS:EU-FRANKFURT-1-AD-1,cl-ba-xedc1-tqvm3,Database,Database Exadata Cloud at Customer - Database OCPU,B91363,7.500078,6.0,
PROD,2025-07-28 12:00:00+00:00,2025-07-28 13:00:00+00:00,ocid1.vmcluster.oc1.eu-frankfurt-1.antheljrrvfrr5iawj32h5gbrsj4yjuv7y65xtmdwewxqhedhfolqmkknbha,DMxS:EU-FRANKFURT-1-AD-1,cl-ba-xedc1-pqvm1,Database,Database Exadata Cloud at Customer - Database OCPU,B91363,47.500494,38.0,
TEST,2025-07-28 12:00:00+00:00,2025-07-28 13:00:00+00:00,ocid1.vmcluster.oc1.eu-frankfurt-1.antheljtrvfrr5iacz3aicfdxbta4h4bsdrxm45m56i32axkbtxy2ratl4kq,DMxS:EU-FRANKFURT-1-AD-2,cl-ba-xedc2-tqvm3,Database,Database Exadata Cloud at Customer - Database OCPU,B91363,7.500078,6.0,
PROD,2025-07-28 12:00:00+00:00,2025-07-28 13:00:00+00:00,ocid1.vmcluster.oc1.eu-frankfurt-1.antheljtrvfrr5iaj2hikuptdl6xbuuec267chmo2k3iubjw2fhemzbhmksa,DMxS:EU-FRANKFURT-1-AD-2,cl-ba-xedc2-pqvm1,Database,Database Exadata Cloud at Customer - Database OCPU,B91363,30.000312,24.0,
PROD,2025-07-28 13:00:00+00:00,2025-07-28 14:00:00+00:00,ocid1.vmcluster.oc1.eu-frankfurt-1.antheljtrvfrr5iaj2hikuptdl6xbuuec267chmo2k3iubjw2fhemzbhmksa,DMxS:EU-FRANKFURT-1-AD-2,cl-ba-xedc2-pqvm1,Database,Database Exadata Cloud at Customer - Database OCPU,B91363,30.000312,24.0,
PROD,2025-07-28 13:00:00+00:00,2025-07-28 14:00:00+00:00,ocid1.vmcluster.oc1.eu-frankfurt-1.antheljrrvfrr5iawj32h5gbrsj4yjuv7y65xtmdwewxqhedhfolqmkknbha,DMxS:EU-FRANKFURT-1-AD-1,cl-ba-xedc1-pqvm1,Database,Database Exadata Cloud at Customer - Database OCPU,B91363,47.500494,38.0,
TEST,2025-07-28 13:00:00+00:00,2025-07-28 14:00:00+00:00,ocid1.vmcluster.oc1.eu-frankfurt-1.antheljtrvfrr5iacz3aicfdxbta4h4bsdrxm45m56i32axkbtxy2ratl4kq,DMxS:EU-FRANKFURT-1-AD-2,cl-ba-xedc2-tqvm3,Database,Database Exadata Cloud at Customer - Database OCPU,B91363,7.500078,6.0,
TEST,2025-07-28 13:00:00+00:00,2025-07-28 14:00:00+00:00,ocid1.vmcluster.oc1.eu-frankfurt-1.antheljrrvfrr5iaiakdi5rxfl73notvt6tf6lslsueauptbt2dok4ptucdq,DMxS:EU-FRANKFURT-1-AD-1,cl-ba-xedc1-tqvm3,Database,Database Exadata Cloud at Customer - Database OCPU,B91363,7.500078,6.0,
PROD,2025-07-28 14:00:00+00:00,2025-07-28 15:00:00+00:00,ocid1.vmcluster.oc1.eu-frankfurt-1.antheljtrvfrr5iaj2hikuptdl6xbuuec267chmo2k3iubjw2fhemzbhmksa,DMxS:EU-FRANKFURT-1-AD-2,cl-ba-xedc2-pqvm1,Database,Database Exadata Cloud at Customer - Database OCPU,B91363,30.000312,24.0,
TEST,2025-07-28 14:00:00+00:00,2025-07-28 15:00:00+00:00,ocid1.vmcluster.oc1.eu-frankfurt-1.antheljtrvfrr5iacz3aicfdxbta4h4bsdrxm45m56i32axkbtxy2ratl4kq,DMxS:EU-FRANKFURT-1-AD-2,cl-ba-xedc2-tqvm3,Database,Database Exadata Cloud at Customer - Database OCPU,B91363,7.500078,6.0,
PROD,2025-07-28 14:00:00+00:00,2025-07-28 15:00:00+00:00,ocid1.vmcluster.oc1.eu-frankfurt-1.antheljrrvfrr5iawj32h5gbrsj4yjuv7y65xtmdwewxqhedhfolqmkknbha,DMxS:EU-FRANKFURT-1-AD-1,cl-ba-xedc1-pqvm1,Database,Database Exadata Cloud at Customer - Database OCPU,B91363,47.500494,38.0,
TEST,2025-07-28 14:00:00+00:00,2025-07-28 15:00:00+00:00,ocid1.vmcluster.oc1.eu-frankfurt-1.antheljrrvfrr5iaiakdi5rxfl73notvt6tf6lslsueauptbt2dok4ptucdq,DMxS:EU-FRANKFURT-1-AD-1,cl-ba-xedc1-tqvm3,Database,Database Exadata Cloud at Customer - Database OCPU,B91363,7.500078,6.0,
PROD,2025-07-28 15:00:00+00:00,2025-07-28 16:00:00+00:00,ocid1.vmcluster.oc1.eu-frankfurt-1.antheljtrvfrr5iaj2hikuptdl6xbuuec267chmo2k3iubjw2fhemzbhmksa,DMxS:EU-FRANKFURT-1-AD-2,cl-ba-xedc2-pqvm1,Database,Database Exadata Cloud at Customer - Database OCPU,B91363,30.000312,24.0,
TEST,2025-07-28 15:00:00+00:00,2025-07-28 16:00:00+00:00,ocid1.vmcluster.oc1.eu-frankfurt-1.antheljrrvfrr5iaiakdi5rxfl73notvt6tf6lslsueauptbt2dok4ptucdq,DMxS:EU-FRANKFURT-1-AD-1,cl-ba-xedc1-tqvm3,Database,Database Exadata Cloud at Customer - Database OCPU,B91363,7.500078,6.0,
PROD,2025-07-28 15:00:00+00:00,2025-07-28 16:00:00+00:00,ocid1.vmcluster.oc1.eu-frankfurt-1.antheljrrvfrr5iawj32h5gbrsj4yjuv7y65xtmdwewxqhedhfolqmkknbha,DMxS:EU-FRANKFURT-1-AD-1,cl-ba-xedc1-pqvm1,Database,Database Exadata Cloud at Customer - Database OCPU,B91363,47.500494,38.0,
TEST,2025-07-28 15:00:00+00:00,2025-07-28 16:00:00+00:00,ocid1.vmcluster.oc1.eu-frankfurt-1.antheljtrvfrr5iacz3aicfdxbta4h4bsdrxm45m56i32axkbtxy2ratl4kq,DMxS:EU-FRANKFURT-1-AD-2,cl-ba-xedc2-tqvm3,Database,Database Exadata Cloud at Customer - Database OCPU,B91363,7.500078,6.0,
PROD,2025-07-28 16:00:00+00:00,2025-07-28 17:00:00+00:00,ocid1.vmcluster.oc1.eu-frankfurt-1.antheljtrvfrr5iaj2hikuptdl6xbuuec267chmo2k3iubjw2fhemzbhmksa,DMxS:EU-FRANKFURT-1-AD-2,cl-ba-xedc2-pqvm1,Database,Database Exadata Cloud at Customer - Database OCPU,B91363,30.000312,24.0,
TEST,2025-07-28 16:00:00+00:00,2025-07-28 17:00:00+00:00,ocid1.vmcluster.oc1.eu-frankfurt-1.antheljtrvfrr5iacz3aicfdxbta4h4bsdrxm45m56i32axkbtxy2ratl4kq,DMxS:EU-FRANKFURT-1-AD-2,cl-ba-xedc2-tqvm3,Database,Database Exadata Cloud at Customer - Database OCPU,B91363,7.500078,6.0,
TEST,2025-07-28 16:00:00+00:00,2025-07-28 17:00:00+00:00,ocid1.vmcluster.oc1.eu-frankfurt-1.antheljrrvfrr5iaiakdi5rxfl73notvt6tf6lslsueauptbt2dok4ptucdq,DMxS:EU-FRANKFURT-1-AD-1,cl-ba-xedc1-tqvm3,Database,Database Exadata Cloud at Customer - Database OCPU,B91363,7.500078,6.0,
PROD,2025-07-28 16:00:00+00:00,2025-07-28 17:00:00+00:00,ocid1.vmcluster.oc1.eu-frankfurt-1.antheljrrvfrr5iawj32h5gbrsj4yjuv7y65xtmdwewxqhedhfolqmkknbha,DMxS:EU-FRANKFURT-1-AD-1,cl-ba-xedc1-pqvm1,Database,Database Exadata Cloud at Customer - Database OCPU,B91363,47.500494,38.0,
PROD,2025-07-28 17:00:00+00:00,2025-07-28 18:00:00+00:00,ocid1.vmcluster.oc1.eu-frankfurt-1.antheljtrvfrr5iaj2hikuptdl6xbuuec267chmo2k3iubjw2fhemzbhmksa,DMxS:EU-FRANKFURT-1-AD-2,cl-ba-xedc2-pqvm1,Database,Database Exadata Cloud at Customer - Database OCPU,B91363,30.000312,24.0,
PROD,2025-07-28 17:00:00+00:00,2025-07-28 18:00:00+00:00,ocid1.vmcluster.oc1.eu-frankfurt-1.antheljrrvfrr5iawj32h5gbrsj4yjuv7y65xtmdwewxqhedhfolqmkknbha,DMxS:EU-FRANKFURT-1-AD-1,cl-ba-xedc1-pqvm1,Database,Database Exadata Cloud at Customer - Database OCPU,B91363,47.500494,38.0,
TEST,2025-07-28 17:00:00+00:00,2025-07-28 18:00:00+00:00,ocid1.vmcluster.oc1.eu-frankfurt-1.antheljrrvfrr5iaiakdi5rxfl73notvt6tf6lslsueauptbt2dok4ptucdq,DMxS:EU-FRANKFURT-1-AD-1,cl-ba-xedc1-tqvm3,Database,Database Exadata Cloud at Customer - Database OCPU,B91363,7.500078,6.0,
TEST,2025-07-28 17:00:00+00:00,2025-07-28 18:00:00+00:00,ocid1.vmcluster.oc1.eu-frankfurt-1.antheljtrvfrr5iacz3aicfdxbta4h4bsdrxm45m56i32axkbtxy2ratl4kq,DMxS:EU-FRANKFURT-1-AD-2,cl-ba-xedc2-tqvm3,Database,Database Exadata Cloud at Customer - Database OCPU,B91363,7.500078,6.0,
PROD,2025-07-28 18:00:00+00:00,2025-07-28 19:00:00+00:00,ocid1.vmcluster.oc1.eu-frankfurt-1.antheljtrvfrr5iaj2hikuptdl6xbuuec267chmo2k3iubjw2fhemzbhmksa,DMxS:EU-FRANKFURT-1-AD-2,cl-ba-xedc2-pqvm1,Database,Database Exadata Cloud at Customer - Database OCPU,B91363,30.000312,24.0,
PROD,2025-07-28 18:00:00+00:00,2025-07-28 19:00:00+00:00,ocid1.vmcluster.oc1.eu-frankfurt-1.antheljrrvfrr5iawj32h5gbrsj4yjuv7y65xtmdwewxqhedhfolqmkknbha,DMxS:EU-FRANKFURT-1-AD-1,cl-ba-xedc1-pqvm1,Database,Database Exadata Cloud at Customer - Database OCPU,B91363,47.500494,38.0,
TEST,2025-07-28 18:00:00+00:00,2025-07-28 19:00:00+00:00,ocid1.vmcluster.oc1.eu-frankfurt-1.antheljrrvfrr5iaiakdi5rxfl73notvt6tf6lslsueauptbt2dok4ptucdq,DMxS:EU-FRANKFURT-1-AD-1,cl-ba-xedc1-tqvm3,Database,Database Exadata Cloud at Customer - Database OCPU,B91363,7.500078,6.0,
TEST,2025-07-28 18:00:00+00:00,2025-07-28 19:00:00+00:00,ocid1.vmcluster.oc1.eu-frankfurt-1.antheljtrvfrr5iacz3aicfdxbta4h4bsdrxm45m56i32axkbtxy2ratl4kq,DMxS:EU-FRANKFURT-1-AD-2,cl-ba-xedc2-tqvm3,Database,Database Exadata Cloud at Customer - Database OCPU,B91363,7.500078,6.0,
PROD,2025-07-28 19:00:00+00:00,2025-07-28 20:00:00+00:00,ocid1.vmcluster.oc1.eu-frankfurt-1.antheljrrvfrr5iawj32h5gbrsj4yjuv7y65xtmdwewxqhedhfolqmkknbha,DMxS:EU-FRANKFURT-1-AD-1,cl-ba-xedc1-pqvm1,Database,Database Exadata Cloud at Customer - Database OCPU,B91363,47.500494,38.0,
TEST,2025-07-28 19:00:00+00:00,2025-07-28 20:00:00+00:00,ocid1.vmcluster.oc1.eu-frankfurt-1.antheljrrvfrr5iaiakdi5rxfl73notvt6tf6lslsueauptbt2dok4ptucdq,DMxS:EU-FRANKFURT-1-AD-1,cl-ba-xedc1-tqvm3,Database,Database Exadata Cloud at Customer - Database OCPU,B91363,7.500078,6.0,
TEST,2025-07-28 19:00:00+00:00,2025-07-28 20:00:00+00:00,ocid1.vmcluster.oc1.eu-frankfurt-1.antheljtrvfrr5iacz3aicfdxbta4h4bsdrxm45m56i32axkbtxy2ratl4kq,DMxS:EU-FRANKFURT-1-AD-2,cl-ba-xedc2-tqvm3,Database,Database Exadata Cloud at Customer - Database OCPU,B91363,7.500078,6.0,
PROD,2025-07-28 19:00:00+00:00,2025-07-28 20:00:00+00:00,ocid1.vmcluster.oc1.eu-frankfurt-1.antheljtrvfrr5iaj2hikuptdl6xbuuec267chmo2k3iubjw2fhemzbhmksa,DMxS:EU-FRANKFURT-1-AD-2,cl-ba-xedc2-pqvm1,Database,Database Exadata Cloud at Customer - Database OCPU,B91363,30.000312,24.0,
TEST,2025-07-28 20:00:00+00:00,2025-07-28 21:00:00+00:00,ocid1.vmcluster.oc1.eu-frankfurt-1.antheljtrvfrr5iacz3aicfdxbta4h4bsdrxm45m56i32axkbtxy2ratl4kq,DMxS:EU-FRANKFURT-1-AD-2,cl-ba-xedc2-tqvm3,Database,Database Exadata Cloud at Customer - Database OCPU,B91363,7.500078,6.0,
PROD,2025-07-28 20:00:00+00:00,2025-07-28 21:00:00+00:00,ocid1.vmcluster.oc1.eu-frankfurt-1.antheljtrvfrr5iaj2hikuptdl6xbuuec267chmo2k3iubjw2fhemzbhmksa,DMxS:EU-FRANKFURT-1-AD-2,cl-ba-xedc2-pqvm1,Database,Database Exadata Cloud at Customer - Database OCPU,B91363,30.000312,24.0,
TEST,2025-07-28 20:00:00+00:00,2025-07-28 21:00:00+00:00,ocid1.vmcluster.oc1.eu-frankfurt-1.antheljrrvfrr5iaiakdi5rxfl73notvt6tf6lslsueauptbt2dok4ptucdq,DMxS:EU-FRANKFURT-1-AD-1,cl-ba-xedc1-tqvm3,Database,Database Exadata Cloud at Customer - Database OCPU,B91363,7.500078,6.0,
PROD,2025-07-28 20:00:00+00:00,2025-07-28 21:00:00+00:00,ocid1.vmcluster.oc1.eu-frankfurt-1.antheljrrvfrr5iawj32h5gbrsj4yjuv7y65xtmdwewxqhedhfolqmkknbha,DMxS:EU-FRANKFURT-1-AD-1,cl-ba-xedc1-pqvm1,Database,Database Exadata Cloud at Customer - Database OCPU,B91363,47.500494,38.0,
TEST,2025-07-28 21:00:00+00:00,2025-07-28 22:00:00+00:00,ocid1.vmcluster.oc1.eu-frankfurt-1.antheljtrvfrr5iacz3aicfdxbta4h4bsdrxm45m56i32axkbtxy2ratl4kq,DMxS:EU-FRANKFURT-1-AD-2,cl-ba-xedc2-tqvm3,Database,Database Exadata Cloud at Customer - Database OCPU,B91363,7.500078,6.0,
PROD,2025-07-28 21:00:00+00:00,2025-07-28 22:00:00+00:00,ocid1.vmcluster.oc1.eu-frankfurt-1.antheljrrvfrr5iawj32h5gbrsj4yjuv7y65xtmdwewxqhedhfolqmkknbha,DMxS:EU-FRANKFURT-1-AD-1,cl-ba-xedc1-pqvm1,Database,Database Exadata Cloud at Customer - Database OCPU,B91363,47.500494,38.0,
PROD,2025-07-28 21:00:00+00:00,2025-07-28 22:00:00+00:00,ocid1.vmcluster.oc1.eu-frankfurt-1.antheljtrvfrr5iaj2hikuptdl6xbuuec267chmo2k3iubjw2fhemzbhmksa,DMxS:EU-FRANKFURT-1-AD-2,cl-ba-xedc2-pqvm1,Database,Database Exadata Cloud at Customer - Database OCPU,B91363,30.000312,24.0,
TEST,2025-07-28 21:00:00+00:00,2025-07-28 22:00:00+00:00,ocid1.vmcluster.oc1.eu-frankfurt-1.antheljrrvfrr5iaiakdi5rxfl73notvt6tf6lslsueauptbt2dok4ptucdq,DMxS:EU-FRANKFURT-1-AD-1,cl-ba-xedc1-tqvm3,Database,Database Exadata Cloud at Customer - Database OCPU,B91363,7.500078,6.0,
PROD,2025-07-28 22:00:00+00:00,2025-07-28 23:00:00+00:00,ocid1.vmcluster.oc1.eu-frankfurt-1.antheljrrvfrr5iawj32h5gbrsj4yjuv7y65xtmdwewxqhedhfolqmkknbha,DMxS:EU-FRANKFURT-1-AD-1,cl-ba-xedc1-pqvm1,Database,Database Exadata Cloud at Customer - Database OCPU,B91363,47.500494,38.0,
PROD,2025-07-28 22:00:00+00:00,2025-07-28 23:00:00+00:00,ocid1.vmcluster.oc1.eu-frankfurt-1.antheljtrvfrr5iaj2hikuptdl6xbuuec267chmo2k3iubjw2fhemzbhmksa,DMxS:EU-FRANKFURT-1-AD-2,cl-ba-xedc2-pqvm1,Database,Database Exadata Cloud at Customer - Database OCPU,B91363,30.000312,24.0,
TEST,2025-07-28 22:00:00+00:00,2025-07-28 23:00:00+00:00,ocid1.vmcluster.oc1.eu-frankfurt-1.antheljrrvfrr5iaiakdi5rxfl73notvt6tf6lslsueauptbt2dok4ptucdq,DMxS:EU-FRANKFURT-1-AD-1,cl-ba-xedc1-tqvm3,Database,Database Exadata Cloud at Customer - Database OCPU,B91363,7.500078,6.0,
TEST,2025-07-28 22:00:00+00:00,2025-07-28 23:00:00+00:00,ocid1.vmcluster.oc1.eu-frankfurt-1.antheljtrvfrr5iacz3aicfdxbta4h4bsdrxm45m56i32axkbtxy2ratl4kq,DMxS:EU-FRANKFURT-1-AD-2,cl-ba-xedc2-tqvm3,Database,Database Exadata Cloud at Customer - Database OCPU,B91363,7.500078,6.0,
TEST,2025-07-28 23:00:00+00:00,2025-07-29 00:00:00+00:00,ocid1.vmcluster.oc1.eu-frankfurt-1.antheljtrvfrr5iacz3aicfdxbta4h4bsdrxm45m56i32axkbtxy2ratl4kq,DMxS:EU-FRANKFURT-1-AD-2,cl-ba-xedc2-tqvm3,Database,Database Exadata Cloud at Customer - Database OCPU,B91363,7.500078,6.0,
PROD,2025-07-28 23:00:00+00:00,2025-07-29 00:00:00+00:00,ocid1.vmcluster.oc1.eu-frankfurt-1.antheljrrvfrr5iawj32h5gbrsj4yjuv7y65xtmdwewxqhedhfolqmkknbha,DMxS:EU-FRANKFURT-1-AD-1,cl-ba-xedc1-pqvm1,Database,Database Exadata Cloud at Customer - Database OCPU,B91363,47.500494,38.0,
PROD,2025-07-28 23:00:00+00:00,2025-07-29 00:00:00+00:00,ocid1.vmcluster.oc1.eu-frankfurt-1.antheljtrvfrr5iaj2hikuptdl6xbuuec267chmo2k3iubjw2fhemzbhmksa,DMxS:EU-FRANKFURT-1-AD-2,cl-ba-xedc2-pqvm1,Database,Database Exadata Cloud at Customer - Database OCPU,B91363,30.000312,24.0,
TEST,2025-07-28 23:00:00+00:00,2025-07-29 00:00:00+00:00,ocid1.vmcluster.oc1.eu-frankfurt-1.antheljrrvfrr5iaiakdi5rxfl73notvt6tf6lslsueauptbt2dok4ptucdq,DMxS:EU-FRANKFURT-1-AD-1,cl-ba-xedc1-tqvm3,Database,Database Exadata Cloud at Customer - Database OCPU,B91363,7.500078,6.0,
TEST,2025-07-29 00:00:00+00:00,2025-07-29 01:00:00+00:00,ocid1.vmcluster.oc1.eu-frankfurt-1.antheljrrvfrr5iaiakdi5rxfl73notvt6tf6lslsueauptbt2dok4ptucdq,DMxS:EU-FRANKFURT-1-AD-1,cl-ba-xedc1-tqvm3,Database,Database Exadata Cloud at Customer - Database OCPU,B91363,7.500078,6.0,
PROD,2025-07-29 00:00:00+00:00,2025-07-29 01:00:00+00:00,ocid1.vmcluster.oc1.eu-frankfurt-1.antheljrrvfrr5iawj32h5gbrsj4yjuv7y65xtmdwewxqhedhfolqmkknbha,DMxS:EU-FRANKFURT-1-AD-1,cl-ba-xedc1-pqvm1,Database,Database Exadata Cloud at Customer - Database OCPU,B91363,47.500494,38.0,
PROD,2025-07-29 00:00:00+00:00,2025-07-29 01:00:00+00:00,ocid1.vmcluster.oc1.eu-frankfurt-1.antheljtrvfrr5iaj2hikuptdl6xbuuec267chmo2k3iubjw2fhemzbhmksa,DMxS:EU-FRANKFURT-1-AD-2,cl-ba-xedc2-pqvm1,Database,Database Exadata Cloud at Customer - Database OCPU,B91363,30.000312,24.0,
TEST,2025-07-29 00:00:00+00:00,2025-07-29 01:00:00+00:00,ocid1.vmcluster.oc1.eu-frankfurt-1.antheljtrvfrr5iacz3aicfdxbta4h4bsdrxm45m56i32axkbtxy2ratl4kq,DMxS:EU-FRANKFURT-1-AD-2,cl-ba-xedc2-tqvm3,Database,Database Exadata Cloud at Customer - Database OCPU,B91363,7.500078,6.0,
PROD,2025-07-29 01:00:00+00:00,2025-07-29 02:00:00+00:00,ocid1.vmcluster.oc1.eu-frankfurt-1.antheljtrvfrr5iaj2hikuptdl6xbuuec267chmo2k3iubjw2fhemzbhmksa,DMxS:EU-FRANKFURT-1-AD-2,cl-ba-xedc2-pqvm1,Database,Database Exadata Cloud at Customer - Database OCPU,B91363,30.000312,24.0,
PROD,2025-07-29 01:00:00+00:00,2025-07-29 02:00:00+00:00,ocid1.vmcluster.oc1.eu-frankfurt-1.antheljrrvfrr5iawj32h5gbrsj4yjuv7y65xtmdwewxqhedhfolqmkknbha,DMxS:EU-FRANKFURT-1-AD-1,cl-ba-xedc1-pqvm1,Database,Database Exadata Cloud at Customer - Database OCPU,B91363,47.500494,38.0,
TEST,2025-07-29 01:00:00+00:00,2025-07-29 02:00:00+00:00,ocid1.vmcluster.oc1.eu-frankfurt-1.antheljtrvfrr5iacz3aicfdxbta4h4bsdrxm45m56i32axkbtxy2ratl4kq,DMxS:EU-FRANKFURT-1-AD-2,cl-ba-xedc2-tqvm3,Database,Database Exadata Cloud at Customer - Database OCPU,B91363,7.500078,6.0,
TEST,2025-07-29 01:00:00+00:00,2025-07-29 02:00:00+00:00,ocid1.vmcluster.oc1.eu-frankfurt-1.antheljrrvfrr5iaiakdi5rxfl73notvt6tf6lslsueauptbt2dok4ptucdq,DMxS:EU-FRANKFURT-1-AD-1,cl-ba-xedc1-tqvm3,Database,Database Exadata Cloud at Customer - Database OCPU,B91363,7.500078,6.0,
TEST,2025-07-29 02:00:00+00:00,2025-07-29 03:00:00+00:00,ocid1.vmcluster.oc1.eu-frankfurt-1.antheljrrvfrr5iaiakdi5rxfl73notvt6tf6lslsueauptbt2dok4ptucdq,DMxS:EU-FRANKFURT-1-AD-1,cl-ba-xedc1-tqvm3,Database,Database Exadata Cloud at Customer - Database OCPU,B91363,7.500078,6.0,
PROD,2025-07-29 02:00:00+00:00,2025-07-29 03:00:00+00:00,ocid1.vmcluster.oc1.eu-frankfurt-1.antheljtrvfrr5iaj2hikuptdl6xbuuec267chmo2k3iubjw2fhemzbhmksa,DMxS:EU-FRANKFURT-1-AD-2,cl-ba-xedc2-pqvm1,Database,Database Exadata Cloud at Customer - Database OCPU,B91363,30.000312,24.0,
TEST,2025-07-29 02:00:00+00:00,2025-07-29 03:00:00+00:00,ocid1.vmcluster.oc1.eu-frankfurt-1.antheljtrvfrr5iacz3aicfdxbta4h4bsdrxm45m56i32axkbtxy2ratl4kq,DMxS:EU-FRANKFURT-1-AD-2,cl-ba-xedc2-tqvm3,Database,Database Exadata Cloud at Customer - Database OCPU,B91363,7.500078,6.0,
PROD,2025-07-29 02:00:00+00:00,2025-07-29 03:00:00+00:00,ocid1.vmcluster.oc1.eu-frankfurt-1.antheljrrvfrr5iawj32h5gbrsj4yjuv7y65xtmdwewxqhedhfolqmkknbha,DMxS:EU-FRANKFURT-1-AD-1,cl-ba-xedc1-pqvm1,Database,Database Exadata Cloud at Customer - Database OCPU,B91363,47.500494,38.0,
TEST,2025-07-29 03:00:00+00:00,2025-07-29 04:00:00+00:00,ocid1.vmcluster.oc1.eu-frankfurt-1.antheljrrvfrr5iaiakdi5rxfl73notvt6tf6lslsueauptbt2dok4ptucdq,DMxS:EU-FRANKFURT-1-AD-1,cl-ba-xedc1-tqvm3,Database,Database Exadata Cloud at Customer - Database OCPU,B91363,7.500078,6.0,
PROD,2025-07-29 03:00:00+00:00,2025-07-29 04:00:00+00:00,ocid1.vmcluster.oc1.eu-frankfurt-1.antheljrrvfrr5iawj32h5gbrsj4yjuv7y65xtmdwewxqhedhfolqmkknbha,DMxS:EU-FRANKFURT-1-AD-1,cl-ba-xedc1-pqvm1,Database,Database Exadata Cloud at Customer - Database OCPU,B91363,47.500494,38.0,
PROD,2025-07-29 03:00:00+00:00,2025-07-29 04:00:00+00:00,ocid1.vmcluster.oc1.eu-frankfurt-1.antheljtrvfrr5iaj2hikuptdl6xbuuec267chmo2k3iubjw2fhemzbhmksa,DMxS:EU-FRANKFURT-1-AD-2,cl-ba-xedc2-pqvm1,Database,Database Exadata Cloud at Customer - Database OCPU,B91363,30.000312,24.0,
TEST,2025-07-29 03:00:00+00:00,2025-07-29 04:00:00+00:00,ocid1.vmcluster.oc1.eu-frankfurt-1.antheljtrvfrr5iacz3aicfdxbta4h4bsdrxm45m56i32axkbtxy2ratl4kq,DMxS:EU-FRANKFURT-1-AD-2,cl-ba-xedc2-tqvm3,Database,Database Exadata Cloud at Customer - Database OCPU,B91363,7.500078,6.0,
TEST,2025-07-29 04:00:00+00:00,2025-07-29 05:00:00+00:00,ocid1.vmcluster.oc1.eu-frankfurt-1.antheljtrvfrr5iacz3aicfdxbta4h4bsdrxm45m56i32axkbtxy2ratl4kq,DMxS:EU-FRANKFURT-1-AD-2,cl-ba-xedc2-tqvm3,Database,Database Exadata Cloud at Customer - Database OCPU,B91363,7.500078,6.0,
TEST,2025-07-29 04:00:00+00:00,2025-07-29 05:00:00+00:00,ocid1.vmcluster.oc1.eu-frankfurt-1.antheljrrvfrr5iaiakdi5rxfl73notvt6tf6lslsueauptbt2dok4ptucdq,DMxS:EU-FRANKFURT-1-AD-1,cl-ba-xedc1-tqvm3,Database,Database Exadata Cloud at Customer - Database OCPU,B91363,7.500078,6.0,
PROD,2025-07-29 04:00:00+00:00,2025-07-29 05:00:00+00:00,ocid1.vmcluster.oc1.eu-frankfurt-1.antheljrrvfrr5iawj32h5gbrsj4yjuv7y65xtmdwewxqhedhfolqmkknbha,DMxS:EU-FRANKFURT-1-AD-1,cl-ba-xedc1-pqvm1,Database,Database Exadata Cloud at Customer - Database OCPU,B91363,47.500494,38.0,
PROD,2025-07-29 04:00:00+00:00,2025-07-29 05:00:00+00:00,ocid1.vmcluster.oc1.eu-frankfurt-1.antheljtrvfrr5iaj2hikuptdl6xbuuec267chmo2k3iubjw2fhemzbhmksa,DMxS:EU-FRANKFURT-1-AD-2,cl-ba-xedc2-pqvm1,Database,Database Exadata Cloud at Customer - Database OCPU,B91363,30.000312,24.0,
PROD,2025-07-29 05:00:00+00:00,2025-07-29 06:00:00+00:00,ocid1.vmcluster.oc1.eu-frankfurt-1.antheljrrvfrr5iawj32h5gbrsj4yjuv7y65xtmdwewxqhedhfolqmkknbha,DMxS:EU-FRANKFURT-1-AD-1,cl-ba-xedc1-pqvm1,Database,Database Exadata Cloud at Customer - Database OCPU,B91363,47.500494,38.0,
TEST,2025-07-29 05:00:00+00:00,2025-07-29 06:00:00+00:00,ocid1.vmcluster.oc1.eu-frankfurt-1.antheljtrvfrr5iacz3aicfdxbta4h4bsdrxm45m56i32axkbtxy2ratl4kq,DMxS:EU-FRANKFURT-1-AD-2,cl-ba-xedc2-tqvm3,Database,Database Exadata Cloud at Customer - Database OCPU,B91363,7.500078,6.0,
TEST,2025-07-29 05:00:00+00:00,2025-07-29 06:00:00+00:00,ocid1.vmcluster.oc1.eu-frankfurt-1.antheljrrvfrr5iaiakdi5rxfl73notvt6tf6lslsueauptbt2dok4ptucdq,DMxS:EU-FRANKFURT-1-AD-1,cl-ba-xedc1-tqvm3,Database,Database Exadata Cloud at Customer - Database OCPU,B91363,7.500078,6.0,
PROD,2025-07-29 05:00:00+00:00,2025-07-29 06:00:00+00:00,ocid1.vmcluster.oc1.eu-frankfurt-1.antheljtrvfrr5iaj2hikuptdl6xbuuec267chmo2k3iubjw2fhemzbhmksa,DMxS:EU-FRANKFURT-1-AD-2,cl-ba-xedc2-pqvm1,Database,Database Exadata Cloud at Customer - Database OCPU,B91363,30.000312,24.0,
PROD,2025-07-29 06:00:00+00:00,2025-07-29 07:00:00+00:00,ocid1.vmcluster.oc1.eu-frankfurt-1.antheljrrvfrr5iawj32h5gbrsj4yjuv7y65xtmdwewxqhedhfolqmkknbha,DMxS:EU-FRANKFURT-1-AD-1,cl-ba-xedc1-pqvm1,Database,Database Exadata Cloud at Customer - Database OCPU,B91363,47.500494,38.0,
PROD,2025-07-29 06:00:00+00:00,2025-07-29 07:00:00+00:00,ocid1.vmcluster.oc1.eu-frankfurt-1.antheljtrvfrr5iaj2hikuptdl6xbuuec267chmo2k3iubjw2fhemzbhmksa,DMxS:EU-FRANKFURT-1-AD-2,cl-ba-xedc2-pqvm1,Database,Database Exadata Cloud at Customer - Database OCPU,B91363,30.000312,24.0,
TEST,2025-07-29 06:00:00+00:00,2025-07-29 07:00:00+00:00,ocid1.vmcluster.oc1.eu-frankfurt-1.antheljtrvfrr5iacz3aicfdxbta4h4bsdrxm45m56i32axkbtxy2ratl4kq,DMxS:EU-FRANKFURT-1-AD-2,cl-ba-xedc2-tqvm3,Database,Database Exadata Cloud at Customer - Database OCPU,B91363,7.500078,6.0,
TEST,2025-07-29 06:00:00+00:00,2025-07-29 07:00:00+00:00,ocid1.vmcluster.oc1.eu-frankfurt-1.antheljrrvfrr5iaiakdi5rxfl73notvt6tf6lslsueauptbt2dok4ptucdq,DMxS:EU-FRANKFURT-1-AD-1,cl-ba-xedc1-tqvm3,Database,Database Exadata Cloud at Customer - Database OCPU,B91363,7.500078,6.0,
TEST,2025-07-29 07:00:00+00:00,2025-07-29 08:00:00+00:00,ocid1.vmcluster.oc1.eu-frankfurt-1.antheljtrvfrr5iacz3aicfdxbta4h4bsdrxm45m56i32axkbtxy2ratl4kq,DMxS:EU-FRANKFURT-1-AD-2,cl-ba-xedc2-tqvm3,Database,Database Exadata Cloud at Customer - Database OCPU,B91363,7.500078,6.0,
PROD,2025-07-29 07:00:00+00:00,2025-07-29 08:00:00+00:00,ocid1.vmcluster.oc1.eu-frankfurt-1.antheljtrvfrr5iaj2hikuptdl6xbuuec267chmo2k3iubjw2fhemzbhmksa,DMxS:EU-FRANKFURT-1-AD-2,cl-ba-xedc2-pqvm1,Database,Database Exadata Cloud at Customer - Database OCPU,B91363,30.000312,24.0,
TEST,2025-07-29 07:00:00+00:00,2025-07-29 08:00:00+00:00,ocid1.vmcluster.oc1.eu-frankfurt-1.antheljrrvfrr5iaiakdi5rxfl73notvt6tf6lslsueauptbt2dok4ptucdq,DMxS:EU-FRANKFURT-1-AD-1,cl-ba-xedc1-tqvm3,Database,Database Exadata Cloud at Customer - Database OCPU,B91363,7.500078,6.0,
PROD,2025-07-29 07:00:00+00:00,2025-07-29 08:00:00+00:00,ocid1.vmcluster.oc1.eu-frankfurt-1.antheljrrvfrr5iawj32h5gbrsj4yjuv7y65xtmdwewxqhedhfolqmkknbha,DMxS:EU-FRANKFURT-1-AD-1,cl-ba-xedc1-pqvm1,Database,Database Exadata Cloud at Customer - Database OCPU,B91363,47.500494,38.0,
PROD,2025-07-29 08:00:00+00:00,2025-07-29 09:00:00+00:00,ocid1.vmcluster.oc1.eu-frankfurt-1.antheljtrvfrr5iaj2hikuptdl6xbuuec267chmo2k3iubjw2fhemzbhmksa,DMxS:EU-FRANKFURT-1-AD-2,cl-ba-xedc2-pqvm1,Database,Database Exadata Cloud at Customer - Database OCPU,B91363,30.000312,24.0,
PROD,2025-07-29 08:00:00+00:00,2025-07-29 09:00:00+00:00,ocid1.vmcluster.oc1.eu-frankfurt-1.antheljrrvfrr5iawj32h5gbrsj4yjuv7y65xtmdwewxqhedhfolqmkknbha,DMxS:EU-FRANKFURT-1-AD-1,cl-ba-xedc1-pqvm1,Database,Database Exadata Cloud at Customer - Database OCPU,B91363,47.500494,38.0,
TEST,2025-07-29 08:00:00+00:00,2025-07-29 09:00:00+00:00,ocid1.vmcluster.oc1.eu-frankfurt-1.antheljrrvfrr5iaiakdi5rxfl73notvt6tf6lslsueauptbt2dok4ptucdq,DMxS:EU-FRANKFURT-1-AD-1,cl-ba-xedc1-tqvm3,Database,Database Exadata Cloud at Customer - Database OCPU,B91363,7.500078,6.0,
TEST,2025-07-29 08:00:00+00:00,2025-07-29 09:00:00+00:00,ocid1.vmcluster.oc1.eu-frankfurt-1.antheljtrvfrr5iacz3aicfdxbta4h4bsdrxm45m56i32axkbtxy2ratl4kq,DMxS:EU-FRANKFURT-1-AD-2,cl-ba-xedc2-tqvm3,Database,Database Exadata Cloud at Customer - Database OCPU,B91363,7.500078,6.0,
TEST,2025-07-29 09:00:00+00:00,2025-07-29 10:00:00+00:00,ocid1.vmcluster.oc1.eu-frankfurt-1.antheljtrvfrr5iacz3aicfdxbta4h4bsdrxm45m56i32axkbtxy2ratl4kq,DMxS:EU-FRANKFURT-1-AD-2,cl-ba-xedc2-tqvm3,Database,Database Exadata Cloud at Customer - Database OCPU,B91363,7.500078,6.0,
PROD,2025-07-29 09:00:00+00:00,2025-07-29 10:00:00+00:00,ocid1.vmcluster.oc1.eu-frankfurt-1.antheljrrvfrr5iawj32h5gbrsj4yjuv7y65xtmdwewxqhedhfolqmkknbha,DMxS:EU-FRANKFURT-1-AD-1,cl-ba-xedc1-pqvm1,Database,Database Exadata Cloud at Customer - Database OCPU,B91363,47.500494,38.0,
TEST,2025-07-29 09:00:00+00:00,2025-07-29 10:00:00+00:00,ocid1.vmcluster.oc1.eu-frankfurt-1.antheljrrvfrr5iaiakdi5rxfl73notvt6tf6lslsueauptbt2dok4ptucdq,DMxS:EU-FRANKFURT-1-AD-1,cl-ba-xedc1-tqvm3,Database,Database Exadata Cloud at Customer - Database OCPU,B91363,7.500078,6.0,
PROD,2025-07-29 09:00:00+00:00,2025-07-29 10:00:00+00:00,ocid1.vmcluster.oc1.eu-frankfurt-1.antheljtrvfrr5iaj2hikuptdl6xbuuec267chmo2k3iubjw2fhemzbhmksa,DMxS:EU-FRANKFURT-1-AD-2,cl-ba-xedc2-pqvm1,Database,Database Exadata Cloud at Customer - Database OCPU,B91363,30.000312,24.0,
PROD,2025-07-29 10:00:00+00:00,2025-07-29 11:00:00+00:00,ocid1.vmcluster.oc1.eu-frankfurt-1.antheljrrvfrr5iawj32h5gbrsj4yjuv7y65xtmdwewxqhedhfolqmkknbha,DMxS:EU-FRANKFURT-1-AD-1,cl-ba-xedc1-pqvm1,Database,Database Exadata Cloud at Customer - Database OCPU,B91363,47.500494,38.0,
PROD,2025-07-29 10:00:00+00:00,2025-07-29 11:00:00+00:00,ocid1.vmcluster.oc1.eu-frankfurt-1.antheljtrvfrr5iaj2hikuptdl6xbuuec267chmo2k3iubjw2fhemzbhmksa,DMxS:EU-FRANKFURT-1-AD-2,cl-ba-xedc2-pqvm1,Database,Database Exadata Cloud at Customer - Database OCPU,B91363,30.000312,24.0,
TEST,2025-07-29 10:00:00+00:00,2025-07-29 11:00:00+00:00,ocid1.vmcluster.oc1.eu-frankfurt-1.antheljrrvfrr5iaiakdi5rxfl73notvt6tf6lslsueauptbt2dok4ptucdq,DMxS:EU-FRANKFURT-1-AD-1,cl-ba-xedc1-tqvm3,Database,Database Exadata Cloud at Customer - Database OCPU,B91363,7.500078,6.0,
TEST,2025-07-29 10:00:00+00:00,2025-07-29 11:00:00+00:00,ocid1.vmcluster.oc1.eu-frankfurt-1.antheljtrvfrr5iacz3aicfdxbta4h4bsdrxm45m56i32axkbtxy2ratl4kq,DMxS:EU-FRANKFURT-1-AD-2,cl-ba-xedc2-tqvm3,Database,Database Exadata Cloud at Customer - Database OCPU,B91363,7.500078,6.0,
TEST,2025-07-29 11:00:00+00:00,2025-07-29 12:00:00+00:00,ocid1.vmcluster.oc1.eu-frankfurt-1.antheljrrvfrr5iaiakdi5rxfl73notvt6tf6lslsueauptbt2dok4ptucdq,DMxS:EU-FRANKFURT-1-AD-1,cl-ba-xedc1-tqvm3,Database,Database Exadata Cloud at Customer - Database OCPU,B91363,7.500078,6.0,
TEST,2025-07-29 11:00:00+00:00,2025-07-29 12:00:00+00:00,ocid1.vmcluster.oc1.eu-frankfurt-1.antheljtrvfrr5iacz3aicfdxbta4h4bsdrxm45m56i32axkbtxy2ratl4kq,DMxS:EU-FRANKFURT-1-AD-2,cl-ba-xedc2-tqvm3,Database,Database Exadata Cloud at Customer - Database OCPU,B91363,7.500078,6.0,
PROD,2025-07-29 11:00:00+00:00,2025-07-29 12:00:00+00:00,ocid1.vmcluster.oc1.eu-frankfurt-1.antheljrrvfrr5iawj32h5gbrsj4yjuv7y65xtmdwewxqhedhfolqmkknbha,DMxS:EU-FRANKFURT-1-AD-1,cl-ba-xedc1-pqvm1,Database,Database Exadata Cloud at Customer - Database OCPU,B91363,47.500494,38.0,
PROD,2025-07-29 11:00:00+00:00,2025-07-29 12:00:00+00:00,ocid1.vmcluster.oc1.eu-frankfurt-1.antheljtrvfrr5iaj2hikuptdl6xbuuec267chmo2k3iubjw2fhemzbhmksa,DMxS:EU-FRANKFURT-1-AD-2,cl-ba-xedc2-pqvm1,Database,Database Exadata Cloud at Customer - Database OCPU,B91363,30.000312,24.0,
TEST,2025-07-29 12:00:00+00:00,2025-07-29 13:00:00+00:00,ocid1.vmcluster.oc1.eu-frankfurt-1.antheljrrvfrr5iaiakdi5rxfl73notvt6tf6lslsueauptbt2dok4ptucdq,DMxS:EU-FRANKFURT-1-AD-1,cl-ba-xedc1-tqvm3,Database,Database Exadata Cloud at Customer - Database OCPU,B91363,7.500078,6.0,
PROD,2025-07-29 12:00:00+00:00,2025-07-29 13:00:00+00:00,ocid1.vmcluster.oc1.eu-frankfurt-1.antheljrrvfrr5iawj32h5gbrsj4yjuv7y65xtmdwewxqhedhfolqmkknbha,DMxS:EU-FRANKFURT-1-AD-1,cl-ba-xedc1-pqvm1,Database,Database Exadata Cloud at Customer - Database OCPU,B91363,47.500494,38.0,
TEST,2025-07-29 12:00:00+00:00,2025-07-29 13:00:00+00:00,ocid1.vmcluster.oc1.eu-frankfurt-1.antheljtrvfrr5iacz3aicfdxbta4h4bsdrxm45m56i32axkbtxy2ratl4kq,DMxS:EU-FRANKFURT-1-AD-2,cl-ba-xedc2-tqvm3,Database,Database Exadata Cloud at Customer - Database OCPU,B91363,7.500078,6.0,
PROD,2025-07-29 12:00:00+00:00,2025-07-29 13:00:00+00:00,ocid1.vmcluster.oc1.eu-frankfurt-1.antheljtrvfrr5iaj2hikuptdl6xbuuec267chmo2k3iubjw2fhemzbhmksa,DMxS:EU-FRANKFURT-1-AD-2,cl-ba-xedc2-pqvm1,Database,Database Exadata Cloud at Customer - Database OCPU,B91363,30.000312,24.0,
TEST,2025-07-29 13:00:00+00:00,2025-07-29 14:00:00+00:00,ocid1.vmcluster.oc1.eu-frankfurt-1.antheljrrvfrr5iaiakdi5rxfl73notvt6tf6lslsueauptbt2dok4ptucdq,DMxS:EU-FRANKFURT-1-AD-1,cl-ba-xedc1-tqvm3,Database,Database Exadata Cloud at Customer - Database OCPU,B91363,7.500078,6.0,
PROD,2025-07-29 13:00:00+00:00,2025-07-29 14:00:00+00:00,ocid1.vmcluster.oc1.eu-frankfurt-1.antheljtrvfrr5iaj2hikuptdl6xbuuec267chmo2k3iubjw2fhemzbhmksa,DMxS:EU-FRANKFURT-1-AD-2,cl-ba-xedc2-pqvm1,Database,Database Exadata Cloud at Customer - Database OCPU,B91363,30.000312,24.0,
PROD,2025-07-29 13:00:00+00:00,2025-07-29 14:00:00+00:00,ocid1.vmcluster.oc1.eu-frankfurt-1.antheljrrvfrr5iawj32h5gbrsj4yjuv7y65xtmdwewxqhedhfolqmkknbha,DMxS:EU-FRANKFURT-1-AD-1,cl-ba-xedc1-pqvm1,Database,Database Exadata Cloud at Customer - Database OCPU,B91363,47.500494,38.0,
TEST,2025-07-29 13:00:00+00:00,2025-07-29 14:00:00+00:00,ocid1.vmcluster.oc1.eu-frankfurt-1.antheljtrvfrr5iacz3aicfdxbta4h4bsdrxm45m56i32axkbtxy2ratl4kq,DMxS:EU-FRANKFURT-1-AD-2,cl-ba-xedc2-tqvm3,Database,Database Exadata Cloud at Customer - Database OCPU,B91363,7.500078,6.0,
PROD,2025-07-29 14:00:00+00:00,2025-07-29 15:00:00+00:00,ocid1.vmcluster.oc1.eu-frankfurt-1.antheljrrvfrr5iawj32h5gbrsj4yjuv7y65xtmdwewxqhedhfolqmkknbha,DMxS:EU-FRANKFURT-1-AD-1,cl-ba-xedc1-pqvm1,Database,Database Exadata Cloud at Customer - Database OCPU,B91363,47.500494,38.0,
PROD,2025-07-29 14:00:00+00:00,2025-07-29 15:00:00+00:00,ocid1.vmcluster.oc1.eu-frankfurt-1.antheljtrvfrr5iaj2hikuptdl6xbuuec267chmo2k3iubjw2fhemzbhmksa,DMxS:EU-FRANKFURT-1-AD-2,cl-ba-xedc2-pqvm1,Database,Database Exadata Cloud at Customer - Database OCPU,B91363,30.000312,24.0,
TEST,2025-07-29 14:00:00+00:00,2025-07-29 15:00:00+00:00,ocid1.vmcluster.oc1.eu-frankfurt-1.antheljtrvfrr5iacz3aicfdxbta4h4bsdrxm45m56i32axkbtxy2ratl4kq,DMxS:EU-FRANKFURT-1-AD-2,cl-ba-xedc2-tqvm3,Database,Database Exadata Cloud at Customer - Database OCPU,B91363,7.500078,6.0,
TEST,2025-07-29 14:00:00+00:00,2025-07-29 15:00:00+00:00,ocid1.vmcluster.oc1.eu-frankfurt-1.antheljrrvfrr5iaiakdi5rxfl73notvt6tf6lslsueauptbt2dok4ptucdq,DMxS:EU-FRANKFURT-1-AD-1,cl-ba-xedc1-tqvm3,Database,Database Exadata Cloud at Customer - Database OCPU,B91363,7.500078,6.0,
TEST,2025-07-29 15:00:00+00:00,2025-07-29 16:00:00+00:00,ocid1.vmcluster.oc1.eu-frankfurt-1.antheljrrvfrr5iaiakdi5rxfl73notvt6tf6lslsueauptbt2dok4ptucdq,DMxS:EU-FRANKFURT-1-AD-1,cl-ba-xedc1-tqvm3,Database,Database Exadata Cloud at Customer - Database OCPU,B91363,7.500078,6.0,
TEST,2025-07-29 15:00:00+00:00,2025-07-29 16:00:00+00:00,ocid1.vmcluster.oc1.eu-frankfurt-1.antheljtrvfrr5iacz3aicfdxbta4h4bsdrxm45m56i32axkbtxy2ratl4kq,DMxS:EU-FRANKFURT-1-AD-2,cl-ba-xedc2-tqvm3,Database,Database Exadata Cloud at Customer - Database OCPU,B91363,7.500078,6.0,
PROD,2025-07-29 15:00:00+00:00,2025-07-29 16:00:00+00:00,ocid1.vmcluster.oc1.eu-frankfurt-1.antheljtrvfrr5iaj2hikuptdl6xbuuec267chmo2k3iubjw2fhemzbhmksa,DMxS:EU-FRANKFURT-1-AD-2,cl-ba-xedc2-pqvm1,Database,Database Exadata Cloud at Customer - Database OCPU,B91363,30.000312,24.0,
PROD,2025-07-29 15:00:00+00:00,2025-07-29 16:00:00+00:00,ocid1.vmcluster.oc1.eu-frankfurt-1.antheljrrvfrr5iawj32h5gbrsj4yjuv7y65xtmdwewxqhedhfolqmkknbha,DMxS:EU-FRANKFURT-1-AD-1,cl-ba-xedc1-pqvm1,Database,Database Exadata Cloud at Customer - Database OCPU,B91363,47.500494,38.0,
TEST,2025-07-29 16:00:00+00:00,2025-07-29 17:00:00+00:00,ocid1.vmcluster.oc1.eu-frankfurt-1.antheljrrvfrr5iaiakdi5rxfl73notvt6tf6lslsueauptbt2dok4ptucdq,DMxS:EU-FRANKFURT-1-AD-1,cl-ba-xedc1-tqvm3,Database,Database Exadata Cloud at Customer - Database OCPU,B91363,7.500078,6.0,
PROD,2025-07-29 16:00:00+00:00,2025-07-29 17:00:00+00:00,ocid1.vmcluster.oc1.eu-frankfurt-1.antheljrrvfrr5iawj32h5gbrsj4yjuv7y65xtmdwewxqhedhfolqmkknbha,DMxS:EU-FRANKFURT-1-AD-1,cl-ba-xedc1-pqvm1,Database,Database Exadata Cloud at Customer - Database OCPU,B91363,47.500494,38.0,
PROD,2025-07-29 16:00:00+00:00,2025-07-29 17:00:00+00:00,ocid1.vmcluster.oc1.eu-frankfurt-1.antheljtrvfrr5iaj2hikuptdl6xbuuec267chmo2k3iubjw2fhemzbhmksa,DMxS:EU-FRANKFURT-1-AD-2,cl-ba-xedc2-pqvm1,Database,Database Exadata Cloud at Customer - Database OCPU,B91363,30.000312,24.0,
TEST,2025-07-29 16:00:00+00:00,2025-07-29 17:00:00+00:00,ocid1.vmcluster.oc1.eu-frankfurt-1.antheljtrvfrr5iacz3aicfdxbta4h4bsdrxm45m56i32axkbtxy2ratl4kq,DMxS:EU-FRANKFURT-1-AD-2,cl-ba-xedc2-tqvm3,Database,Database Exadata Cloud at Customer - Database OCPU,B91363,7.500078,6.0,
TEST,2025-07-29 17:00:00+00:00,2025-07-29 18:00:00+00:00,ocid1.vmcluster.oc1.eu-frankfurt-1.antheljrrvfrr5iaiakdi5rxfl73notvt6tf6lslsueauptbt2dok4ptucdq,DMxS:EU-FRANKFURT-1-AD-1,cl-ba-xedc1-tqvm3,Database,Database Exadata Cloud at Customer - Database OCPU,B91363,7.500078,6.0,
PROD,2025-07-29 17:00:00+00:00,2025-07-29 18:00:00+00:00,ocid1.vmcluster.oc1.eu-frankfurt-1.antheljrrvfrr5iawj32h5gbrsj4yjuv7y65xtmdwewxqhedhfolqmkknbha,DMxS:EU-FRANKFURT-1-AD-1,cl-ba-xedc1-pqvm1,Database,Database Exadata Cloud at Customer - Database OCPU,B91363,47.500494,38.0,
TEST,2025-07-29 17:00:00+00:00,2025-07-29 18:00:00+00:00,ocid1.vmcluster.oc1.eu-frankfurt-1.antheljtrvfrr5iacz3aicfdxbta4h4bsdrxm45m56i32axkbtxy2ratl4kq,DMxS:EU-FRANKFURT-1-AD-2,cl-ba-xedc2-tqvm3,Database,Database Exadata Cloud at Customer - Database OCPU,B91363,7.500078,6.0,
PROD,2025-07-29 17:00:00+00:00,2025-07-29 18:00:00+00:00,ocid1.vmcluster.oc1.eu-frankfurt-1.antheljtrvfrr5iaj2hikuptdl6xbuuec267chmo2k3iubjw2fhemzbhmksa,DMxS:EU-FRANKFURT-1-AD-2,cl-ba-xedc2-pqvm1,Database,Database Exadata Cloud at Customer - Database OCPU,B91363,30.000312,24.0,
TEST,2025-07-29 18:00:00+00:00,2025-07-29 19:00:00+00:00,ocid1.vmcluster.oc1.eu-frankfurt-1.antheljtrvfrr5iacz3aicfdxbta4h4bsdrxm45m56i32axkbtxy2ratl4kq,DMxS:EU-FRANKFURT-1-AD-2,cl-ba-xedc2-tqvm3,Database,Database Exadata Cloud at Customer - Database OCPU,B91363,7.500078,6.0,
TEST,2025-07-29 18:00:00+00:00,2025-07-29 19:00:00+00:00,ocid1.vmcluster.oc1.eu-frankfurt-1.antheljrrvfrr5iaiakdi5rxfl73notvt6tf6lslsueauptbt2dok4ptucdq,DMxS:EU-FRANKFURT-1-AD-1,cl-ba-xedc1-tqvm3,Database,Database Exadata Cloud at Customer - Database OCPU,B91363,7.500078,6.0,
PROD,2025-07-29 18:00:00+00:00,2025-07-29 19:00:00+00:00,ocid1.vmcluster.oc1.eu-frankfurt-1.antheljtrvfrr5iaj2hikuptdl6xbuuec267chmo2k3iubjw2fhemzbhmksa,DMxS:EU-FRANKFURT-1-AD-2,cl-ba-xedc2-pqvm1,Database,Database Exadata Cloud at Customer - Database OCPU,B91363,30.000312,24.0,
PROD,2025-07-29 18:00:00+00:00,2025-07-29 19:00:00+00:00,ocid1.vmcluster.oc1.eu-frankfurt-1.antheljrrvfrr5iawj32h5gbrsj4yjuv7y65xtmdwewxqhedhfolqmkknbha,DMxS:EU-FRANKFURT-1-AD-1,cl-ba-xedc1-pqvm1,Database,Database Exadata Cloud at Customer - Database OCPU,B91363,47.500494,38.0,
PROD,2025-07-29 19:00:00+00:00,2025-07-29 20:00:00+00:00,ocid1.vmcluster.oc1.eu-frankfurt-1.antheljtrvfrr5iaj2hikuptdl6xbuuec267chmo2k3iubjw2fhemzbhmksa,DMxS:EU-FRANKFURT-1-AD-2,cl-ba-xedc2-pqvm1,Database,Database Exadata Cloud at Customer - Database OCPU,B91363,30.000312,24.0,
TEST,2025-07-29 19:00:00+00:00,2025-07-29 20:00:00+00:00,ocid1.vmcluster.oc1.eu-frankfurt-1.antheljrrvfrr5iaiakdi5rxfl73notvt6tf6lslsueauptbt2dok4ptucdq,DMxS:EU-FRANKFURT-1-AD-1,cl-ba-xedc1-tqvm3,Database,Database Exadata Cloud at Customer - Database OCPU,B91363,7.500078,6.0,
PROD,2025-07-29 19:00:00+00:00,2025-07-29 20:00:00+00:00,ocid1.vmcluster.oc1.eu-frankfurt-1.antheljrrvfrr5iawj32h5gbrsj4yjuv7y65xtmdwewxqhedhfolqmkknbha,DMxS:EU-FRANKFURT-1-AD-1,cl-ba-xedc1-pqvm1,Database,Database Exadata Cloud at Customer - Database OCPU,B91363,47.500494,38.0,
TEST,2025-07-29 19:00:00+00:00,2025-07-29 20:00:00+00:00,ocid1.vmcluster.oc1.eu-frankfurt-1.antheljtrvfrr5iacz3aicfdxbta4h4bsdrxm45m56i32axkbtxy2ratl4kq,DMxS:EU-FRANKFURT-1-AD-2,cl-ba-xedc2-tqvm3,Database,Database Exadata Cloud at Customer - Database OCPU,B91363,7.500078,6.0,
PROD,2025-07-29 20:00:00+00:00,2025-07-29 21:00:00+00:00,ocid1.vmcluster.oc1.eu-frankfurt-1.antheljrrvfrr5iawj32h5gbrsj4yjuv7y65xtmdwewxqhedhfolqmkknbha,DMxS:EU-FRANKFURT-1-AD-1,cl-ba-xedc1-pqvm1,Database,Database Exadata Cloud at Customer - Database OCPU,B91363,47.500494,38.0,
TEST,2025-07-29 20:00:00+00:00,2025-07-29 21:00:00+00:00,ocid1.vmcluster.oc1.eu-frankfurt-1.antheljrrvfrr5iaiakdi5rxfl73notvt6tf6lslsueauptbt2dok4ptucdq,DMxS:EU-FRANKFURT-1-AD-1,cl-ba-xedc1-tqvm3,Database,Database Exadata Cloud at Customer - Database OCPU,B91363,7.500078,6.0,
TEST,2025-07-29 20:00:00+00:00,2025-07-29 21:00:00+00:00,ocid1.vmcluster.oc1.eu-frankfurt-1.antheljtrvfrr5iacz3aicfdxbta4h4bsdrxm45m56i32axkbtxy2ratl4kq,DMxS:EU-FRANKFURT-1-AD-2,cl-ba-xedc2-tqvm3,Database,Database Exadata Cloud at Customer - Database OCPU,B91363,7.500078,6.0,
PROD,2025-07-29 20:00:00+00:00,2025-07-29 21:00:00+00:00,ocid1.vmcluster.oc1.eu-frankfurt-1.antheljtrvfrr5iaj2hikuptdl6xbuuec267chmo2k3iubjw2fhemzbhmksa,DMxS:EU-FRANKFURT-1-AD-2,cl-ba-xedc2-pqvm1,Database,Database Exadata Cloud at Customer - Database OCPU,B91363,30.000312,24.0,
TEST,2025-07-29 21:00:00+00:00,2025-07-29 22:00:00+00:00,ocid1.vmcluster.oc1.eu-frankfurt-1.antheljrrvfrr5iaiakdi5rxfl73notvt6tf6lslsueauptbt2dok4ptucdq,DMxS:EU-FRANKFURT-1-AD-1,cl-ba-xedc1-tqvm3,Database,Database Exadata Cloud at Customer - Database OCPU,B91363,7.500078,6.0,
PROD,2025-07-29 21:00:00+00:00,2025-07-29 22:00:00+00:00,ocid1.vmcluster.oc1.eu-frankfurt-1.antheljtrvfrr5iaj2hikuptdl6xbuuec267chmo2k3iubjw2fhemzbhmksa,DMxS:EU-FRANKFURT-1-AD-2,cl-ba-xedc2-pqvm1,Database,Database Exadata Cloud at Customer - Database OCPU,B91363,30.000312,24.0,
PROD,2025-07-29 21:00:00+00:00,2025-07-29 22:00:00+00:00,ocid1.vmcluster.oc1.eu-frankfurt-1.antheljrrvfrr5iawj32h5gbrsj4yjuv7y65xtmdwewxqhedhfolqmkknbha,DMxS:EU-FRANKFURT-1-AD-1,cl-ba-xedc1-pqvm1,Database,Database Exadata Cloud at Customer - Database OCPU,B91363,47.500494,38.0,
TEST,2025-07-29 21:00:00+00:00,2025-07-29 22:00:00+00:00,ocid1.vmcluster.oc1.eu-frankfurt-1.antheljtrvfrr5iacz3aicfdxbta4h4bsdrxm45m56i32axkbtxy2ratl4kq,DMxS:EU-FRANKFURT-1-AD-2,cl-ba-xedc2-tqvm3,Database,Database Exadata Cloud at Customer - Database OCPU,B91363,7.500078,6.0,
TEST,2025-07-29 22:00:00+00:00,2025-07-29 23:00:00+00:00,ocid1.vmcluster.oc1.eu-frankfurt-1.antheljrrvfrr5iaiakdi5rxfl73notvt6tf6lslsueauptbt2dok4ptucdq,DMxS:EU-FRANKFURT-1-AD-1,cl-ba-xedc1-tqvm3,Database,Database Exadata Cloud at Customer - Database OCPU,B91363,7.500078,6.0,
PROD,2025-07-29 22:00:00+00:00,2025-07-29 23:00:00+00:00,ocid1.vmcluster.oc1.eu-frankfurt-1.antheljtrvfrr5iaj2hikuptdl6xbuuec267chmo2k3iubjw2fhemzbhmksa,DMxS:EU-FRANKFURT-1-AD-2,cl-ba-xedc2-pqvm1,Database,Database Exadata Cloud at Customer - Database OCPU,B91363,30.000312,24.0,
TEST,2025-07-29 22:00:00+00:00,2025-07-29 23:00:00+00:00,ocid1.vmcluster.oc1.eu-frankfurt-1.antheljtrvfrr5iacz3aicfdxbta4h4bsdrxm45m56i32axkbtxy2ratl4kq,DMxS:EU-FRANKFURT-1-AD-2,cl-ba-xedc2-tqvm3,Database,Database Exadata Cloud at Customer - Database OCPU,B91363,7.500078,6.0,
PROD,2025-07-29 22:00:00+00:00,2025-07-29 23:00:00+00:00,ocid1.vmcluster.oc1.eu-frankfurt-1.antheljrrvfrr5iawj32h5gbrsj4yjuv7y65xtmdwewxqhedhfolqmkknbha,DMxS:EU-FRANKFURT-1-AD-1,cl-ba-xedc1-pqvm1,Database,Database Exadata Cloud at Customer - Database OCPU,B91363,47.500494,38.0,
TEST,2025-07-29 23:00:00+00:00,2025-07-30 00:00:00+00:00,ocid1.vmcluster.oc1.eu-frankfurt-1.antheljrrvfrr5iaiakdi5rxfl73notvt6tf6lslsueauptbt2dok4ptucdq,DMxS:EU-FRANKFURT-1-AD-1,cl-ba-xedc1-tqvm3,Database,Database Exadata Cloud at Customer - Database OCPU,B91363,7.500078,6.0,
PROD,2025-07-29 23:00:00+00:00,2025-07-30 00:00:00+00:00,ocid1.vmcluster.oc1.eu-frankfurt-1.antheljtrvfrr5iaj2hikuptdl6xbuuec267chmo2k3iubjw2fhemzbhmksa,DMxS:EU-FRANKFURT-1-AD-2,cl-ba-xedc2-pqvm1,Database,Database Exadata Cloud at Customer - Database OCPU,B91363,30.000312,24.0,
TEST,2025-07-29 23:00:00+00:00,2025-07-30 00:00:00+00:00,ocid1.vmcluster.oc1.eu-frankfurt-1.antheljtrvfrr5iacz3aicfdxbta4h4bsdrxm45m56i32axkbtxy2ratl4kq,DMxS:EU-FRANKFURT-1-AD-2,cl-ba-xedc2-tqvm3,Database,Database Exadata Cloud at Customer - Database OCPU,B91363,7.500078,6.0,
PROD,2025-07-29 23:00:00+00:00,2025-07-30 00:00:00+00:00,ocid1.vmcluster.oc1.eu-frankfurt-1.antheljrrvfrr5iawj32h5gbrsj4yjuv7y65xtmdwewxqhedhfolqmkknbha,DMxS:EU-FRANKFURT-1-AD-1,cl-ba-xedc1-pqvm1,Database,Database Exadata Cloud at Customer - Database OCPU,B91363,47.500494,38.0,
TEST,2025-07-30 00:00:00+00:00,2025-07-30 01:00:00+00:00,ocid1.vmcluster.oc1.eu-frankfurt-1.antheljrrvfrr5iaiakdi5rxfl73notvt6tf6lslsueauptbt2dok4ptucdq,DMxS:EU-FRANKFURT-1-AD-1,cl-ba-xedc1-tqvm3,Database,Database Exadata Cloud at Customer - Database OCPU,B91363,7.500078,6.0,
PROD,2025-07-30 00:00:00+00:00,2025-07-30 01:00:00+00:00,ocid1.vmcluster.oc1.eu-frankfurt-1.antheljtrvfrr5iaj2hikuptdl6xbuuec267chmo2k3iubjw2fhemzbhmksa,DMxS:EU-FRANKFURT-1-AD-2,cl-ba-xedc2-pqvm1,Database,Database Exadata Cloud at Customer - Database OCPU,B91363,30.000312,24.0,
PROD,2025-07-30 00:00:00+00:00,2025-07-30 01:00:00+00:00,ocid1.vmcluster.oc1.eu-frankfurt-1.antheljrrvfrr5iawj32h5gbrsj4yjuv7y65xtmdwewxqhedhfolqmkknbha,DMxS:EU-FRANKFURT-1-AD-1,cl-ba-xedc1-pqvm1,Database,Database Exadata Cloud at Customer - Database OCPU,B91363,47.500494,38.0,
TEST,2025-07-30 00:00:00+00:00,2025-07-30 01:00:00+00:00,ocid1.vmcluster.oc1.eu-frankfurt-1.antheljtrvfrr5iacz3aicfdxbta4h4bsdrxm45m56i32axkbtxy2ratl4kq,DMxS:EU-FRANKFURT-1-AD-2,cl-ba-xedc2-tqvm3,Database,Database Exadata Cloud at Customer - Database OCPU,B91363,7.500078,6.0,
PROD,2025-07-30 01:00:00+00:00,2025-07-30 02:00:00+00:00,ocid1.vmcluster.oc1.eu-frankfurt-1.antheljrrvfrr5iawj32h5gbrsj4yjuv7y65xtmdwewxqhedhfolqmkknbha,DMxS:EU-FRANKFURT-1-AD-1,cl-ba-xedc1-pqvm1,Database,Database Exadata Cloud at Customer - Database OCPU,B91363,47.500494,38.0,
TEST,2025-07-30 01:00:00+00:00,2025-07-30 02:00:00+00:00,ocid1.vmcluster.oc1.eu-frankfurt-1.antheljtrvfrr5iacz3aicfdxbta4h4bsdrxm45m56i32axkbtxy2ratl4kq,DMxS:EU-FRANKFURT-1-AD-2,cl-ba-xedc2-tqvm3,Database,Database Exadata Cloud at Customer - Database OCPU,B91363,7.500078,6.0,
TEST,2025-07-30 01:00:00+00:00,2025-07-30 02:00:00+00:00,ocid1.vmcluster.oc1.eu-frankfurt-1.antheljrrvfrr5iaiakdi5rxfl73notvt6tf6lslsueauptbt2dok4ptucdq,DMxS:EU-FRANKFURT-1-AD-1,cl-ba-xedc1-tqvm3,Database,Database Exadata Cloud at Customer - Database OCPU,B91363,7.500078,6.0,
PROD,2025-07-30 01:00:00+00:00,2025-07-30 02:00:00+00:00,ocid1.vmcluster.oc1.eu-frankfurt-1.antheljtrvfrr5iaj2hikuptdl6xbuuec267chmo2k3iubjw2fhemzbhmksa,DMxS:EU-FRANKFURT-1-AD-2,cl-ba-xedc2-pqvm1,Database,Database Exadata Cloud at Customer - Database OCPU,B91363,30.000312,24.0,
PROD,2025-07-30 02:00:00+00:00,2025-07-30 03:00:00+00:00,ocid1.vmcluster.oc1.eu-frankfurt-1.antheljrrvfrr5iawj32h5gbrsj4yjuv7y65xtmdwewxqhedhfolqmkknbha,DMxS:EU-FRANKFURT-1-AD-1,cl-ba-xedc1-pqvm1,Database,Database Exadata Cloud at Customer - Database OCPU,B91363,47.500494,38.0,
PROD,2025-07-30 02:00:00+00:00,2025-07-30 03:00:00+00:00,ocid1.vmcluster.oc1.eu-frankfurt-1.antheljtrvfrr5iaj2hikuptdl6xbuuec267chmo2k3iubjw2fhemzbhmksa,DMxS:EU-FRANKFURT-1-AD-2,cl-ba-xedc2-pqvm1,Database,Database Exadata Cloud at Customer - Database OCPU,B91363,30.000312,24.0,
TEST,2025-07-30 02:00:00+00:00,2025-07-30 03:00:00+00:00,ocid1.vmcluster.oc1.eu-frankfurt-1.antheljrrvfrr5iaiakdi5rxfl73notvt6tf6lslsueauptbt2dok4ptucdq,DMxS:EU-FRANKFURT-1-AD-1,cl-ba-xedc1-tqvm3,Database,Database Exadata Cloud at Customer - Database OCPU,B91363,7.500078,6.0,
TEST,2025-07-30 02:00:00+00:00,2025-07-30 03:00:00+00:00,ocid1.vmcluster.oc1.eu-frankfurt-1.antheljtrvfrr5iacz3aicfdxbta4h4bsdrxm45m56i32axkbtxy2ratl4kq,DMxS:EU-FRANKFURT-1-AD-2,cl-ba-xedc2-tqvm3,Database,Database Exadata Cloud at Customer - Database OCPU,B91363,7.500078,6.0,
TEST,2025-07-30 03:00:00+00:00,2025-07-30 04:00:00+00:00,ocid1.vmcluster.oc1.eu-frankfurt-1.antheljtrvfrr5iacz3aicfdxbta4h4bsdrxm45m56i32axkbtxy2ratl4kq,DMxS:EU-FRANKFURT-1-AD-2,cl-ba-xedc2-tqvm3,Database,Database Exadata Cloud at Customer - Database OCPU,B91363,7.500078,6.0,
TEST,2025-07-30 03:00:00+00:00,2025-07-30 04:00:00+00:00,ocid1.vmcluster.oc1.eu-frankfurt-1.antheljrrvfrr5iaiakdi5rxfl73notvt6tf6lslsueauptbt2dok4ptucdq,DMxS:EU-FRANKFURT-1-AD-1,cl-ba-xedc1-tqvm3,Database,Database Exadata Cloud at Customer - Database OCPU,B91363,7.500078,6.0,
PROD,2025-07-30 03:00:00+00:00,2025-07-30 04:00:00+00:00,ocid1.vmcluster.oc1.eu-frankfurt-1.antheljtrvfrr5iaj2hikuptdl6xbuuec267chmo2k3iubjw2fhemzbhmksa,DMxS:EU-FRANKFURT-1-AD-2,cl-ba-xedc2-pqvm1,Database,Database Exadata Cloud at Customer - Database OCPU,B91363,30.000312,24.0,
PROD,2025-07-30 03:00:00+00:00,2025-07-30 04:00:00+00:00,ocid1.vmcluster.oc1.eu-frankfurt-1.antheljrrvfrr5iawj32h5gbrsj4yjuv7y65xtmdwewxqhedhfolqmkknbha,DMxS:EU-FRANKFURT-1-AD-1,cl-ba-xedc1-pqvm1,Database,Database Exadata Cloud at Customer - Database OCPU,B91363,47.500494,38.0,
TEST,2025-07-30 04:00:00+00:00,2025-07-30 05:00:00+00:00,ocid1.vmcluster.oc1.eu-frankfurt-1.antheljtrvfrr5iacz3aicfdxbta4h4bsdrxm45m56i32axkbtxy2ratl4kq,DMxS:EU-FRANKFURT-1-AD-2,cl-ba-xedc2-tqvm3,Database,Database Exadata Cloud at Customer - Database OCPU,B91363,7.500078,6.0,
PROD,2025-07-30 04:00:00+00:00,2025-07-30 05:00:00+00:00,ocid1.vmcluster.oc1.eu-frankfurt-1.antheljtrvfrr5iaj2hikuptdl6xbuuec267chmo2k3iubjw2fhemzbhmksa,DMxS:EU-FRANKFURT-1-AD-2,cl-ba-xedc2-pqvm1,Database,Database Exadata Cloud at Customer - Database OCPU,B91363,30.000312,24.0,
TEST,2025-07-30 04:00:00+00:00,2025-07-30 05:00:00+00:00,ocid1.vmcluster.oc1.eu-frankfurt-1.antheljrrvfrr5iaiakdi5rxfl73notvt6tf6lslsueauptbt2dok4ptucdq,DMxS:EU-FRANKFURT-1-AD-1,cl-ba-xedc1-tqvm3,Database,Database Exadata Cloud at Customer - Database OCPU,B91363,7.500078,6.0,
PROD,2025-07-30 04:00:00+00:00,2025-07-30 05:00:00+00:00,ocid1.vmcluster.oc1.eu-frankfurt-1.antheljrrvfrr5iawj32h5gbrsj4yjuv7y65xtmdwewxqhedhfolqmkknbha,DMxS:EU-FRANKFURT-1-AD-1,cl-ba-xedc1-pqvm1,Database,Database Exadata Cloud at Customer - Database OCPU,B91363,47.500494,38.0,
TEST,2025-07-30 05:00:00+00:00,2025-07-30 06:00:00+00:00,ocid1.vmcluster.oc1.eu-frankfurt-1.antheljrrvfrr5iaiakdi5rxfl73notvt6tf6lslsueauptbt2dok4ptucdq,DMxS:EU-FRANKFURT-1-AD-1,cl-ba-xedc1-tqvm3,Database,Database Exadata Cloud at Customer - Database OCPU,B91363,7.500078,6.0,
PROD,2025-07-30 05:00:00+00:00,2025-07-30 06:00:00+00:00,ocid1.vmcluster.oc1.eu-frankfurt-1.antheljtrvfrr5iaj2hikuptdl6xbuuec267chmo2k3iubjw2fhemzbhmksa,DMxS:EU-FRANKFURT-1-AD-2,cl-ba-xedc2-pqvm1,Database,Database Exadata Cloud at Customer - Database OCPU,B91363,30.000312,24.0,
TEST,2025-07-30 05:00:00+00:00,2025-07-30 06:00:00+00:00,ocid1.vmcluster.oc1.eu-frankfurt-1.antheljtrvfrr5iacz3aicfdxbta4h4bsdrxm45m56i32axkbtxy2ratl4kq,DMxS:EU-FRANKFURT-1-AD-2,cl-ba-xedc2-tqvm3,Database,Database Exadata Cloud at Customer - Database OCPU,B91363,7.500078,6.0,
PROD,2025-07-30 05:00:00+00:00,2025-07-30 06:00:00+00:00,ocid1.vmcluster.oc1.eu-frankfurt-1.antheljrrvfrr5iawj32h5gbrsj4yjuv7y65xtmdwewxqhedhfolqmkknbha,DMxS:EU-FRANKFURT-1-AD-1,cl-ba-xedc1-pqvm1,Database,Database Exadata Cloud at Customer - Database OCPU,B91363,47.500494,38.0,
PROD,2025-07-30 06:00:00+00:00,2025-07-30 07:00:00+00:00,ocid1.vmcluster.oc1.eu-frankfurt-1.antheljtrvfrr5iaj2hikuptdl6xbuuec267chmo2k3iubjw2fhemzbhmksa,DMxS:EU-FRANKFURT-1-AD-2,cl-ba-xedc2-pqvm1,Database,Database Exadata Cloud at Customer - Database OCPU,B91363,30.000312,24.0,
TEST,2025-07-30 06:00:00+00:00,2025-07-30 07:00:00+00:00,ocid1.vmcluster.oc1.eu-frankfurt-1.antheljtrvfrr5iacz3aicfdxbta4h4bsdrxm45m56i32axkbtxy2ratl4kq,DMxS:EU-FRANKFURT-1-AD-2,cl-ba-xedc2-tqvm3,Database,Database Exadata Cloud at Customer - Database OCPU,B91363,7.500078,6.0,
TEST,2025-07-30 06:00:00+00:00,2025-07-30 07:00:00+00:00,ocid1.vmcluster.oc1.eu-frankfurt-1.antheljrrvfrr5iaiakdi5rxfl73notvt6tf6lslsueauptbt2dok4ptucdq,DMxS:EU-FRANKFURT-1-AD-1,cl-ba-xedc1-tqvm3,Database,Database Exadata Cloud at Customer - Database OCPU,B91363,7.500078,6.0,
PROD,2025-07-30 06:00:00+00:00,2025-07-30 07:00:00+00:00,ocid1.vmcluster.oc1.eu-frankfurt-1.antheljrrvfrr5iawj32h5gbrsj4yjuv7y65xtmdwewxqhedhfolqmkknbha,DMxS:EU-FRANKFURT-1-AD-1,cl-ba-xedc1-pqvm1,Database,Database Exadata Cloud at Customer - Database OCPU,B91363,47.500494,38.0,
TEST,2025-07-30 07:00:00+00:00,2025-07-30 08:00:00+00:00,ocid1.vmcluster.oc1.eu-frankfurt-1.antheljrrvfrr5iaiakdi5rxfl73notvt6tf6lslsueauptbt2dok4ptucdq,DMxS:EU-FRANKFURT-1-AD-1,cl-ba-xedc1-tqvm3,Database,Database Exadata Cloud at Customer - Database OCPU,B91363,7.500078,6.0,
TEST,2025-07-30 07:00:00+00:00,2025-07-30 08:00:00+00:00,ocid1.vmcluster.oc1.eu-frankfurt-1.antheljtrvfrr5iacz3aicfdxbta4h4bsdrxm45m56i32axkbtxy2ratl4kq,DMxS:EU-FRANKFURT-1-AD-2,cl-ba-xedc2-tqvm3,Database,Database Exadata Cloud at Customer - Database OCPU,B91363,7.500078,6.0,
PROD,2025-07-30 07:00:00+00:00,2025-07-30 08:00:00+00:00,ocid1.vmcluster.oc1.eu-frankfurt-1.antheljtrvfrr5iaj2hikuptdl6xbuuec267chmo2k3iubjw2fhemzbhmksa,DMxS:EU-FRANKFURT-1-AD-2,cl-ba-xedc2-pqvm1,Database,Database Exadata Cloud at Customer - Database OCPU,B91363,30.000312,24.0,
PROD,2025-07-30 07:00:00+00:00,2025-07-30 08:00:00+00:00,ocid1.vmcluster.oc1.eu-frankfurt-1.antheljrrvfrr5iawj32h5gbrsj4yjuv7y65xtmdwewxqhedhfolqmkknbha,DMxS:EU-FRANKFURT-1-AD-1,cl-ba-xedc1-pqvm1,Database,Database Exadata Cloud at Customer - Database OCPU,B91363,47.500494,38.0,
PROD,2025-07-30 08:00:00+00:00,2025-07-30 09:00:00+00:00,ocid1.vmcluster.oc1.eu-frankfurt-1.antheljrrvfrr5iawj32h5gbrsj4yjuv7y65xtmdwewxqhedhfolqmkknbha,DMxS:EU-FRANKFURT-1-AD-1,cl-ba-xedc1-pqvm1,Database,Database Exadata Cloud at Customer - Database OCPU,B91363,47.500494,38.0,
TEST,2025-07-30 08:00:00+00:00,2025-07-30 09:00:00+00:00,ocid1.vmcluster.oc1.eu-frankfurt-1.antheljrrvfrr5iaiakdi5rxfl73notvt6tf6lslsueauptbt2dok4ptucdq,DMxS:EU-FRANKFURT-1-AD-1,cl-ba-xedc1-tqvm3,Database,Database Exadata Cloud at Customer - Database OCPU,B91363,7.500078,6.0,
PROD,2025-07-30 08:00:00+00:00,2025-07-30 09:00:00+00:00,ocid1.vmcluster.oc1.eu-frankfurt-1.antheljtrvfrr5iaj2hikuptdl6xbuuec267chmo2k3iubjw2fhemzbhmksa,DMxS:EU-FRANKFURT-1-AD-2,cl-ba-xedc2-pqvm1,Database,Database Exadata Cloud at Customer - Database OCPU,B91363,30.000312,24.0,
TEST,2025-07-30 08:00:00+00:00,2025-07-30 09:00:00+00:00,ocid1.vmcluster.oc1.eu-frankfurt-1.antheljtrvfrr5iacz3aicfdxbta4h4bsdrxm45m56i32axkbtxy2ratl4kq,DMxS:EU-FRANKFURT-1-AD-2,cl-ba-xedc2-tqvm3,Database,Database Exadata Cloud at Customer - Database OCPU,B91363,7.500078,6.0,
TEST,2025-07-30 09:00:00+00:00,2025-07-30 10:00:00+00:00,ocid1.vmcluster.oc1.eu-frankfurt-1.antheljtrvfrr5iacz3aicfdxbta4h4bsdrxm45m56i32axkbtxy2ratl4kq,DMxS:EU-FRANKFURT-1-AD-2,cl-ba-xedc2-tqvm3,Database,Database Exadata Cloud at Customer - Database OCPU,B91363,7.500078,6.0,
TEST,2025-07-30 09:00:00+00:00,2025-07-30 10:00:00+00:00,ocid1.vmcluster.oc1.eu-frankfurt-1.antheljrrvfrr5iaiakdi5rxfl73notvt6tf6lslsueauptbt2dok4ptucdq,DMxS:EU-FRANKFURT-1-AD-1,cl-ba-xedc1-tqvm3,Database,Database Exadata Cloud at Customer - Database OCPU,B91363,7.500078,6.0,
PROD,2025-07-30 09:00:00+00:00,2025-07-30 10:00:00+00:00,ocid1.vmcluster.oc1.eu-frankfurt-1.antheljtrvfrr5iaj2hikuptdl6xbuuec267chmo2k3iubjw2fhemzbhmksa,DMxS:EU-FRANKFURT-1-AD-2,cl-ba-xedc2-pqvm1,Database,Database Exadata Cloud at Customer - Database OCPU,B91363,30.000312,24.0,
PROD,2025-07-30 09:00:00+00:00,2025-07-30 10:00:00+00:00,ocid1.vmcluster.oc1.eu-frankfurt-1.antheljrrvfrr5iawj32h5gbrsj4yjuv7y65xtmdwewxqhedhfolqmkknbha,DMxS:EU-FRANKFURT-1-AD-1,cl-ba-xedc1-pqvm1,Database,Database Exadata Cloud at Customer - Database OCPU,B91363,47.500494,38.0,
TEST,2025-07-30 10:00:00+00:00,2025-07-30 11:00:00+00:00,ocid1.vmcluster.oc1.eu-frankfurt-1.antheljrrvfrr5iaiakdi5rxfl73notvt6tf6lslsueauptbt2dok4ptucdq,DMxS:EU-FRANKFURT-1-AD-1,cl-ba-xedc1-tqvm3,Database,Database Exadata Cloud at Customer - Database OCPU,B91363,7.500078,6.0,
TEST,2025-07-30 10:00:00+00:00,2025-07-30 11:00:00+00:00,ocid1.vmcluster.oc1.eu-frankfurt-1.antheljtrvfrr5iacz3aicfdxbta4h4bsdrxm45m56i32axkbtxy2ratl4kq,DMxS:EU-FRANKFURT-1-AD-2,cl-ba-xedc2-tqvm3,Database,Database Exadata Cloud at Customer - Database OCPU,B91363,7.500078,6.0,
PROD,2025-07-30 10:00:00+00:00,2025-07-30 11:00:00+00:00,ocid1.vmcluster.oc1.eu-frankfurt-1.antheljrrvfrr5iawj32h5gbrsj4yjuv7y65xtmdwewxqhedhfolqmkknbha,DMxS:EU-FRANKFURT-1-AD-1,cl-ba-xedc1-pqvm1,Database,Database Exadata Cloud at Customer - Database OCPU,B91363,47.500494,38.0,
PROD,2025-07-30 10:00:00+00:00,2025-07-30 11:00:00+00:00,ocid1.vmcluster.oc1.eu-frankfurt-1.antheljtrvfrr5iaj2hikuptdl6xbuuec267chmo2k3iubjw2fhemzbhmksa,DMxS:EU-FRANKFURT-1-AD-2,cl-ba-xedc2-pqvm1,Database,Database Exadata Cloud at Customer - Database OCPU,B91363,30.000312,24.0,
TEST,2025-07-30 11:00:00+00:00,2025-07-30 12:00:00+00:00,ocid1.vmcluster.oc1.eu-frankfurt-1.antheljrrvfrr5iaiakdi5rxfl73notvt6tf6lslsueauptbt2dok4ptucdq,DMxS:EU-FRANKFURT-1-AD-1,cl-ba-xedc1-tqvm3,Database,Database Exadata Cloud at Customer - Database OCPU,B91363,7.500078,6.0,
PROD,2025-07-30 11:00:00+00:00,2025-07-30 12:00:00+00:00,ocid1.vmcluster.oc1.eu-frankfurt-1.antheljtrvfrr5iaj2hikuptdl6xbuuec267chmo2k3iubjw2fhemzbhmksa,DMxS:EU-FRANKFURT-1-AD-2,cl-ba-xedc2-pqvm1,Database,Database Exadata Cloud at Customer - Database OCPU,B91363,30.000312,24.0,
PROD,2025-07-30 11:00:00+00:00,2025-07-30 12:00:00+00:00,ocid1.vmcluster.oc1.eu-frankfurt-1.antheljrrvfrr5iawj32h5gbrsj4yjuv7y65xtmdwewxqhedhfolqmkknbha,DMxS:EU-FRANKFURT-1-AD-1,cl-ba-xedc1-pqvm1,Database,Database Exadata Cloud at Customer - Database OCPU,B91363,47.500494,38.0,
TEST,2025-07-30 11:00:00+00:00,2025-07-30 12:00:00+00:00,ocid1.vmcluster.oc1.eu-frankfurt-1.antheljtrvfrr5iacz3aicfdxbta4h4bsdrxm45m56i32axkbtxy2ratl4kq,DMxS:EU-FRANKFURT-1-AD-2,cl-ba-xedc2-tqvm3,Database,Database Exadata Cloud at Customer - Database OCPU,B91363,7.500078,6.0,
TEST,2025-07-30 12:00:00+00:00,2025-07-30 13:00:00+00:00,ocid1.vmcluster.oc1.eu-frankfurt-1.antheljrrvfrr5iaiakdi5rxfl73notvt6tf6lslsueauptbt2dok4ptucdq,DMxS:EU-FRANKFURT-1-AD-1,cl-ba-xedc1-tqvm3,Database,Database Exadata Cloud at Customer - Database OCPU,B91363,7.500078,6.0,
PROD,2025-07-30 12:00:00+00:00,2025-07-30 13:00:00+00:00,ocid1.vmcluster.oc1.eu-frankfurt-1.antheljrrvfrr5iawj32h5gbrsj4yjuv7y65xtmdwewxqhedhfolqmkknbha,DMxS:EU-FRANKFURT-1-AD-1,cl-ba-xedc1-pqvm1,Database,Database Exadata Cloud at Customer - Database OCPU,B91363,47.500494,38.0,
TEST,2025-07-30 12:00:00+00:00,2025-07-30 13:00:00+00:00,ocid1.vmcluster.oc1.eu-frankfurt-1.antheljtrvfrr5iacz3aicfdxbta4h4bsdrxm45m56i32axkbtxy2ratl4kq,DMxS:EU-FRANKFURT-1-AD-2,cl-ba-xedc2-tqvm3,Database,Database Exadata Cloud at Customer - Database OCPU,B91363,7.500078,6.0,
PROD,2025-07-30 12:00:00+00:00,2025-07-30 13:00:00+00:00,ocid1.vmcluster.oc1.eu-frankfurt-1.antheljtrvfrr5iaj2hikuptdl6xbuuec267chmo2k3iubjw2fhemzbhmksa,DMxS:EU-FRANKFURT-1-AD-2,cl-ba-xedc2-pqvm1,Database,Database Exadata Cloud at Customer - Database OCPU,B91363,30.000312,24.0,
PROD,2025-07-30 13:00:00+00:00,2025-07-30 14:00:00+00:00,ocid1.vmcluster.oc1.eu-frankfurt-1.antheljrrvfrr5iawj32h5gbrsj4yjuv7y65xtmdwewxqhedhfolqmkknbha,DMxS:EU-FRANKFURT-1-AD-1,cl-ba-xedc1-pqvm1,Database,Database Exadata Cloud at Customer - Database OCPU,B91363,47.500494,38.0,
TEST,2025-07-30 13:00:00+00:00,2025-07-30 14:00:00+00:00,ocid1.vmcluster.oc1.eu-frankfurt-1.antheljrrvfrr5iaiakdi5rxfl73notvt6tf6lslsueauptbt2dok4ptucdq,DMxS:EU-FRANKFURT-1-AD-1,cl-ba-xedc1-tqvm3,Database,Database Exadata Cloud at Customer - Database OCPU,B91363,7.500078,6.0,
PROD,2025-07-30 13:00:00+00:00,2025-07-30 14:00:00+00:00,ocid1.vmcluster.oc1.eu-frankfurt-1.antheljtrvfrr5iaj2hikuptdl6xbuuec267chmo2k3iubjw2fhemzbhmksa,DMxS:EU-FRANKFURT-1-AD-2,cl-ba-xedc2-pqvm1,Database,Database Exadata Cloud at Customer - Database OCPU,B91363,30.000312,24.0,
TEST,2025-07-30 13:00:00+00:00,2025-07-30 14:00:00+00:00,ocid1.vmcluster.oc1.eu-frankfurt-1.antheljtrvfrr5iacz3aicfdxbta4h4bsdrxm45m56i32axkbtxy2ratl4kq,DMxS:EU-FRANKFURT-1-AD-2,cl-ba-xedc2-tqvm3,Database,Database Exadata Cloud at Customer - Database OCPU,B91363,7.500078,6.0,
TEST,2025-07-30 14:00:00+00:00,2025-07-30 15:00:00+00:00,ocid1.vmcluster.oc1.eu-frankfurt-1.antheljtrvfrr5iacz3aicfdxbta4h4bsdrxm45m56i32axkbtxy2ratl4kq,DMxS:EU-FRANKFURT-1-AD-2,cl-ba-xedc2-tqvm3,Database,Database Exadata Cloud at Customer - Database OCPU,B91363,7.500078,6.0,
TEST,2025-07-30 14:00:00+00:00,2025-07-30 15:00:00+00:00,ocid1.vmcluster.oc1.eu-frankfurt-1.antheljrrvfrr5iaiakdi5rxfl73notvt6tf6lslsueauptbt2dok4ptucdq,DMxS:EU-FRANKFURT-1-AD-1,cl-ba-xedc1-tqvm3,Database,Database Exadata Cloud at Customer - Database OCPU,B91363,7.500078,6.0,
PROD,2025-07-30 14:00:00+00:00,2025-07-30 15:00:00+00:00,ocid1.vmcluster.oc1.eu-frankfurt-1.antheljrrvfrr5iawj32h5gbrsj4yjuv7y65xtmdwewxqhedhfolqmkknbha,DMxS:EU-FRANKFURT-1-AD-1,cl-ba-xedc1-pqvm1,Database,Database Exadata Cloud at Customer - Database OCPU,B91363,47.500494,38.0,
PROD,2025-07-30 14:00:00+00:00,2025-07-30 15:00:00+00:00,ocid1.vmcluster.oc1.eu-frankfurt-1.antheljtrvfrr5iaj2hikuptdl6xbuuec267chmo2k3iubjw2fhemzbhmksa,DMxS:EU-FRANKFURT-1-AD-2,cl-ba-xedc2-pqvm1,Database,Database Exadata Cloud at Customer - Database OCPU,B91363,30.000312,24.0,
PROD,2025-07-30 15:00:00+00:00,2025-07-30 16:00:00+00:00,ocid1.vmcluster.oc1.eu-frankfurt-1.antheljrrvfrr5iawj32h5gbrsj4yjuv7y65xtmdwewxqhedhfolqmkknbha,DMxS:EU-FRANKFURT-1-AD-1,cl-ba-xedc1-pqvm1,Database,Database Exadata Cloud at Customer - Database OCPU,B91363,47.500494,38.0,
TEST,2025-07-30 15:00:00+00:00,2025-07-30 16:00:00+00:00,ocid1.vmcluster.oc1.eu-frankfurt-1.antheljtrvfrr5iacz3aicfdxbta4h4bsdrxm45m56i32axkbtxy2ratl4kq,DMxS:EU-FRANKFURT-1-AD-2,cl-ba-xedc2-tqvm3,Database,Database Exadata Cloud at Customer - Database OCPU,B91363,7.500078,6.0,
TEST,2025-07-30 15:00:00+00:00,2025-07-30 16:00:00+00:00,ocid1.vmcluster.oc1.eu-frankfurt-1.antheljrrvfrr5iaiakdi5rxfl73notvt6tf6lslsueauptbt2dok4ptucdq,DMxS:EU-FRANKFURT-1-AD-1,cl-ba-xedc1-tqvm3,Database,Database Exadata Cloud at Customer - Database OCPU,B91363,7.500078,6.0,
PROD,2025-07-30 15:00:00+00:00,2025-07-30 16:00:00+00:00,ocid1.vmcluster.oc1.eu-frankfurt-1.antheljtrvfrr5iaj2hikuptdl6xbuuec267chmo2k3iubjw2fhemzbhmksa,DMxS:EU-FRANKFURT-1-AD-2,cl-ba-xedc2-pqvm1,Database,Database Exadata Cloud at Customer - Database OCPU,B91363,30.000312,24.0,
PROD,2025-07-30 16:00:00+00:00,2025-07-30 17:00:00+00:00,ocid1.vmcluster.oc1.eu-frankfurt-1.antheljrrvfrr5iawj32h5gbrsj4yjuv7y65xtmdwewxqhedhfolqmkknbha,DMxS:EU-FRANKFURT-1-AD-1,cl-ba-xedc1-pqvm1,Database,Database Exadata Cloud at Customer - Database OCPU,B91363,47.500494,38.0,
TEST,2025-07-30 16:00:00+00:00,2025-07-30 17:00:00+00:00,ocid1.vmcluster.oc1.eu-frankfurt-1.antheljrrvfrr5iaiakdi5rxfl73notvt6tf6lslsueauptbt2dok4ptucdq,DMxS:EU-FRANKFURT-1-AD-1,cl-ba-xedc1-tqvm3,Database,Database Exadata Cloud at Customer - Database OCPU,B91363,7.500078,6.0,
TEST,2025-07-30 16:00:00+00:00,2025-07-30 17:00:00+00:00,ocid1.vmcluster.oc1.eu-frankfurt-1.antheljtrvfrr5iacz3aicfdxbta4h4bsdrxm45m56i32axkbtxy2ratl4kq,DMxS:EU-FRANKFURT-1-AD-2,cl-ba-xedc2-tqvm3,Database,Database Exadata Cloud at Customer - Database OCPU,B91363,7.500078,6.0,
PROD,2025-07-30 16:00:00+00:00,2025-07-30 17:00:00+00:00,ocid1.vmcluster.oc1.eu-frankfurt-1.antheljtrvfrr5iaj2hikuptdl6xbuuec267chmo2k3iubjw2fhemzbhmksa,DMxS:EU-FRANKFURT-1-AD-2,cl-ba-xedc2-pqvm1,Database,Database Exadata Cloud at Customer - Database OCPU,B91363,30.000312,24.0,
TEST,2025-07-30 17:00:00+00:00,2025-07-30 18:00:00+00:00,ocid1.vmcluster.oc1.eu-frankfurt-1.antheljtrvfrr5iacz3aicfdxbta4h4bsdrxm45m56i32axkbtxy2ratl4kq,DMxS:EU-FRANKFURT-1-AD-2,cl-ba-xedc2-tqvm3,Database,Database Exadata Cloud at Customer - Database OCPU,B91363,7.500078,6.0,
TEST,2025-07-30 17:00:00+00:00,2025-07-30 18:00:00+00:00,ocid1.vmcluster.oc1.eu-frankfurt-1.antheljrrvfrr5iaiakdi5rxfl73notvt6tf6lslsueauptbt2dok4ptucdq,DMxS:EU-FRANKFURT-1-AD-1,cl-ba-xedc1-tqvm3,Database,Database Exadata Cloud at Customer - Database OCPU,B91363,7.500078,6.0,
PROD,2025-07-30 17:00:00+00:00,2025-07-30 18:00:00+00:00,ocid1.vmcluster.oc1.eu-frankfurt-1.antheljtrvfrr5iaj2hikuptdl6xbuuec267chmo2k3iubjw2fhemzbhmksa,DMxS:EU-FRANKFURT-1-AD-2,cl-ba-xedc2-pqvm1,Database,Database Exadata Cloud at Customer - Database OCPU,B91363,30.000312,24.0,
PROD,2025-07-30 17:00:00+00:00,2025-07-30 18:00:00+00:00,ocid1.vmcluster.oc1.eu-frankfurt-1.antheljrrvfrr5iawj32h5gbrsj4yjuv7y65xtmdwewxqhedhfolqmkknbha,DMxS:EU-FRANKFURT-1-AD-1,cl-ba-xedc1-pqvm1,Database,Database Exadata Cloud at Customer - Database OCPU,B91363,47.500494,38.0,
PROD,2025-07-30 18:00:00+00:00,2025-07-30 19:00:00+00:00,ocid1.vmcluster.oc1.eu-frankfurt-1.antheljtrvfrr5iaj2hikuptdl6xbuuec267chmo2k3iubjw2fhemzbhmksa,DMxS:EU-FRANKFURT-1-AD-2,cl-ba-xedc2-pqvm1,Database,Database Exadata Cloud at Customer - Database OCPU,B91363,30.000312,24.0,
TEST,2025-07-30 18:00:00+00:00,2025-07-30 19:00:00+00:00,ocid1.vmcluster.oc1.eu-frankfurt-1.antheljtrvfrr5iacz3aicfdxbta4h4bsdrxm45m56i32axkbtxy2ratl4kq,DMxS:EU-FRANKFURT-1-AD-2,cl-ba-xedc2-tqvm3,Database,Database Exadata Cloud at Customer - Database OCPU,B91363,7.500078,6.0,
PROD,2025-07-30 18:00:00+00:00,2025-07-30 19:00:00+00:00,ocid1.vmcluster.oc1.eu-frankfurt-1.antheljrrvfrr5iawj32h5gbrsj4yjuv7y65xtmdwewxqhedhfolqmkknbha,DMxS:EU-FRANKFURT-1-AD-1,cl-ba-xedc1-pqvm1,Database,Database Exadata Cloud at Customer - Database OCPU,B91363,47.500494,38.0,
TEST,2025-07-30 18:00:00+00:00,2025-07-30 19:00:00+00:00,ocid1.vmcluster.oc1.eu-frankfurt-1.antheljrrvfrr5iaiakdi5rxfl73notvt6tf6lslsueauptbt2dok4ptucdq,DMxS:EU-FRANKFURT-1-AD-1,cl-ba-xedc1-tqvm3,Database,Database Exadata Cloud at Customer - Database OCPU,B91363,7.500078,6.0,
TEST,2025-07-30 19:00:00+00:00,2025-07-30 20:00:00+00:00,ocid1.vmcluster.oc1.eu-frankfurt-1.antheljrrvfrr5iaiakdi5rxfl73notvt6tf6lslsueauptbt2dok4ptucdq,DMxS:EU-FRANKFURT-1-AD-1,cl-ba-xedc1-tqvm3,Database,Database Exadata Cloud at Customer - Database OCPU,B91363,7.500078,6.0,
PROD,2025-07-30 19:00:00+00:00,2025-07-30 20:00:00+00:00,ocid1.vmcluster.oc1.eu-frankfurt-1.antheljtrvfrr5iaj2hikuptdl6xbuuec267chmo2k3iubjw2fhemzbhmksa,DMxS:EU-FRANKFURT-1-AD-2,cl-ba-xedc2-pqvm1,Database,Database Exadata Cloud at Customer - Database OCPU,B91363,30.000312,24.0,
PROD,2025-07-30 19:00:00+00:00,2025-07-30 20:00:00+00:00,ocid1.vmcluster.oc1.eu-frankfurt-1.antheljrrvfrr5iawj32h5gbrsj4yjuv7y65xtmdwewxqhedhfolqmkknbha,DMxS:EU-FRANKFURT-1-AD-1,cl-ba-xedc1-pqvm1,Database,Database Exadata Cloud at Customer - Database OCPU,B91363,47.500494,38.0,
TEST,2025-07-30 19:00:00+00:00,2025-07-30 20:00:00+00:00,ocid1.vmcluster.oc1.eu-frankfurt-1.antheljtrvfrr5iacz3aicfdxbta4h4bsdrxm45m56i32axkbtxy2ratl4kq,DMxS:EU-FRANKFURT-1-AD-2,cl-ba-xedc2-tqvm3,Database,Database Exadata Cloud at Customer - Database OCPU,B91363,7.500078,6.0,
PROD,2025-07-30 20:00:00+00:00,2025-07-30 21:00:00+00:00,ocid1.vmcluster.oc1.eu-frankfurt-1.antheljtrvfrr5iaj2hikuptdl6xbuuec267chmo2k3iubjw2fhemzbhmksa,DMxS:EU-FRANKFURT-1-AD-2,cl-ba-xedc2-pqvm1,Database,Database Exadata Cloud at Customer - Database OCPU,B91363,30.000312,24.0,
TEST,2025-07-30 20:00:00+00:00,2025-07-30 21:00:00+00:00,ocid1.vmcluster.oc1.eu-frankfurt-1.antheljrrvfrr5iaiakdi5rxfl73notvt6tf6lslsueauptbt2dok4ptucdq,DMxS:EU-FRANKFURT-1-AD-1,cl-ba-xedc1-tqvm3,Database,Database Exadata Cloud at Customer - Database OCPU,B91363,7.500078,6.0,
TEST,2025-07-30 20:00:00+00:00,2025-07-30 21:00:00+00:00,ocid1.vmcluster.oc1.eu-frankfurt-1.antheljtrvfrr5iacz3aicfdxbta4h4bsdrxm45m56i32axkbtxy2ratl4kq,DMxS:EU-FRANKFURT-1-AD-2,cl-ba-xedc2-tqvm3,Database,Database Exadata Cloud at Customer - Database OCPU,B91363,7.500078,6.0,
PROD,2025-07-30 20:00:00+00:00,2025-07-30 21:00:00+00:00,ocid1.vmcluster.oc1.eu-frankfurt-1.antheljrrvfrr5iawj32h5gbrsj4yjuv7y65xtmdwewxqhedhfolqmkknbha,DMxS:EU-FRANKFURT-1-AD-1,cl-ba-xedc1-pqvm1,Database,Database Exadata Cloud at Customer - Database OCPU,B91363,47.500494,38.0,
PROD,2025-07-30 21:00:00+00:00,2025-07-30 22:00:00+00:00,ocid1.vmcluster.oc1.eu-frankfurt-1.antheljrrvfrr5iawj32h5gbrsj4yjuv7y65xtmdwewxqhedhfolqmkknbha,DMxS:EU-FRANKFURT-1-AD-1,cl-ba-xedc1-pqvm1,Database,Database Exadata Cloud at Customer - Database OCPU,B91363,47.500494,38.0,
TEST,2025-07-30 21:00:00+00:00,2025-07-30 22:00:00+00:00,ocid1.vmcluster.oc1.eu-frankfurt-1.antheljrrvfrr5iaiakdi5rxfl73notvt6tf6lslsueauptbt2dok4ptucdq,DMxS:EU-FRANKFURT-1-AD-1,cl-ba-xedc1-tqvm3,Database,Database Exadata Cloud at Customer - Database OCPU,B91363,7.500078,6.0,
TEST,2025-07-30 21:00:00+00:00,2025-07-30 22:00:00+00:00,ocid1.vmcluster.oc1.eu-frankfurt-1.antheljtrvfrr5iacz3aicfdxbta4h4bsdrxm45m56i32axkbtxy2ratl4kq,DMxS:EU-FRANKFURT-1-AD-2,cl-ba-xedc2-tqvm3,Database,Database Exadata Cloud at Customer - Database OCPU,B91363,7.500078,6.0,
PROD,2025-07-30 21:00:00+00:00,2025-07-30 22:00:00+00:00,ocid1.vmcluster.oc1.eu-frankfurt-1.antheljtrvfrr5iaj2hikuptdl6xbuuec267chmo2k3iubjw2fhemzbhmksa,DMxS:EU-FRANKFURT-1-AD-2,cl-ba-xedc2-pqvm1,Database,Database Exadata Cloud at Customer - Database OCPU,B91363,30.000312,24.0,
TEST,2025-07-30 22:00:00+00:00,2025-07-30 23:00:00+00:00,ocid1.vmcluster.oc1.eu-frankfurt-1.antheljtrvfrr5iacz3aicfdxbta4h4bsdrxm45m56i32axkbtxy2ratl4kq,DMxS:EU-FRANKFURT-1-AD-2,cl-ba-xedc2-tqvm3,Database,Database Exadata Cloud at Customer - Database OCPU,B91363,7.500078,6.0,
TEST,2025-07-30 22:00:00+00:00,2025-07-30 23:00:00+00:00,ocid1.vmcluster.oc1.eu-frankfurt-1.antheljrrvfrr5iaiakdi5rxfl73notvt6tf6lslsueauptbt2dok4ptucdq,DMxS:EU-FRANKFURT-1-AD-1,cl-ba-xedc1-tqvm3,Database,Database Exadata Cloud at Customer - Database OCPU,B91363,7.500078,6.0,
PROD,2025-07-30 22:00:00+00:00,2025-07-30 23:00:00+00:00,ocid1.vmcluster.oc1.eu-frankfurt-1.antheljrrvfrr5iawj32h5gbrsj4yjuv7y65xtmdwewxqhedhfolqmkknbha,DMxS:EU-FRANKFURT-1-AD-1,cl-ba-xedc1-pqvm1,Database,Database Exadata Cloud at Customer - Database OCPU,B91363,47.500494,38.0,
PROD,2025-07-30 22:00:00+00:00,2025-07-30 23:00:00+00:00,ocid1.vmcluster.oc1.eu-frankfurt-1.antheljtrvfrr5iaj2hikuptdl6xbuuec267chmo2k3iubjw2fhemzbhmksa,DMxS:EU-FRANKFURT-1-AD-2,cl-ba-xedc2-pqvm1,Database,Database Exadata Cloud at Customer - Database OCPU,B91363,30.000312,24.0,
TEST,2025-07-30 23:00:00+00:00,2025-07-31 00:00:00+00:00,ocid1.vmcluster.oc1.eu-frankfurt-1.antheljtrvfrr5iacz3aicfdxbta4h4bsdrxm45m56i32axkbtxy2ratl4kq,DMxS:EU-FRANKFURT-1-AD-2,cl-ba-xedc2-tqvm3,Database,Database Exadata Cloud at Customer - Database OCPU,B91363,7.500078,6.0,
PROD,2025-07-30 23:00:00+00:00,2025-07-31 00:00:00+00:00,ocid1.vmcluster.oc1.eu-frankfurt-1.antheljrrvfrr5iawj32h5gbrsj4yjuv7y65xtmdwewxqhedhfolqmkknbha,DMxS:EU-FRANKFURT-1-AD-1,cl-ba-xedc1-pqvm1,Database,Database Exadata Cloud at Customer - Database OCPU,B91363,47.500494,38.0,
TEST,2025-07-30 23:00:00+00:00,2025-07-31 00:00:00+00:00,ocid1.vmcluster.oc1.eu-frankfurt-1.antheljrrvfrr5iaiakdi5rxfl73notvt6tf6lslsueauptbt2dok4ptucdq,DMxS:EU-FRANKFURT-1-AD-1,cl-ba-xedc1-tqvm3,Database,Database Exadata Cloud at Customer - Database OCPU,B91363,7.500078,6.0,
PROD,2025-07-30 23:00:00+00:00,2025-07-31 00:00:00+00:00,ocid1.vmcluster.oc1.eu-frankfurt-1.antheljtrvfrr5iaj2hikuptdl6xbuuec267chmo2k3iubjw2fhemzbhmksa,DMxS:EU-FRANKFURT-1-AD-2,cl-ba-xedc2-pqvm1,Database,Database Exadata Cloud at Customer - Database OCPU,B91363,30.000312,24.0,
TEST,2025-07-31 00:00:00+00:00,2025-07-31 01:00:00+00:00,ocid1.vmcluster.oc1.eu-frankfurt-1.antheljtrvfrr5iacz3aicfdxbta4h4bsdrxm45m56i32axkbtxy2ratl4kq,DMxS:EU-FRANKFURT-1-AD-2,cl-ba-xedc2-tqvm3,Database,Database Exadata Cloud at Customer - Database OCPU,B91363,7.500078,6.0,
PROD,2025-07-31 00:00:00+00:00,2025-07-31 01:00:00+00:00,ocid1.vmcluster.oc1.eu-frankfurt-1.antheljtrvfrr5iaj2hikuptdl6xbuuec267chmo2k3iubjw2fhemzbhmksa,DMxS:EU-FRANKFURT-1-AD-2,cl-ba-xedc2-pqvm1,Database,Database Exadata Cloud at Customer - Database OCPU,B91363,30.000312,24.0,
PROD,2025-07-31 00:00:00+00:00,2025-07-31 01:00:00+00:00,ocid1.vmcluster.oc1.eu-frankfurt-1.antheljrrvfrr5iawj32h5gbrsj4yjuv7y65xtmdwewxqhedhfolqmkknbha,DMxS:EU-FRANKFURT-1-AD-1,cl-ba-xedc1-pqvm1,Database,Database Exadata Cloud at Customer - Database OCPU,B91363,47.500494,38.0,
TEST,2025-07-31 00:00:00+00:00,2025-07-31 01:00:00+00:00,ocid1.vmcluster.oc1.eu-frankfurt-1.antheljrrvfrr5iaiakdi5rxfl73notvt6tf6lslsueauptbt2dok4ptucdq,DMxS:EU-FRANKFURT-1-AD-1,cl-ba-xedc1-tqvm3,Database,Database Exadata Cloud at Customer - Database OCPU,B91363,7.500078,6.0,
TEST,2025-07-31 01:00:00+00:00,2025-07-31 02:00:00+00:00,ocid1.vmcluster.oc1.eu-frankfurt-1.antheljrrvfrr5iaiakdi5rxfl73notvt6tf6lslsueauptbt2dok4ptucdq,DMxS:EU-FRANKFURT-1-AD-1,cl-ba-xedc1-tqvm3,Database,Database Exadata Cloud at Customer - Database OCPU,B91363,7.500078,6.0,
PROD,2025-07-31 01:00:00+00:00,2025-07-31 02:00:00+00:00,ocid1.vmcluster.oc1.eu-frankfurt-1.antheljtrvfrr5iaj2hikuptdl6xbuuec267chmo2k3iubjw2fhemzbhmksa,DMxS:EU-FRANKFURT-1-AD-2,cl-ba-xedc2-pqvm1,Database,Database Exadata Cloud at Customer - Database OCPU,B91363,30.000312,24.0,
PROD,2025-07-31 01:00:00+00:00,2025-07-31 02:00:00+00:00,ocid1.vmcluster.oc1.eu-frankfurt-1.antheljrrvfrr5iawj32h5gbrsj4yjuv7y65xtmdwewxqhedhfolqmkknbha,DMxS:EU-FRANKFURT-1-AD-1,cl-ba-xedc1-pqvm1,Database,Database Exadata Cloud at Customer - Database OCPU,B91363,47.500494,38.0,
TEST,2025-07-31 01:00:00+00:00,2025-07-31 02:00:00+00:00,ocid1.vmcluster.oc1.eu-frankfurt-1.antheljtrvfrr5iacz3aicfdxbta4h4bsdrxm45m56i32axkbtxy2ratl4kq,DMxS:EU-FRANKFURT-1-AD-2,cl-ba-xedc2-tqvm3,Database,Database Exadata Cloud at Customer - Database OCPU,B91363,7.500078,6.0,
PROD,2025-07-31 02:00:00+00:00,2025-07-31 03:00:00+00:00,ocid1.vmcluster.oc1.eu-frankfurt-1.antheljrrvfrr5iawj32h5gbrsj4yjuv7y65xtmdwewxqhedhfolqmkknbha,DMxS:EU-FRANKFURT-1-AD-1,cl-ba-xedc1-pqvm1,Database,Database Exadata Cloud at Customer - Database OCPU,B91363,47.500494,38.0,
PROD,2025-07-31 02:00:00+00:00,2025-07-31 03:00:00+00:00,ocid1.vmcluster.oc1.eu-frankfurt-1.antheljtrvfrr5iaj2hikuptdl6xbuuec267chmo2k3iubjw2fhemzbhmksa,DMxS:EU-FRANKFURT-1-AD-2,cl-ba-xedc2-pqvm1,Database,Database Exadata Cloud at Customer - Database OCPU,B91363,30.000312,24.0,
TEST,2025-07-31 02:00:00+00:00,2025-07-31 03:00:00+00:00,ocid1.vmcluster.oc1.eu-frankfurt-1.antheljrrvfrr5iaiakdi5rxfl73notvt6tf6lslsueauptbt2dok4ptucdq,DMxS:EU-FRANKFURT-1-AD-1,cl-ba-xedc1-tqvm3,Database,Database Exadata Cloud at Customer - Database OCPU,B91363,7.500078,6.0,
TEST,2025-07-31 02:00:00+00:00,2025-07-31 03:00:00+00:00,ocid1.vmcluster.oc1.eu-frankfurt-1.antheljtrvfrr5iacz3aicfdxbta4h4bsdrxm45m56i32axkbtxy2ratl4kq,DMxS:EU-FRANKFURT-1-AD-2,cl-ba-xedc2-tqvm3,Database,Database Exadata Cloud at Customer - Database OCPU,B91363,7.500078,6.0,
PROD,2025-07-31 03:00:00+00:00,2025-07-31 04:00:00+00:00,ocid1.vmcluster.oc1.eu-frankfurt-1.antheljtrvfrr5iaj2hikuptdl6xbuuec267chmo2k3iubjw2fhemzbhmksa,DMxS:EU-FRANKFURT-1-AD-2,cl-ba-xedc2-pqvm1,Database,Database Exadata Cloud at Customer - Database OCPU,B91363,30.000312,24.0,
PROD,2025-07-31 03:00:00+00:00,2025-07-31 04:00:00+00:00,ocid1.vmcluster.oc1.eu-frankfurt-1.antheljrrvfrr5iawj32h5gbrsj4yjuv7y65xtmdwewxqhedhfolqmkknbha,DMxS:EU-FRANKFURT-1-AD-1,cl-ba-xedc1-pqvm1,Database,Database Exadata Cloud at Customer - Database OCPU,B91363,47.500494,38.0,
TEST,2025-07-31 03:00:00+00:00,2025-07-31 04:00:00+00:00,ocid1.vmcluster.oc1.eu-frankfurt-1.antheljrrvfrr5iaiakdi5rxfl73notvt6tf6lslsueauptbt2dok4ptucdq,DMxS:EU-FRANKFURT-1-AD-1,cl-ba-xedc1-tqvm3,Database,Database Exadata Cloud at Customer - Database OCPU,B91363,7.500078,6.0,
TEST,2025-07-31 03:00:00+00:00,2025-07-31 04:00:00+00:00,ocid1.vmcluster.oc1.eu-frankfurt-1.antheljtrvfrr5iacz3aicfdxbta4h4bsdrxm45m56i32axkbtxy2ratl4kq,DMxS:EU-FRANKFURT-1-AD-2,cl-ba-xedc2-tqvm3,Database,Database Exadata Cloud at Customer - Database OCPU,B91363,7.500078,6.0,
TEST,2025-07-31 04:00:00+00:00,2025-07-31 05:00:00+00:00,ocid1.vmcluster.oc1.eu-frankfurt-1.antheljrrvfrr5iaiakdi5rxfl73notvt6tf6lslsueauptbt2dok4ptucdq,DMxS:EU-FRANKFURT-1-AD-1,cl-ba-xedc1-tqvm3,Database,Database Exadata Cloud at Customer - Database OCPU,B91363,7.500078,6.0,
PROD,2025-07-31 04:00:00+00:00,2025-07-31 05:00:00+00:00,ocid1.vmcluster.oc1.eu-frankfurt-1.antheljrrvfrr5iawj32h5gbrsj4yjuv7y65xtmdwewxqhedhfolqmkknbha,DMxS:EU-FRANKFURT-1-AD-1,cl-ba-xedc1-pqvm1,Database,Database Exadata Cloud at Customer - Database OCPU,B91363,47.500494,38.0,
PROD,2025-07-31 04:00:00+00:00,2025-07-31 05:00:00+00:00,ocid1.vmcluster.oc1.eu-frankfurt-1.antheljtrvfrr5iaj2hikuptdl6xbuuec267chmo2k3iubjw2fhemzbhmksa,DMxS:EU-FRANKFURT-1-AD-2,cl-ba-xedc2-pqvm1,Database,Database Exadata Cloud at Customer - Database OCPU,B91363,30.000312,24.0,
TEST,2025-07-31 04:00:00+00:00,2025-07-31 05:00:00+00:00,ocid1.vmcluster.oc1.eu-frankfurt-1.antheljtrvfrr5iacz3aicfdxbta4h4bsdrxm45m56i32axkbtxy2ratl4kq,DMxS:EU-FRANKFURT-1-AD-2,cl-ba-xedc2-tqvm3,Database,Database Exadata Cloud at Customer - Database OCPU,B91363,7.500078,6.0,
TEST,2025-07-31 05:00:00+00:00,2025-07-31 06:00:00+00:00,ocid1.vmcluster.oc1.eu-frankfurt-1.antheljrrvfrr5iaiakdi5rxfl73notvt6tf6lslsueauptbt2dok4ptucdq,DMxS:EU-FRANKFURT-1-AD-1,cl-ba-xedc1-tqvm3,Database,Database Exadata Cloud at Customer - Database OCPU,B91363,7.500078,6.0,
PROD,2025-07-31 05:00:00+00:00,2025-07-31 06:00:00+00:00,ocid1.vmcluster.oc1.eu-frankfurt-1.antheljrrvfrr5iawj32h5gbrsj4yjuv7y65xtmdwewxqhedhfolqmkknbha,DMxS:EU-FRANKFURT-1-AD-1,cl-ba-xedc1-pqvm1,Database,Database Exadata Cloud at Customer - Database OCPU,B91363,47.500494,38.0,
TEST,2025-07-31 05:00:00+00:00,2025-07-31 06:00:00+00:00,ocid1.vmcluster.oc1.eu-frankfurt-1.antheljtrvfrr5iacz3aicfdxbta4h4bsdrxm45m56i32axkbtxy2ratl4kq,DMxS:EU-FRANKFURT-1-AD-2,cl-ba-xedc2-tqvm3,Database,Database Exadata Cloud at Customer - Database OCPU,B91363,7.500078,6.0,
PROD,2025-07-31 05:00:00+00:00,2025-07-31 06:00:00+00:00,ocid1.vmcluster.oc1.eu-frankfurt-1.antheljtrvfrr5iaj2hikuptdl6xbuuec267chmo2k3iubjw2fhemzbhmksa,DMxS:EU-FRANKFURT-1-AD-2,cl-ba-xedc2-pqvm1,Database,Database Exadata Cloud at Customer - Database OCPU,B91363,30.000312,24.0,
TEST,2025-07-31 06:00:00+00:00,2025-07-31 07:00:00+00:00,ocid1.vmcluster.oc1.eu-frankfurt-1.antheljrrvfrr5iaiakdi5rxfl73notvt6tf6lslsueauptbt2dok4ptucdq,DMxS:EU-FRANKFURT-1-AD-1,cl-ba-xedc1-tqvm3,Database,Database Exadata Cloud at Customer - Database OCPU,B91363,7.500078,6.0,
PROD,2025-07-31 06:00:00+00:00,2025-07-31 07:00:00+00:00,ocid1.vmcluster.oc1.eu-frankfurt-1.antheljtrvfrr5iaj2hikuptdl6xbuuec267chmo2k3iubjw2fhemzbhmksa,DMxS:EU-FRANKFURT-1-AD-2,cl-ba-xedc2-pqvm1,Database,Database Exadata Cloud at Customer - Database OCPU,B91363,30.000312,24.0,
TEST,2025-07-31 06:00:00+00:00,2025-07-31 07:00:00+00:00,ocid1.vmcluster.oc1.eu-frankfurt-1.antheljtrvfrr5iacz3aicfdxbta4h4bsdrxm45m56i32axkbtxy2ratl4kq,DMxS:EU-FRANKFURT-1-AD-2,cl-ba-xedc2-tqvm3,Database,Database Exadata Cloud at Customer - Database OCPU,B91363,7.500078,6.0,
PROD,2025-07-31 06:00:00+00:00,2025-07-31 07:00:00+00:00,ocid1.vmcluster.oc1.eu-frankfurt-1.antheljrrvfrr5iawj32h5gbrsj4yjuv7y65xtmdwewxqhedhfolqmkknbha,DMxS:EU-FRANKFURT-1-AD-1,cl-ba-xedc1-pqvm1,Database,Database Exadata Cloud at Customer - Database OCPU,B91363,47.500494,38.0,
TEST,2025-07-31 07:00:00+00:00,2025-07-31 08:00:00+00:00,ocid1.vmcluster.oc1.eu-frankfurt-1.antheljtrvfrr5iacz3aicfdxbta4h4bsdrxm45m56i32axkbtxy2ratl4kq,DMxS:EU-FRANKFURT-1-AD-2,cl-ba-xedc2-tqvm3,Database,Database Exadata Cloud at Customer - Database OCPU,B91363,7.500078,6.0,
PROD,2025-07-31 07:00:00+00:00,2025-07-31 08:00:00+00:00,ocid1.vmcluster.oc1.eu-frankfurt-1.antheljtrvfrr5iaj2hikuptdl6xbuuec267chmo2k3iubjw2fhemzbhmksa,DMxS:EU-FRANKFURT-1-AD-2,cl-ba-xedc2-pqvm1,Database,Database Exadata Cloud at Customer - Database OCPU,B91363,30.000312,24.0,
TEST,2025-07-31 07:00:00+00:00,2025-07-31 08:00:00+00:00,ocid1.vmcluster.oc1.eu-frankfurt-1.antheljrrvfrr5iaiakdi5rxfl73notvt6tf6lslsueauptbt2dok4ptucdq,DMxS:EU-FRANKFURT-1-AD-1,cl-ba-xedc1-tqvm3,Database,Database Exadata Cloud at Customer - Database OCPU,B91363,7.500078,6.0,
PROD,2025-07-31 07:00:00+00:00,2025-07-31 08:00:00+00:00,ocid1.vmcluster.oc1.eu-frankfurt-1.antheljrrvfrr5iawj32h5gbrsj4yjuv7y65xtmdwewxqhedhfolqmkknbha,DMxS:EU-FRANKFURT-1-AD-1,cl-ba-xedc1-pqvm1,Database,Database Exadata Cloud at Customer - Database OCPU,B91363,47.500494,38.0,
TEST,2025-07-31 08:00:00+00:00,2025-07-31 09:00:00+00:00,ocid1.vmcluster.oc1.eu-frankfurt-1.antheljtrvfrr5iacz3aicfdxbta4h4bsdrxm45m56i32axkbtxy2ratl4kq,DMxS:EU-FRANKFURT-1-AD-2,cl-ba-xedc2-tqvm3,Database,Database Exadata Cloud at Customer - Database OCPU,B91363,7.500078,6.0,
PROD,2025-07-31 08:00:00+00:00,2025-07-31 09:00:00+00:00,ocid1.vmcluster.oc1.eu-frankfurt-1.antheljtrvfrr5iaj2hikuptdl6xbuuec267chmo2k3iubjw2fhemzbhmksa,DMxS:EU-FRANKFURT-1-AD-2,cl-ba-xedc2-pqvm1,Database,Database Exadata Cloud at Customer - Database OCPU,B91363,30.000312,24.0,
TEST,2025-07-31 08:00:00+00:00,2025-07-31 09:00:00+00:00,ocid1.vmcluster.oc1.eu-frankfurt-1.antheljrrvfrr5iaiakdi5rxfl73notvt6tf6lslsueauptbt2dok4ptucdq,DMxS:EU-FRANKFURT-1-AD-1,cl-ba-xedc1-tqvm3,Database,Database Exadata Cloud at Customer - Database OCPU,B91363,7.500078,6.0,
PROD,2025-07-31 08:00:00+00:00,2025-07-31 09:00:00+00:00,ocid1.vmcluster.oc1.eu-frankfurt-1.antheljrrvfrr5iawj32h5gbrsj4yjuv7y65xtmdwewxqhedhfolqmkknbha,DMxS:EU-FRANKFURT-1-AD-1,cl-ba-xedc1-pqvm1,Database,Database Exadata Cloud at Customer - Database OCPU,B91363,47.500494,38.0,
TEST,2025-07-31 09:00:00+00:00,2025-07-31 10:00:00+00:00,ocid1.vmcluster.oc1.eu-frankfurt-1.antheljtrvfrr5iacz3aicfdxbta4h4bsdrxm45m56i32axkbtxy2ratl4kq,DMxS:EU-FRANKFURT-1-AD-2,cl-ba-xedc2-tqvm3,Database,Database Exadata Cloud at Customer - Database OCPU,B91363,7.500078,6.0,
PROD,2025-07-31 09:00:00+00:00,2025-07-31 10:00:00+00:00,ocid1.vmcluster.oc1.eu-frankfurt-1.antheljrrvfrr5iawj32h5gbrsj4yjuv7y65xtmdwewxqhedhfolqmkknbha,DMxS:EU-FRANKFURT-1-AD-1,cl-ba-xedc1-pqvm1,Database,Database Exadata Cloud at Customer - Database OCPU,B91363,47.500494,38.0,
TEST,2025-07-31 09:00:00+00:00,2025-07-31 10:00:00+00:00,ocid1.vmcluster.oc1.eu-frankfurt-1.antheljrrvfrr5iaiakdi5rxfl73notvt6tf6lslsueauptbt2dok4ptucdq,DMxS:EU-FRANKFURT-1-AD-1,cl-ba-xedc1-tqvm3,Database,Database Exadata Cloud at Customer - Database OCPU,B91363,7.500078,6.0,
PROD,2025-07-31 09:00:00+00:00,2025-07-31 10:00:00+00:00,ocid1.vmcluster.oc1.eu-frankfurt-1.antheljtrvfrr5iaj2hikuptdl6xbuuec267chmo2k3iubjw2fhemzbhmksa,DMxS:EU-FRANKFURT-1-AD-2,cl-ba-xedc2-pqvm1,Database,Database Exadata Cloud at Customer - Database OCPU,B91363,30.000312,24.0,
PROD,2025-07-31 10:00:00+00:00,2025-07-31 11:00:00+00:00,ocid1.vmcluster.oc1.eu-frankfurt-1.antheljrrvfrr5iawj32h5gbrsj4yjuv7y65xtmdwewxqhedhfolqmkknbha,DMxS:EU-FRANKFURT-1-AD-1,cl-ba-xedc1-pqvm1,Database,Database Exadata Cloud at Customer - Database OCPU,B91363,47.500494,38.0,
TEST,2025-07-31 10:00:00+00:00,2025-07-31 11:00:00+00:00,ocid1.vmcluster.oc1.eu-frankfurt-1.antheljrrvfrr5iaiakdi5rxfl73notvt6tf6lslsueauptbt2dok4ptucdq,DMxS:EU-FRANKFURT-1-AD-1,cl-ba-xedc1-tqvm3,Database,Database Exadata Cloud at Customer - Database OCPU,B91363,7.500078,6.0,
PROD,2025-07-31 10:00:00+00:00,2025-07-31 11:00:00+00:00,ocid1.vmcluster.oc1.eu-frankfurt-1.antheljtrvfrr5iaj2hikuptdl6xbuuec267chmo2k3iubjw2fhemzbhmksa,DMxS:EU-FRANKFURT-1-AD-2,cl-ba-xedc2-pqvm1,Database,Database Exadata Cloud at Customer - Database OCPU,B91363,30.000312,24.0,
TEST,2025-07-31 10:00:00+00:00,2025-07-31 11:00:00+00:00,ocid1.vmcluster.oc1.eu-frankfurt-1.antheljtrvfrr5iacz3aicfdxbta4h4bsdrxm45m56i32axkbtxy2ratl4kq,DMxS:EU-FRANKFURT-1-AD-2,cl-ba-xedc2-tqvm3,Database,Database Exadata Cloud at Customer - Database OCPU,B91363,7.500078,6.0,
TEST,2025-07-31 11:00:00+00:00,2025-07-31 12:00:00+00:00,ocid1.vmcluster.oc1.eu-frankfurt-1.antheljtrvfrr5iacz3aicfdxbta4h4bsdrxm45m56i32axkbtxy2ratl4kq,DMxS:EU-FRANKFURT-1-AD-2,cl-ba-xedc2-tqvm3,Database,Database Exadata Cloud at Customer - Database OCPU,B91363,7.500078,6.0,
PROD,2025-07-31 11:00:00+00:00,2025-07-31 12:00:00+00:00,ocid1.vmcluster.oc1.eu-frankfurt-1.antheljrrvfrr5iawj32h5gbrsj4yjuv7y65xtmdwewxqhedhfolqmkknbha,DMxS:EU-FRANKFURT-1-AD-1,cl-ba-xedc1-pqvm1,Database,Database Exadata Cloud at Customer - Database OCPU,B91363,47.500494,38.0,
PROD,2025-07-31 11:00:00+00:00,2025-07-31 12:00:00+00:00,ocid1.vmcluster.oc1.eu-frankfurt-1.antheljtrvfrr5iaj2hikuptdl6xbuuec267chmo2k3iubjw2fhemzbhmksa,DMxS:EU-FRANKFURT-1-AD-2,cl-ba-xedc2-pqvm1,Database,Database Exadata Cloud at Customer - Database OCPU,B91363,30.000312,24.0,
TEST,2025-07-31 11:00:00+00:00,2025-07-31 12:00:00+00:00,ocid1.vmcluster.oc1.eu-frankfurt-1.antheljrrvfrr5iaiakdi5rxfl73notvt6tf6lslsueauptbt2dok4ptucdq,DMxS:EU-FRANKFURT-1-AD-1,cl-ba-xedc1-tqvm3,Database,Database Exadata Cloud at Customer - Database OCPU,B91363,7.500078,6.0,
TEST,2025-07-31 12:00:00+00:00,2025-07-31 13:00:00+00:00,ocid1.vmcluster.oc1.eu-frankfurt-1.antheljtrvfrr5iacz3aicfdxbta4h4bsdrxm45m56i32axkbtxy2ratl4kq,DMxS:EU-FRANKFURT-1-AD-2,cl-ba-xedc2-tqvm3,Database,Database Exadata Cloud at Customer - Database OCPU,B91363,7.500078,6.0,
PROD,2025-07-31 12:00:00+00:00,2025-07-31 13:00:00+00:00,ocid1.vmcluster.oc1.eu-frankfurt-1.antheljrrvfrr5iawj32h5gbrsj4yjuv7y65xtmdwewxqhedhfolqmkknbha,DMxS:EU-FRANKFURT-1-AD-1,cl-ba-xedc1-pqvm1,Database,Database Exadata Cloud at Customer - Database OCPU,B91363,47.500494,38.0,
TEST,2025-07-31 12:00:00+00:00,2025-07-31 13:00:00+00:00,ocid1.vmcluster.oc1.eu-frankfurt-1.antheljrrvfrr5iaiakdi5rxfl73notvt6tf6lslsueauptbt2dok4ptucdq,DMxS:EU-FRANKFURT-1-AD-1,cl-ba-xedc1-tqvm3,Database,Database Exadata Cloud at Customer - Database OCPU,B91363,7.500078,6.0,
PROD,2025-07-31 12:00:00+00:00,2025-07-31 13:00:00+00:00,ocid1.vmcluster.oc1.eu-frankfurt-1.antheljtrvfrr5iaj2hikuptdl6xbuuec267chmo2k3iubjw2fhemzbhmksa,DMxS:EU-FRANKFURT-1-AD-2,cl-ba-xedc2-pqvm1,Database,Database Exadata Cloud at Customer - Database OCPU,B91363,30.000312,24.0,
PROD,2025-07-31 13:00:00+00:00,2025-07-31 14:00:00+00:00,ocid1.vmcluster.oc1.eu-frankfurt-1.antheljrrvfrr5iawj32h5gbrsj4yjuv7y65xtmdwewxqhedhfolqmkknbha,DMxS:EU-FRANKFURT-1-AD-1,cl-ba-xedc1-pqvm1,Database,Database Exadata Cloud at Customer - Database OCPU,B91363,47.500494,38.0,
TEST,2025-07-31 13:00:00+00:00,2025-07-31 14:00:00+00:00,ocid1.vmcluster.oc1.eu-frankfurt-1.antheljrrvfrr5iaiakdi5rxfl73notvt6tf6lslsueauptbt2dok4ptucdq,DMxS:EU-FRANKFURT-1-AD-1,cl-ba-xedc1-tqvm3,Database,Database Exadata Cloud at Customer - Database OCPU,B91363,7.500078,6.0,
TEST,2025-07-31 13:00:00+00:00,2025-07-31 14:00:00+00:00,ocid1.vmcluster.oc1.eu-frankfurt-1.antheljtrvfrr5iacz3aicfdxbta4h4bsdrxm45m56i32axkbtxy2ratl4kq,DMxS:EU-FRANKFURT-1-AD-2,cl-ba-xedc2-tqvm3,Database,Database Exadata Cloud at Customer - Database OCPU,B91363,7.500078,6.0,
PROD,2025-07-31 13:00:00+00:00,2025-07-31 14:00:00+00:00,ocid1.vmcluster.oc1.eu-frankfurt-1.antheljtrvfrr5iaj2hikuptdl6xbuuec267chmo2k3iubjw2fhemzbhmksa,DMxS:EU-FRANKFURT-1-AD-2,cl-ba-xedc2-pqvm1,Database,Database Exadata Cloud at Customer - Database OCPU,B91363,30.000312,24.0,
TEST,2025-07-31 14:00:00+00:00,2025-07-31 15:00:00+00:00,ocid1.vmcluster.oc1.eu-frankfurt-1.antheljrrvfrr5iaiakdi5rxfl73notvt6tf6lslsueauptbt2dok4ptucdq,DMxS:EU-FRANKFURT-1-AD-1,cl-ba-xedc1-tqvm3,Database,Database Exadata Cloud at Customer - Database OCPU,B91363,7.500078,6.0,
TEST,2025-07-31 14:00:00+00:00,2025-07-31 15:00:00+00:00,ocid1.vmcluster.oc1.eu-frankfurt-1.antheljtrvfrr5iacz3aicfdxbta4h4bsdrxm45m56i32axkbtxy2ratl4kq,DMxS:EU-FRANKFURT-1-AD-2,cl-ba-xedc2-tqvm3,Database,Database Exadata Cloud at Customer - Database OCPU,B91363,7.500078,6.0,
PROD,2025-07-31 14:00:00+00:00,2025-07-31 15:00:00+00:00,ocid1.vmcluster.oc1.eu-frankfurt-1.antheljrrvfrr5iawj32h5gbrsj4yjuv7y65xtmdwewxqhedhfolqmkknbha,DMxS:EU-FRANKFURT-1-AD-1,cl-ba-xedc1-pqvm1,Database,Database Exadata Cloud at Customer - Database OCPU,B91363,47.500494,38.0,
PROD,2025-07-31 14:00:00+00:00,2025-07-31 15:00:00+00:00,ocid1.vmcluster.oc1.eu-frankfurt-1.antheljtrvfrr5iaj2hikuptdl6xbuuec267chmo2k3iubjw2fhemzbhmksa,DMxS:EU-FRANKFURT-1-AD-2,cl-ba-xedc2-pqvm1,Database,Database Exadata Cloud at Customer - Database OCPU,B91363,30.000312,24.0,
TEST,2025-07-31 15:00:00+00:00,2025-07-31 16:00:00+00:00,ocid1.vmcluster.oc1.eu-frankfurt-1.antheljtrvfrr5iacz3aicfdxbta4h4bsdrxm45m56i32axkbtxy2ratl4kq,DMxS:EU-FRANKFURT-1-AD-2,cl-ba-xedc2-tqvm3,Database,Database Exadata Cloud at Customer - Database OCPU,B91363,7.500078,6.0,
PROD,2025-07-31 15:00:00+00:00,2025-07-31 16:00:00+00:00,ocid1.vmcluster.oc1.eu-frankfurt-1.antheljtrvfrr5iaj2hikuptdl6xbuuec267chmo2k3iubjw2fhemzbhmksa,DMxS:EU-FRANKFURT-1-AD-2,cl-ba-xedc2-pqvm1,Database,Database Exadata Cloud at Customer - Database OCPU,B91363,30.000312,24.0,
PROD,2025-07-31 15:00:00+00:00,2025-07-31 16:00:00+00:00,ocid1.vmcluster.oc1.eu-frankfurt-1.antheljrrvfrr5iawj32h5gbrsj4yjuv7y65xtmdwewxqhedhfolqmkknbha,DMxS:EU-FRANKFURT-1-AD-1,cl-ba-xedc1-pqvm1,Database,Database Exadata Cloud at Customer - Database OCPU,B91363,47.500494,38.0,
TEST,2025-07-31 15:00:00+00:00,2025-07-31 16:00:00+00:00,ocid1.vmcluster.oc1.eu-frankfurt-1.antheljrrvfrr5iaiakdi5rxfl73notvt6tf6lslsueauptbt2dok4ptucdq,DMxS:EU-FRANKFURT-1-AD-1,cl-ba-xedc1-tqvm3,Database,Database Exadata Cloud at Customer - Database OCPU,B91363,7.500078,6.0,
TEST,2025-07-31 16:00:00+00:00,2025-07-31 17:00:00+00:00,ocid1.vmcluster.oc1.eu-frankfurt-1.antheljtrvfrr5iacz3aicfdxbta4h4bsdrxm45m56i32axkbtxy2ratl4kq,DMxS:EU-FRANKFURT-1-AD-2,cl-ba-xedc2-tqvm3,Database,Database Exadata Cloud at Customer - Database OCPU,B91363,7.500078,6.0,
PROD,2025-07-31 16:00:00+00:00,2025-07-31 17:00:00+00:00,ocid1.vmcluster.oc1.eu-frankfurt-1.antheljrrvfrr5iawj32h5gbrsj4yjuv7y65xtmdwewxqhedhfolqmkknbha,DMxS:EU-FRANKFURT-1-AD-1,cl-ba-xedc1-pqvm1,Database,Database Exadata Cloud at Customer - Database OCPU,B91363,47.500494,38.0,
TEST,2025-07-31 16:00:00+00:00,2025-07-31 17:00:00+00:00,ocid1.vmcluster.oc1.eu-frankfurt-1.antheljrrvfrr5iaiakdi5rxfl73notvt6tf6lslsueauptbt2dok4ptucdq,DMxS:EU-FRANKFURT-1-AD-1,cl-ba-xedc1-tqvm3,Database,Database Exadata Cloud at Customer - Database OCPU,B91363,7.500078,6.0,
PROD,2025-07-31 16:00:00+00:00,2025-07-31 17:00:00+00:00,ocid1.vmcluster.oc1.eu-frankfurt-1.antheljtrvfrr5iaj2hikuptdl6xbuuec267chmo2k3iubjw2fhemzbhmksa,DMxS:EU-FRANKFURT-1-AD-2,cl-ba-xedc2-pqvm1,Database,Database Exadata Cloud at Customer - Database OCPU,B91363,30.000312,24.0,
TEST,2025-07-31 17:00:00+00:00,2025-07-31 18:00:00+00:00,ocid1.vmcluster.oc1.eu-frankfurt-1.antheljtrvfrr5iacz3aicfdxbta4h4bsdrxm45m56i32axkbtxy2ratl4kq,DMxS:EU-FRANKFURT-1-AD-2,cl-ba-xedc2-tqvm3,Database,Database Exadata Cloud at Customer - Database OCPU,B91363,7.500078,6.0,
PROD,2025-07-31 17:00:00+00:00,2025-07-31 18:00:00+00:00,ocid1.vmcluster.oc1.eu-frankfurt-1.antheljrrvfrr5iawj32h5gbrsj4yjuv7y65xtmdwewxqhedhfolqmkknbha,DMxS:EU-FRANKFURT-1-AD-1,cl-ba-xedc1-pqvm1,Database,Database Exadata Cloud at Customer - Database OCPU,B91363,47.500494,38.0,
TEST,2025-07-31 17:00:00+00:00,2025-07-31 18:00:00+00:00,ocid1.vmcluster.oc1.eu-frankfurt-1.antheljrrvfrr5iaiakdi5rxfl73notvt6tf6lslsueauptbt2dok4ptucdq,DMxS:EU-FRANKFURT-1-AD-1,cl-ba-xedc1-tqvm3,Database,Database Exadata Cloud at Customer - Database OCPU,B91363,7.500078,6.0,
PROD,2025-07-31 17:00:00+00:00,2025-07-31 18:00:00+00:00,ocid1.vmcluster.oc1.eu-frankfurt-1.antheljtrvfrr5iaj2hikuptdl6xbuuec267chmo2k3iubjw2fhemzbhmksa,DMxS:EU-FRANKFURT-1-AD-2,cl-ba-xedc2-pqvm1,Database,Database Exadata Cloud at Customer - Database OCPU,B91363,30.000312,24.0,
PROD,2025-07-31 18:00:00+00:00,2025-07-31 19:00:00+00:00,ocid1.vmcluster.oc1.eu-frankfurt-1.antheljrrvfrr5iawj32h5gbrsj4yjuv7y65xtmdwewxqhedhfolqmkknbha,DMxS:EU-FRANKFURT-1-AD-1,cl-ba-xedc1-pqvm1,Database,Database Exadata Cloud at Customer - Database OCPU,B91363,47.500494,38.0,
TEST,2025-07-31 18:00:00+00:00,2025-07-31 19:00:00+00:00,ocid1.vmcluster.oc1.eu-frankfurt-1.antheljrrvfrr5iaiakdi5rxfl73notvt6tf6lslsueauptbt2dok4ptucdq,DMxS:EU-FRANKFURT-1-AD-1,cl-ba-xedc1-tqvm3,Database,Database Exadata Cloud at Customer - Database OCPU,B91363,7.500078,6.0,
PROD,2025-07-31 18:00:00+00:00,2025-07-31 19:00:00+00:00,ocid1.vmcluster.oc1.eu-frankfurt-1.antheljtrvfrr5iaj2hikuptdl6xbuuec267chmo2k3iubjw2fhemzbhmksa,DMxS:EU-FRANKFURT-1-AD-2,cl-ba-xedc2-pqvm1,Database,Database Exadata Cloud at Customer - Database OCPU,B91363,30.000312,24.0,
TEST,2025-07-31 18:00:00+00:00,2025-07-31 19:00:00+00:00,ocid1.vmcluster.oc1.eu-frankfurt-1.antheljtrvfrr5iacz3aicfdxbta4h4bsdrxm45m56i32axkbtxy2ratl4kq,DMxS:EU-FRANKFURT-1-AD-2,cl-ba-xedc2-tqvm3,Database,Database Exadata Cloud at Customer - Database OCPU,B91363,7.500078,6.0,
