environment,time_usage_started,time_usage_ended,resourceId,availability_domain,VCN,service,sku_name,sku_part_number,computed_amount,computed_quantity,currency
TEST,2024-11-25 00:00:00+00:00,2024-11-25 01:00:00+00:00,ocid1.vmcluster.oc1.eu-frankfurt-1.antheljrrvfrr5iaiakdi5rxfl73notvt6tf6lslsueauptbt2dok4ptucdq,DMxS:EU-FRANKFURT-1-AD-1,cl-ba-xedc1-tqvm3,Database,Database Exadata Cloud at Customer - Database OCPU,B91363,7.500078,6.0,
PROD,2024-11-25 00:00:00+00:00,2024-11-25 01:00:00+00:00,ocid1.vmcluster.oc1.eu-frankfurt-1.antheljtrvfrr5iaj2hikuptdl6xbuuec267chmo2k3iubjw2fhemzbhmksa,DMxS:EU-FRANKFURT-1-AD-2,cl-ba-xedc2-pqvm1,Database,Database Exadata Cloud at Customer - Database OCPU,B91363,30.000312,24.0,
TEST,2024-11-25 00:00:00+00:00,2024-11-25 01:00:00+00:00,ocid1.vmcluster.oc1.eu-frankfurt-1.antheljtrvfrr5iacz3aicfdxbta4h4bsdrxm45m56i32axkbtxy2ratl4kq,DMxS:EU-FRANKFURT-1-AD-2,cl-ba-xedc2-tqvm3,Database,Database Exadata Cloud at Customer - Database OCPU,B91363,7.500078,6.0,
PROD,2024-11-25 00:00:00+00:00,2024-11-25 01:00:00+00:00,ocid1.vmcluster.oc1.eu-frankfurt-1.antheljrrvfrr5iawj32h5gbrsj4yjuv7y65xtmdwewxqhedhfolqmkknbha,DMxS:EU-FRANKFURT-1-AD-1,cl-ba-xedc1-pqvm1,Database,Database Exadata Cloud at Customer - Database OCPU,B91363,47.500494,38.0,
TEST,2024-11-25 01:00:00+00:00,2024-11-25 02:00:00+00:00,ocid1.vmcluster.oc1.eu-frankfurt-1.antheljtrvfrr5iacz3aicfdxbta4h4bsdrxm45m56i32axkbtxy2ratl4kq,DMxS:EU-FRANKFURT-1-AD-2,cl-ba-xedc2-tqvm3,Database,Database Exadata Cloud at Customer - Database OCPU,B91363,7.500078,6.0,
PROD,2024-11-25 01:00:00+00:00,2024-11-25 02:00:00+00:00,ocid1.vmcluster.oc1.eu-frankfurt-1.antheljtrvfrr5iaj2hikuptdl6xbuuec267chmo2k3iubjw2fhemzbhmksa,DMxS:EU-FRANKFURT-1-AD-2,cl-ba-xedc2-pqvm1,Database,Database Exadata Cloud at Customer - Database OCPU,B91363,30.000312,24.0,
TEST,2024-11-25 01:00:00+00:00,2024-11-25 02:00:00+00:00,ocid1.vmcluster.oc1.eu-frankfurt-1.antheljrrvfrr5iaiakdi5rxfl73notvt6tf6lslsueauptbt2dok4ptucdq,DMxS:EU-FRANKFURT-1-AD-1,cl-ba-xedc1-tqvm3,Database,Database Exadata Cloud at Customer - Database OCPU,B91363,7.500078,6.0,
PROD,2024-11-25 01:00:00+00:00,2024-11-25 02:00:00+00:00,ocid1.vmcluster.oc1.eu-frankfurt-1.antheljrrvfrr5iawj32h5gbrsj4yjuv7y65xtmdwewxqhedhfolqmkknbha,DMxS:EU-FRANKFURT-1-AD-1,cl-ba-xedc1-pqvm1,Database,Database Exadata Cloud at Customer - Database OCPU,B91363,47.500494,38.0,
PROD,2024-11-25 02:00:00+00:00,2024-11-25 03:00:00+00:00,ocid1.vmcluster.oc1.eu-frankfurt-1.antheljtrvfrr5iaj2hikuptdl6xbuuec267chmo2k3iubjw2fhemzbhmksa,DMxS:EU-FRANKFURT-1-AD-2,cl-ba-xedc2-pqvm1,Database,Database Exadata Cloud at Customer - Database OCPU,B91363,30.000312,24.0,
TEST,2024-11-25 02:00:00+00:00,2024-11-25 03:00:00+00:00,ocid1.vmcluster.oc1.eu-frankfurt-1.antheljrrvfrr5iaiakdi5rxfl73notvt6tf6lslsueauptbt2dok4ptucdq,DMxS:EU-FRANKFURT-1-AD-1,cl-ba-xedc1-tqvm3,Database,Database Exadata Cloud at Customer - Database OCPU,B91363,7.500078,6.0,
PROD,2024-11-25 02:00:00+00:00,2024-11-25 03:00:00+00:00,ocid1.vmcluster.oc1.eu-frankfurt-1.antheljrrvfrr5iawj32h5gbrsj4yjuv7y65xtmdwewxqhedhfolqmkknbha,DMxS:EU-FRANKFURT-1-AD-1,cl-ba-xedc1-pqvm1,Database,Database Exadata Cloud at Customer - Database OCPU,B91363,47.500494,38.0,
TEST,2024-11-25 02:00:00+00:00,2024-11-25 03:00:00+00:00,ocid1.vmcluster.oc1.eu-frankfurt-1.antheljtrvfrr5iacz3aicfdxbta4h4bsdrxm45m56i32axkbtxy2ratl4kq,DMxS:EU-FRANKFURT-1-AD-2,cl-ba-xedc2-tqvm3,Database,Database Exadata Cloud at Customer - Database OCPU,B91363,7.500078,6.0,
TEST,2024-11-25 03:00:00+00:00,2024-11-25 04:00:00+00:00,ocid1.vmcluster.oc1.eu-frankfurt-1.antheljrrvfrr5iaiakdi5rxfl73notvt6tf6lslsueauptbt2dok4ptucdq,DMxS:EU-FRANKFURT-1-AD-1,cl-ba-xedc1-tqvm3,Database,Database Exadata Cloud at Customer - Database OCPU,B91363,7.500078,6.0,
PROD,2024-11-25 03:00:00+00:00,2024-11-25 04:00:00+00:00,ocid1.vmcluster.oc1.eu-frankfurt-1.antheljtrvfrr5iaj2hikuptdl6xbuuec267chmo2k3iubjw2fhemzbhmksa,DMxS:EU-FRANKFURT-1-AD-2,cl-ba-xedc2-pqvm1,Database,Database Exadata Cloud at Customer - Database OCPU,B91363,30.000312,24.0,
TEST,2024-11-25 03:00:00+00:00,2024-11-25 04:00:00+00:00,ocid1.vmcluster.oc1.eu-frankfurt-1.antheljtrvfrr5iacz3aicfdxbta4h4bsdrxm45m56i32axkbtxy2ratl4kq,DMxS:EU-FRANKFURT-1-AD-2,cl-ba-xedc2-tqvm3,Database,Database Exadata Cloud at Customer - Database OCPU,B91363,7.500078,6.0,
PROD,2024-11-25 03:00:00+00:00,2024-11-25 04:00:00+00:00,ocid1.vmcluster.oc1.eu-frankfurt-1.antheljrrvfrr5iawj32h5gbrsj4yjuv7y65xtmdwewxqhedhfolqmkknbha,DMxS:EU-FRANKFURT-1-AD-1,cl-ba-xedc1-pqvm1,Database,Database Exadata Cloud at Customer - Database OCPU,B91363,47.500494,38.0,
PROD,2024-11-25 04:00:00+00:00,2024-11-25 05:00:00+00:00,ocid1.vmcluster.oc1.eu-frankfurt-1.antheljrrvfrr5iawj32h5gbrsj4yjuv7y65xtmdwewxqhedhfolqmkknbha,DMxS:EU-FRANKFURT-1-AD-1,cl-ba-xedc1-pqvm1,Database,Database Exadata Cloud at Customer - Database OCPU,B91363,47.500494,38.0,
PROD,2024-11-25 04:00:00+00:00,2024-11-25 05:00:00+00:00,ocid1.vmcluster.oc1.eu-frankfurt-1.antheljtrvfrr5iaj2hikuptdl6xbuuec267chmo2k3iubjw2fhemzbhmksa,DMxS:EU-FRANKFURT-1-AD-2,cl-ba-xedc2-pqvm1,Database,Database Exadata Cloud at Customer - Database OCPU,B91363,30.000312,24.0,
TEST,2024-11-25 04:00:00+00:00,2024-11-25 05:00:00+00:00,ocid1.vmcluster.oc1.eu-frankfurt-1.antheljtrvfrr5iacz3aicfdxbta4h4bsdrxm45m56i32axkbtxy2ratl4kq,DMxS:EU-FRANKFURT-1-AD-2,cl-ba-xedc2-tqvm3,Database,Database Exadata Cloud at Customer - Database OCPU,B91363,7.500078,6.0,
TEST,2024-11-25 04:00:00+00:00,2024-11-25 05:00:00+00:00,ocid1.vmcluster.oc1.eu-frankfurt-1.antheljrrvfrr5iaiakdi5rxfl73notvt6tf6lslsueauptbt2dok4ptucdq,DMxS:EU-FRANKFURT-1-AD-1,cl-ba-xedc1-tqvm3,Database,Database Exadata Cloud at Customer - Database OCPU,B91363,7.500078,6.0,
PROD,2024-11-25 05:00:00+00:00,2024-11-25 06:00:00+00:00,ocid1.vmcluster.oc1.eu-frankfurt-1.antheljtrvfrr5iaj2hikuptdl6xbuuec267chmo2k3iubjw2fhemzbhmksa,DMxS:EU-FRANKFURT-1-AD-2,cl-ba-xedc2-pqvm1,Database,Database Exadata Cloud at Customer - Database OCPU,B91363,30.000312,24.0,
TEST,2024-11-25 05:00:00+00:00,2024-11-25 06:00:00+00:00,ocid1.vmcluster.oc1.eu-frankfurt-1.antheljrrvfrr5iaiakdi5rxfl73notvt6tf6lslsueauptbt2dok4ptucdq,DMxS:EU-FRANKFURT-1-AD-1,cl-ba-xedc1-tqvm3,Database,Database Exadata Cloud at Customer - Database OCPU,B91363,7.500078,6.0,
TEST,2024-11-25 05:00:00+00:00,2024-11-25 06:00:00+00:00,ocid1.vmcluster.oc1.eu-frankfurt-1.antheljtrvfrr5iacz3aicfdxbta4h4bsdrxm45m56i32axkbtxy2ratl4kq,DMxS:EU-FRANKFURT-1-AD-2,cl-ba-xedc2-tqvm3,Database,Database Exadata Cloud at Customer - Database OCPU,B91363,7.500078,6.0,
PROD,2024-11-25 05:00:00+00:00,2024-11-25 06:00:00+00:00,ocid1.vmcluster.oc1.eu-frankfurt-1.antheljrrvfrr5iawj32h5gbrsj4yjuv7y65xtmdwewxqhedhfolqmkknbha,DMxS:EU-FRANKFURT-1-AD-1,cl-ba-xedc1-pqvm1,Database,Database Exadata Cloud at Customer - Database OCPU,B91363,47.500494,38.0,
TEST,2024-11-25 06:00:00+00:00,2024-11-25 07:00:00+00:00,ocid1.vmcluster.oc1.eu-frankfurt-1.antheljrrvfrr5iaiakdi5rxfl73notvt6tf6lslsueauptbt2dok4ptucdq,DMxS:EU-FRANKFURT-1-AD-1,cl-ba-xedc1-tqvm3,Database,Database Exadata Cloud at Customer - Database OCPU,B91363,7.500078,6.0,
TEST,2024-11-25 06:00:00+00:00,2024-11-25 07:00:00+00:00,ocid1.vmcluster.oc1.eu-frankfurt-1.antheljtrvfrr5iacz3aicfdxbta4h4bsdrxm45m56i32axkbtxy2ratl4kq,DMxS:EU-FRANKFURT-1-AD-2,cl-ba-xedc2-tqvm3,Database,Database Exadata Cloud at Customer - Database OCPU,B91363,7.500078,6.0,
PROD,2024-11-25 06:00:00+00:00,2024-11-25 07:00:00+00:00,ocid1.vmcluster.oc1.eu-frankfurt-1.antheljrrvfrr5iawj32h5gbrsj4yjuv7y65xtmdwewxqhedhfolqmkknbha,DMxS:EU-FRANKFURT-1-AD-1,cl-ba-xedc1-pqvm1,Database,Database Exadata Cloud at Customer - Database OCPU,B91363,47.500494,38.0,
PROD,2024-11-25 06:00:00+00:00,2024-11-25 07:00:00+00:00,ocid1.vmcluster.oc1.eu-frankfurt-1.antheljtrvfrr5iaj2hikuptdl6xbuuec267chmo2k3iubjw2fhemzbhmksa,DMxS:EU-FRANKFURT-1-AD-2,cl-ba-xedc2-pqvm1,Database,Database Exadata Cloud at Customer - Database OCPU,B91363,30.000312,24.0,
PROD,2024-11-25 07:00:00+00:00,2024-11-25 08:00:00+00:00,ocid1.vmcluster.oc1.eu-frankfurt-1.antheljrrvfrr5iawj32h5gbrsj4yjuv7y65xtmdwewxqhedhfolqmkknbha,DMxS:EU-FRANKFURT-1-AD-1,cl-ba-xedc1-pqvm1,Database,Database Exadata Cloud at Customer - Database OCPU,B91363,47.500494,38.0,
TEST,2024-11-25 07:00:00+00:00,2024-11-25 08:00:00+00:00,ocid1.vmcluster.oc1.eu-frankfurt-1.antheljrrvfrr5iaiakdi5rxfl73notvt6tf6lslsueauptbt2dok4ptucdq,DMxS:EU-FRANKFURT-1-AD-1,cl-ba-xedc1-tqvm3,Database,Database Exadata Cloud at Customer - Database OCPU,B91363,7.500078,6.0,
TEST,2024-11-25 07:00:00+00:00,2024-11-25 08:00:00+00:00,ocid1.vmcluster.oc1.eu-frankfurt-1.antheljtrvfrr5iacz3aicfdxbta4h4bsdrxm45m56i32axkbtxy2ratl4kq,DMxS:EU-FRANKFURT-1-AD-2,cl-ba-xedc2-tqvm3,Database,Database Exadata Cloud at Customer - Database OCPU,B91363,7.500078,6.0,
PROD,2024-11-25 07:00:00+00:00,2024-11-25 08:00:00+00:00,ocid1.vmcluster.oc1.eu-frankfurt-1.antheljtrvfrr5iaj2hikuptdl6xbuuec267chmo2k3iubjw2fhemzbhmksa,DMxS:EU-FRANKFURT-1-AD-2,cl-ba-xedc2-pqvm1,Database,Database Exadata Cloud at Customer - Database OCPU,B91363,30.000312,24.0,
PROD,2024-11-25 08:00:00+00:00,2024-11-25 09:00:00+00:00,ocid1.vmcluster.oc1.eu-frankfurt-1.antheljtrvfrr5iaj2hikuptdl6xbuuec267chmo2k3iubjw2fhemzbhmksa,DMxS:EU-FRANKFURT-1-AD-2,cl-ba-xedc2-pqvm1,Database,Database Exadata Cloud at Customer - Database OCPU,B91363,30.000312,24.0,
TEST,2024-11-25 08:00:00+00:00,2024-11-25 09:00:00+00:00,ocid1.vmcluster.oc1.eu-frankfurt-1.antheljrrvfrr5iaiakdi5rxfl73notvt6tf6lslsueauptbt2dok4ptucdq,DMxS:EU-FRANKFURT-1-AD-1,cl-ba-xedc1-tqvm3,Database,Database Exadata Cloud at Customer - Database OCPU,B91363,7.500078,6.0,
PROD,2024-11-25 08:00:00+00:00,2024-11-25 09:00:00+00:00,ocid1.vmcluster.oc1.eu-frankfurt-1.antheljrrvfrr5iawj32h5gbrsj4yjuv7y65xtmdwewxqhedhfolqmkknbha,DMxS:EU-FRANKFURT-1-AD-1,cl-ba-xedc1-pqvm1,Database,Database Exadata Cloud at Customer - Database OCPU,B91363,47.500494,38.0,
TEST,2024-11-25 08:00:00+00:00,2024-11-25 09:00:00+00:00,ocid1.vmcluster.oc1.eu-frankfurt-1.antheljtrvfrr5iacz3aicfdxbta4h4bsdrxm45m56i32axkbtxy2ratl4kq,DMxS:EU-FRANKFURT-1-AD-2,cl-ba-xedc2-tqvm3,Database,Database Exadata Cloud at Customer - Database OCPU,B91363,7.500078,6.0,
TEST,2024-11-25 09:00:00+00:00,2024-11-25 10:00:00+00:00,ocid1.vmcluster.oc1.eu-frankfurt-1.antheljrrvfrr5iaiakdi5rxfl73notvt6tf6lslsueauptbt2dok4ptucdq,DMxS:EU-FRANKFURT-1-AD-1,cl-ba-xedc1-tqvm3,Database,Database Exadata Cloud at Customer - Database OCPU,B91363,7.500078,6.0,
PROD,2024-11-25 09:00:00+00:00,2024-11-25 10:00:00+00:00,ocid1.vmcluster.oc1.eu-frankfurt-1.antheljtrvfrr5iaj2hikuptdl6xbuuec267chmo2k3iubjw2fhemzbhmksa,DMxS:EU-FRANKFURT-1-AD-2,cl-ba-xedc2-pqvm1,Database,Database Exadata Cloud at Customer - Database OCPU,B91363,30.000312,24.0,
TEST,2024-11-25 09:00:00+00:00,2024-11-25 10:00:00+00:00,ocid1.vmcluster.oc1.eu-frankfurt-1.antheljtrvfrr5iacz3aicfdxbta4h4bsdrxm45m56i32axkbtxy2ratl4kq,DMxS:EU-FRANKFURT-1-AD-2,cl-ba-xedc2-tqvm3,Database,Database Exadata Cloud at Customer - Database OCPU,B91363,7.500078,6.0,
PROD,2024-11-25 09:00:00+00:00,2024-11-25 10:00:00+00:00,ocid1.vmcluster.oc1.eu-frankfurt-1.antheljrrvfrr5iawj32h5gbrsj4yjuv7y65xtmdwewxqhedhfolqmkknbha,DMxS:EU-FRANKFURT-1-AD-1,cl-ba-xedc1-pqvm1,Database,Database Exadata Cloud at Customer - Database OCPU,B91363,47.500494,38.0,
PROD,2024-11-25 10:00:00+00:00,2024-11-25 11:00:00+00:00,ocid1.vmcluster.oc1.eu-frankfurt-1.antheljrrvfrr5iawj32h5gbrsj4yjuv7y65xtmdwewxqhedhfolqmkknbha,DMxS:EU-FRANKFURT-1-AD-1,cl-ba-xedc1-pqvm1,Database,Database Exadata Cloud at Customer - Database OCPU,B91363,47.500494,38.0,
TEST,2024-11-25 10:00:00+00:00,2024-11-25 11:00:00+00:00,ocid1.vmcluster.oc1.eu-frankfurt-1.antheljrrvfrr5iaiakdi5rxfl73notvt6tf6lslsueauptbt2dok4ptucdq,DMxS:EU-FRANKFURT-1-AD-1,cl-ba-xedc1-tqvm3,Database,Database Exadata Cloud at Customer - Database OCPU,B91363,7.500078,6.0,
TEST,2024-11-25 10:00:00+00:00,2024-11-25 11:00:00+00:00,ocid1.vmcluster.oc1.eu-frankfurt-1.antheljtrvfrr5iacz3aicfdxbta4h4bsdrxm45m56i32axkbtxy2ratl4kq,DMxS:EU-FRANKFURT-1-AD-2,cl-ba-xedc2-tqvm3,Database,Database Exadata Cloud at Customer - Database OCPU,B91363,7.500078,6.0,
PROD,2024-11-25 10:00:00+00:00,2024-11-25 11:00:00+00:00,ocid1.vmcluster.oc1.eu-frankfurt-1.antheljtrvfrr5iaj2hikuptdl6xbuuec267chmo2k3iubjw2fhemzbhmksa,DMxS:EU-FRANKFURT-1-AD-2,cl-ba-xedc2-pqvm1,Database,Database Exadata Cloud at Customer - Database OCPU,B91363,30.000312,24.0,
TEST,2024-11-25 11:00:00+00:00,2024-11-25 12:00:00+00:00,ocid1.vmcluster.oc1.eu-frankfurt-1.antheljrrvfrr5iaiakdi5rxfl73notvt6tf6lslsueauptbt2dok4ptucdq,DMxS:EU-FRANKFURT-1-AD-1,cl-ba-xedc1-tqvm3,Database,Database Exadata Cloud at Customer - Database OCPU,B91363,7.500078,6.0,
PROD,2024-11-25 11:00:00+00:00,2024-11-25 12:00:00+00:00,ocid1.vmcluster.oc1.eu-frankfurt-1.antheljrrvfrr5iawj32h5gbrsj4yjuv7y65xtmdwewxqhedhfolqmkknbha,DMxS:EU-FRANKFURT-1-AD-1,cl-ba-xedc1-pqvm1,Database,Database Exadata Cloud at Customer - Database OCPU,B91363,47.500494,38.0,
PROD,2024-11-25 11:00:00+00:00,2024-11-25 12:00:00+00:00,ocid1.vmcluster.oc1.eu-frankfurt-1.antheljtrvfrr5iaj2hikuptdl6xbuuec267chmo2k3iubjw2fhemzbhmksa,DMxS:EU-FRANKFURT-1-AD-2,cl-ba-xedc2-pqvm1,Database,Database Exadata Cloud at Customer - Database OCPU,B91363,30.000312,24.0,
TEST,2024-11-25 11:00:00+00:00,2024-11-25 12:00:00+00:00,ocid1.vmcluster.oc1.eu-frankfurt-1.antheljtrvfrr5iacz3aicfdxbta4h4bsdrxm45m56i32axkbtxy2ratl4kq,DMxS:EU-FRANKFURT-1-AD-2,cl-ba-xedc2-tqvm3,Database,Database Exadata Cloud at Customer - Database OCPU,B91363,7.500078,6.0,
TEST,2024-11-25 12:00:00+00:00,2024-11-25 13:00:00+00:00,ocid1.vmcluster.oc1.eu-frankfurt-1.antheljtrvfrr5iacz3aicfdxbta4h4bsdrxm45m56i32axkbtxy2ratl4kq,DMxS:EU-FRANKFURT-1-AD-2,cl-ba-xedc2-tqvm3,Database,Database Exadata Cloud at Customer - Database OCPU,B91363,7.500078,6.0,
TEST,2024-11-25 12:00:00+00:00,2024-11-25 13:00:00+00:00,ocid1.vmcluster.oc1.eu-frankfurt-1.antheljrrvfrr5iaiakdi5rxfl73notvt6tf6lslsueauptbt2dok4ptucdq,DMxS:EU-FRANKFURT-1-AD-1,cl-ba-xedc1-tqvm3,Database,Database Exadata Cloud at Customer - Database OCPU,B91363,7.500078,6.0,
PROD,2024-11-25 12:00:00+00:00,2024-11-25 13:00:00+00:00,ocid1.vmcluster.oc1.eu-frankfurt-1.antheljtrvfrr5iaj2hikuptdl6xbuuec267chmo2k3iubjw2fhemzbhmksa,DMxS:EU-FRANKFURT-1-AD-2,cl-ba-xedc2-pqvm1,Database,Database Exadata Cloud at Customer - Database OCPU,B91363,30.000312,24.0,
PROD,2024-11-25 12:00:00+00:00,2024-11-25 13:00:00+00:00,ocid1.vmcluster.oc1.eu-frankfurt-1.antheljrrvfrr5iawj32h5gbrsj4yjuv7y65xtmdwewxqhedhfolqmkknbha,DMxS:EU-FRANKFURT-1-AD-1,cl-ba-xedc1-pqvm1,Database,Database Exadata Cloud at Customer - Database OCPU,B91363,47.500494,38.0,
PROD,2024-11-25 13:00:00+00:00,2024-11-25 14:00:00+00:00,ocid1.vmcluster.oc1.eu-frankfurt-1.antheljrrvfrr5iawj32h5gbrsj4yjuv7y65xtmdwewxqhedhfolqmkknbha,DMxS:EU-FRANKFURT-1-AD-1,cl-ba-xedc1-pqvm1,Database,Database Exadata Cloud at Customer - Database OCPU,B91363,47.500494,38.0,
TEST,2024-11-25 13:00:00+00:00,2024-11-25 14:00:00+00:00,ocid1.vmcluster.oc1.eu-frankfurt-1.antheljtrvfrr5iacz3aicfdxbta4h4bsdrxm45m56i32axkbtxy2ratl4kq,DMxS:EU-FRANKFURT-1-AD-2,cl-ba-xedc2-tqvm3,Database,Database Exadata Cloud at Customer - Database OCPU,B91363,7.500078,6.0,
TEST,2024-11-25 13:00:00+00:00,2024-11-25 14:00:00+00:00,ocid1.vmcluster.oc1.eu-frankfurt-1.antheljrrvfrr5iaiakdi5rxfl73notvt6tf6lslsueauptbt2dok4ptucdq,DMxS:EU-FRANKFURT-1-AD-1,cl-ba-xedc1-tqvm3,Database,Database Exadata Cloud at Customer - Database OCPU,B91363,7.500078,6.0,
PROD,2024-11-25 13:00:00+00:00,2024-11-25 14:00:00+00:00,ocid1.vmcluster.oc1.eu-frankfurt-1.antheljtrvfrr5iaj2hikuptdl6xbuuec267chmo2k3iubjw2fhemzbhmksa,DMxS:EU-FRANKFURT-1-AD-2,cl-ba-xedc2-pqvm1,Database,Database Exadata Cloud at Customer - Database OCPU,B91363,30.000312,24.0,
PROD,2024-11-25 14:00:00+00:00,2024-11-25 15:00:00+00:00,ocid1.vmcluster.oc1.eu-frankfurt-1.antheljrrvfrr5iawj32h5gbrsj4yjuv7y65xtmdwewxqhedhfolqmkknbha,DMxS:EU-FRANKFURT-1-AD-1,cl-ba-xedc1-pqvm1,Database,Database Exadata Cloud at Customer - Database OCPU,B91363,47.500494,38.0,
TEST,2024-11-25 14:00:00+00:00,2024-11-25 15:00:00+00:00,ocid1.vmcluster.oc1.eu-frankfurt-1.antheljrrvfrr5iaiakdi5rxfl73notvt6tf6lslsueauptbt2dok4ptucdq,DMxS:EU-FRANKFURT-1-AD-1,cl-ba-xedc1-tqvm3,Database,Database Exadata Cloud at Customer - Database OCPU,B91363,7.500078,6.0,
PROD,2024-11-25 14:00:00+00:00,2024-11-25 15:00:00+00:00,ocid1.vmcluster.oc1.eu-frankfurt-1.antheljtrvfrr5iaj2hikuptdl6xbuuec267chmo2k3iubjw2fhemzbhmksa,DMxS:EU-FRANKFURT-1-AD-2,cl-ba-xedc2-pqvm1,Database,Database Exadata Cloud at Customer - Database OCPU,B91363,30.000312,24.0,
TEST,2024-11-25 14:00:00+00:00,2024-11-25 15:00:00+00:00,ocid1.vmcluster.oc1.eu-frankfurt-1.antheljtrvfrr5iacz3aicfdxbta4h4bsdrxm45m56i32axkbtxy2ratl4kq,DMxS:EU-FRANKFURT-1-AD-2,cl-ba-xedc2-tqvm3,Database,Database Exadata Cloud at Customer - Database OCPU,B91363,7.500078,6.0,
PROD,2024-11-25 15:00:00+00:00,2024-11-25 16:00:00+00:00,ocid1.vmcluster.oc1.eu-frankfurt-1.antheljtrvfrr5iaj2hikuptdl6xbuuec267chmo2k3iubjw2fhemzbhmksa,DMxS:EU-FRANKFURT-1-AD-2,cl-ba-xedc2-pqvm1,Database,Database Exadata Cloud at Customer - Database OCPU,B91363,30.000312,24.0,
TEST,2024-11-25 15:00:00+00:00,2024-11-25 16:00:00+00:00,ocid1.vmcluster.oc1.eu-frankfurt-1.antheljrrvfrr5iaiakdi5rxfl73notvt6tf6lslsueauptbt2dok4ptucdq,DMxS:EU-FRANKFURT-1-AD-1,cl-ba-xedc1-tqvm3,Database,Database Exadata Cloud at Customer - Database OCPU,B91363,7.500078,6.0,
TEST,2024-11-25 15:00:00+00:00,2024-11-25 16:00:00+00:00,ocid1.vmcluster.oc1.eu-frankfurt-1.antheljtrvfrr5iacz3aicfdxbta4h4bsdrxm45m56i32axkbtxy2ratl4kq,DMxS:EU-FRANKFURT-1-AD-2,cl-ba-xedc2-tqvm3,Database,Database Exadata Cloud at Customer - Database OCPU,B91363,7.500078,6.0,
PROD,2024-11-25 15:00:00+00:00,2024-11-25 16:00:00+00:00,ocid1.vmcluster.oc1.eu-frankfurt-1.antheljrrvfrr5iawj32h5gbrsj4yjuv7y65xtmdwewxqhedhfolqmkknbha,DMxS:EU-FRANKFURT-1-AD-1,cl-ba-xedc1-pqvm1,Database,Database Exadata Cloud at Customer - Database OCPU,B91363,47.500494,38.0,
TEST,2024-11-25 16:00:00+00:00,2024-11-25 17:00:00+00:00,ocid1.vmcluster.oc1.eu-frankfurt-1.antheljrrvfrr5iaiakdi5rxfl73notvt6tf6lslsueauptbt2dok4ptucdq,DMxS:EU-FRANKFURT-1-AD-1,cl-ba-xedc1-tqvm3,Database,Database Exadata Cloud at Customer - Database OCPU,B91363,7.500078,6.0,
PROD,2024-11-25 16:00:00+00:00,2024-11-25 17:00:00+00:00,ocid1.vmcluster.oc1.eu-frankfurt-1.antheljtrvfrr5iaj2hikuptdl6xbuuec267chmo2k3iubjw2fhemzbhmksa,DMxS:EU-FRANKFURT-1-AD-2,cl-ba-xedc2-pqvm1,Database,Database Exadata Cloud at Customer - Database OCPU,B91363,30.000312,24.0,
TEST,2024-11-25 16:00:00+00:00,2024-11-25 17:00:00+00:00,ocid1.vmcluster.oc1.eu-frankfurt-1.antheljtrvfrr5iacz3aicfdxbta4h4bsdrxm45m56i32axkbtxy2ratl4kq,DMxS:EU-FRANKFURT-1-AD-2,cl-ba-xedc2-tqvm3,Database,Database Exadata Cloud at Customer - Database OCPU,B91363,7.500078,6.0,
PROD,2024-11-25 16:00:00+00:00,2024-11-25 17:00:00+00:00,ocid1.vmcluster.oc1.eu-frankfurt-1.antheljrrvfrr5iawj32h5gbrsj4yjuv7y65xtmdwewxqhedhfolqmkknbha,DMxS:EU-FRANKFURT-1-AD-1,cl-ba-xedc1-pqvm1,Database,Database Exadata Cloud at Customer - Database OCPU,B91363,47.500494,38.0,
TEST,2024-11-25 17:00:00+00:00,2024-11-25 18:00:00+00:00,ocid1.vmcluster.oc1.eu-frankfurt-1.antheljtrvfrr5iacz3aicfdxbta4h4bsdrxm45m56i32axkbtxy2ratl4kq,DMxS:EU-FRANKFURT-1-AD-2,cl-ba-xedc2-tqvm3,Database,Database Exadata Cloud at Customer - Database OCPU,B91363,7.500078,6.0,
PROD,2024-11-25 17:00:00+00:00,2024-11-25 18:00:00+00:00,ocid1.vmcluster.oc1.eu-frankfurt-1.antheljrrvfrr5iawj32h5gbrsj4yjuv7y65xtmdwewxqhedhfolqmkknbha,DMxS:EU-FRANKFURT-1-AD-1,cl-ba-xedc1-pqvm1,Database,Database Exadata Cloud at Customer - Database OCPU,B91363,47.500494,38.0,
TEST,2024-11-25 17:00:00+00:00,2024-11-25 18:00:00+00:00,ocid1.vmcluster.oc1.eu-frankfurt-1.antheljrrvfrr5iaiakdi5rxfl73notvt6tf6lslsueauptbt2dok4ptucdq,DMxS:EU-FRANKFURT-1-AD-1,cl-ba-xedc1-tqvm3,Database,Database Exadata Cloud at Customer - Database OCPU,B91363,7.500078,6.0,
PROD,2024-11-25 17:00:00+00:00,2024-11-25 18:00:00+00:00,ocid1.vmcluster.oc1.eu-frankfurt-1.antheljtrvfrr5iaj2hikuptdl6xbuuec267chmo2k3iubjw2fhemzbhmksa,DMxS:EU-FRANKFURT-1-AD-2,cl-ba-xedc2-pqvm1,Database,Database Exadata Cloud at Customer - Database OCPU,B91363,30.000312,24.0,
TEST,2024-11-25 18:00:00+00:00,2024-11-25 19:00:00+00:00,ocid1.vmcluster.oc1.eu-frankfurt-1.antheljtrvfrr5iacz3aicfdxbta4h4bsdrxm45m56i32axkbtxy2ratl4kq,DMxS:EU-FRANKFURT-1-AD-2,cl-ba-xedc2-tqvm3,Database,Database Exadata Cloud at Customer - Database OCPU,B91363,7.500078,6.0,
PROD,2024-11-25 18:00:00+00:00,2024-11-25 19:00:00+00:00,ocid1.vmcluster.oc1.eu-frankfurt-1.antheljtrvfrr5iaj2hikuptdl6xbuuec267chmo2k3iubjw2fhemzbhmksa,DMxS:EU-FRANKFURT-1-AD-2,cl-ba-xedc2-pqvm1,Database,Database Exadata Cloud at Customer - Database OCPU,B91363,30.000312,24.0,
PROD,2024-11-25 18:00:00+00:00,2024-11-25 19:00:00+00:00,ocid1.vmcluster.oc1.eu-frankfurt-1.antheljrrvfrr5iawj32h5gbrsj4yjuv7y65xtmdwewxqhedhfolqmkknbha,DMxS:EU-FRANKFURT-1-AD-1,cl-ba-xedc1-pqvm1,Database,Database Exadata Cloud at Customer - Database OCPU,B91363,47.500494,38.0,
TEST,2024-11-25 18:00:00+00:00,2024-11-25 19:00:00+00:00,ocid1.vmcluster.oc1.eu-frankfurt-1.antheljrrvfrr5iaiakdi5rxfl73notvt6tf6lslsueauptbt2dok4ptucdq,DMxS:EU-FRANKFURT-1-AD-1,cl-ba-xedc1-tqvm3,Database,Database Exadata Cloud at Customer - Database OCPU,B91363,7.500078,6.0,
PROD,2024-11-25 19:00:00+00:00,2024-11-25 20:00:00+00:00,ocid1.vmcluster.oc1.eu-frankfurt-1.antheljtrvfrr5iaj2hikuptdl6xbuuec267chmo2k3iubjw2fhemzbhmksa,DMxS:EU-FRANKFURT-1-AD-2,cl-ba-xedc2-pqvm1,Database,Database Exadata Cloud at Customer - Database OCPU,B91363,30.000312,24.0,
PROD,2024-11-25 19:00:00+00:00,2024-11-25 20:00:00+00:00,ocid1.vmcluster.oc1.eu-frankfurt-1.antheljrrvfrr5iawj32h5gbrsj4yjuv7y65xtmdwewxqhedhfolqmkknbha,DMxS:EU-FRANKFURT-1-AD-1,cl-ba-xedc1-pqvm1,Database,Database Exadata Cloud at Customer - Database OCPU,B91363,47.500494,38.0,
TEST,2024-11-25 19:00:00+00:00,2024-11-25 20:00:00+00:00,ocid1.vmcluster.oc1.eu-frankfurt-1.antheljrrvfrr5iaiakdi5rxfl73notvt6tf6lslsueauptbt2dok4ptucdq,DMxS:EU-FRANKFURT-1-AD-1,cl-ba-xedc1-tqvm3,Database,Database Exadata Cloud at Customer - Database OCPU,B91363,7.500078,6.0,
TEST,2024-11-25 19:00:00+00:00,2024-11-25 20:00:00+00:00,ocid1.vmcluster.oc1.eu-frankfurt-1.antheljtrvfrr5iacz3aicfdxbta4h4bsdrxm45m56i32axkbtxy2ratl4kq,DMxS:EU-FRANKFURT-1-AD-2,cl-ba-xedc2-tqvm3,Database,Database Exadata Cloud at Customer - Database OCPU,B91363,7.500078,6.0,
TEST,2024-11-25 20:00:00+00:00,2024-11-25 21:00:00+00:00,ocid1.vmcluster.oc1.eu-frankfurt-1.antheljrrvfrr5iaiakdi5rxfl73notvt6tf6lslsueauptbt2dok4ptucdq,DMxS:EU-FRANKFURT-1-AD-1,cl-ba-xedc1-tqvm3,Database,Database Exadata Cloud at Customer - Database OCPU,B91363,7.500078,6.0,
PROD,2024-11-25 20:00:00+00:00,2024-11-25 21:00:00+00:00,ocid1.vmcluster.oc1.eu-frankfurt-1.antheljrrvfrr5iawj32h5gbrsj4yjuv7y65xtmdwewxqhedhfolqmkknbha,DMxS:EU-FRANKFURT-1-AD-1,cl-ba-xedc1-pqvm1,Database,Database Exadata Cloud at Customer - Database OCPU,B91363,47.500494,38.0,
PROD,2024-11-25 20:00:00+00:00,2024-11-25 21:00:00+00:00,ocid1.vmcluster.oc1.eu-frankfurt-1.antheljtrvfrr5iaj2hikuptdl6xbuuec267chmo2k3iubjw2fhemzbhmksa,DMxS:EU-FRANKFURT-1-AD-2,cl-ba-xedc2-pqvm1,Database,Database Exadata Cloud at Customer - Database OCPU,B91363,30.000312,24.0,
TEST,2024-11-25 20:00:00+00:00,2024-11-25 21:00:00+00:00,ocid1.vmcluster.oc1.eu-frankfurt-1.antheljtrvfrr5iacz3aicfdxbta4h4bsdrxm45m56i32axkbtxy2ratl4kq,DMxS:EU-FRANKFURT-1-AD-2,cl-ba-xedc2-tqvm3,Database,Database Exadata Cloud at Customer - Database OCPU,B91363,7.500078,6.0,
TEST,2024-11-25 21:00:00+00:00,2024-11-25 22:00:00+00:00,ocid1.vmcluster.oc1.eu-frankfurt-1.antheljrrvfrr5iaiakdi5rxfl73notvt6tf6lslsueauptbt2dok4ptucdq,DMxS:EU-FRANKFURT-1-AD-1,cl-ba-xedc1-tqvm3,Database,Database Exadata Cloud at Customer - Database OCPU,B91363,7.500078,6.0,
TEST,2024-11-25 21:00:00+00:00,2024-11-25 22:00:00+00:00,ocid1.vmcluster.oc1.eu-frankfurt-1.antheljtrvfrr5iacz3aicfdxbta4h4bsdrxm45m56i32axkbtxy2ratl4kq,DMxS:EU-FRANKFURT-1-AD-2,cl-ba-xedc2-tqvm3,Database,Database Exadata Cloud at Customer - Database OCPU,B91363,7.500078,6.0,
PROD,2024-11-25 21:00:00+00:00,2024-11-25 22:00:00+00:00,ocid1.vmcluster.oc1.eu-frankfurt-1.antheljtrvfrr5iaj2hikuptdl6xbuuec267chmo2k3iubjw2fhemzbhmksa,DMxS:EU-FRANKFURT-1-AD-2,cl-ba-xedc2-pqvm1,Database,Database Exadata Cloud at Customer - Database OCPU,B91363,30.000312,24.0,
PROD,2024-11-25 21:00:00+00:00,2024-11-25 22:00:00+00:00,ocid1.vmcluster.oc1.eu-frankfurt-1.antheljrrvfrr5iawj32h5gbrsj4yjuv7y65xtmdwewxqhedhfolqmkknbha,DMxS:EU-FRANKFURT-1-AD-1,cl-ba-xedc1-pqvm1,Database,Database Exadata Cloud at Customer - Database OCPU,B91363,47.500494,38.0,
PROD,2024-11-25 22:00:00+00:00,2024-11-25 23:00:00+00:00,ocid1.vmcluster.oc1.eu-frankfurt-1.antheljtrvfrr5iaj2hikuptdl6xbuuec267chmo2k3iubjw2fhemzbhmksa,DMxS:EU-FRANKFURT-1-AD-2,cl-ba-xedc2-pqvm1,Database,Database Exadata Cloud at Customer - Database OCPU,B91363,30.000312,24.0,
TEST,2024-11-25 22:00:00+00:00,2024-11-25 23:00:00+00:00,ocid1.vmcluster.oc1.eu-frankfurt-1.antheljrrvfrr5iaiakdi5rxfl73notvt6tf6lslsueauptbt2dok4ptucdq,DMxS:EU-FRANKFURT-1-AD-1,cl-ba-xedc1-tqvm3,Database,Database Exadata Cloud at Customer - Database OCPU,B91363,7.500078,6.0,
PROD,2024-11-25 22:00:00+00:00,2024-11-25 23:00:00+00:00,ocid1.vmcluster.oc1.eu-frankfurt-1.antheljrrvfrr5iawj32h5gbrsj4yjuv7y65xtmdwewxqhedhfolqmkknbha,DMxS:EU-FRANKFURT-1-AD-1,cl-ba-xedc1-pqvm1,Database,Database Exadata Cloud at Customer - Database OCPU,B91363,47.500494,38.0,
TEST,2024-11-25 22:00:00+00:00,2024-11-25 23:00:00+00:00,ocid1.vmcluster.oc1.eu-frankfurt-1.antheljtrvfrr5iacz3aicfdxbta4h4bsdrxm45m56i32axkbtxy2ratl4kq,DMxS:EU-FRANKFURT-1-AD-2,cl-ba-xedc2-tqvm3,Database,Database Exadata Cloud at Customer - Database OCPU,B91363,7.500078,6.0,
TEST,2024-11-25 23:00:00+00:00,2024-11-26 00:00:00+00:00,ocid1.vmcluster.oc1.eu-frankfurt-1.antheljtrvfrr5iacz3aicfdxbta4h4bsdrxm45m56i32axkbtxy2ratl4kq,DMxS:EU-FRANKFURT-1-AD-2,cl-ba-xedc2-tqvm3,Database,Database Exadata Cloud at Customer - Database OCPU,B91363,7.500078,6.0,
PROD,2024-11-25 23:00:00+00:00,2024-11-26 00:00:00+00:00,ocid1.vmcluster.oc1.eu-frankfurt-1.antheljtrvfrr5iaj2hikuptdl6xbuuec267chmo2k3iubjw2fhemzbhmksa,DMxS:EU-FRANKFURT-1-AD-2,cl-ba-xedc2-pqvm1,Database,Database Exadata Cloud at Customer - Database OCPU,B91363,30.000312,24.0,
TEST,2024-11-25 23:00:00+00:00,2024-11-26 00:00:00+00:00,ocid1.vmcluster.oc1.eu-frankfurt-1.antheljrrvfrr5iaiakdi5rxfl73notvt6tf6lslsueauptbt2dok4ptucdq,DMxS:EU-FRANKFURT-1-AD-1,cl-ba-xedc1-tqvm3,Database,Database Exadata Cloud at Customer - Database OCPU,B91363,7.500078,6.0,
PROD,2024-11-25 23:00:00+00:00,2024-11-26 00:00:00+00:00,ocid1.vmcluster.oc1.eu-frankfurt-1.antheljrrvfrr5iawj32h5gbrsj4yjuv7y65xtmdwewxqhedhfolqmkknbha,DMxS:EU-FRANKFURT-1-AD-1,cl-ba-xedc1-pqvm1,Database,Database Exadata Cloud at Customer - Database OCPU,B91363,47.500494,38.0,
TEST,2024-11-26 00:00:00+00:00,2024-11-26 01:00:00+00:00,ocid1.vmcluster.oc1.eu-frankfurt-1.antheljtrvfrr5iacz3aicfdxbta4h4bsdrxm45m56i32axkbtxy2ratl4kq,DMxS:EU-FRANKFURT-1-AD-2,cl-ba-xedc2-tqvm3,Database,Database Exadata Cloud at Customer - Database OCPU,B91363,7.500078,6.0,
PROD,2024-11-26 00:00:00+00:00,2024-11-26 01:00:00+00:00,ocid1.vmcluster.oc1.eu-frankfurt-1.antheljrrvfrr5iawj32h5gbrsj4yjuv7y65xtmdwewxqhedhfolqmkknbha,DMxS:EU-FRANKFURT-1-AD-1,cl-ba-xedc1-pqvm1,Database,Database Exadata Cloud at Customer - Database OCPU,B91363,47.500494,38.0,
TEST,2024-11-26 00:00:00+00:00,2024-11-26 01:00:00+00:00,ocid1.vmcluster.oc1.eu-frankfurt-1.antheljrrvfrr5iaiakdi5rxfl73notvt6tf6lslsueauptbt2dok4ptucdq,DMxS:EU-FRANKFURT-1-AD-1,cl-ba-xedc1-tqvm3,Database,Database Exadata Cloud at Customer - Database OCPU,B91363,7.500078,6.0,
PROD,2024-11-26 00:00:00+00:00,2024-11-26 01:00:00+00:00,ocid1.vmcluster.oc1.eu-frankfurt-1.antheljtrvfrr5iaj2hikuptdl6xbuuec267chmo2k3iubjw2fhemzbhmksa,DMxS:EU-FRANKFURT-1-AD-2,cl-ba-xedc2-pqvm1,Database,Database Exadata Cloud at Customer - Database OCPU,B91363,30.000312,24.0,
TEST,2024-11-26 01:00:00+00:00,2024-11-26 02:00:00+00:00,ocid1.vmcluster.oc1.eu-frankfurt-1.antheljrrvfrr5iaiakdi5rxfl73notvt6tf6lslsueauptbt2dok4ptucdq,DMxS:EU-FRANKFURT-1-AD-1,cl-ba-xedc1-tqvm3,Database,Database Exadata Cloud at Customer - Database OCPU,B91363,7.500078,6.0,
TEST,2024-11-26 01:00:00+00:00,2024-11-26 02:00:00+00:00,ocid1.vmcluster.oc1.eu-frankfurt-1.antheljtrvfrr5iacz3aicfdxbta4h4bsdrxm45m56i32axkbtxy2ratl4kq,DMxS:EU-FRANKFURT-1-AD-2,cl-ba-xedc2-tqvm3,Database,Database Exadata Cloud at Customer - Database OCPU,B91363,7.500078,6.0,
PROD,2024-11-26 01:00:00+00:00,2024-11-26 02:00:00+00:00,ocid1.vmcluster.oc1.eu-frankfurt-1.antheljrrvfrr5iawj32h5gbrsj4yjuv7y65xtmdwewxqhedhfolqmkknbha,DMxS:EU-FRANKFURT-1-AD-1,cl-ba-xedc1-pqvm1,Database,Database Exadata Cloud at Customer - Database OCPU,B91363,47.500494,38.0,
PROD,2024-11-26 01:00:00+00:00,2024-11-26 02:00:00+00:00,ocid1.vmcluster.oc1.eu-frankfurt-1.antheljtrvfrr5iaj2hikuptdl6xbuuec267chmo2k3iubjw2fhemzbhmksa,DMxS:EU-FRANKFURT-1-AD-2,cl-ba-xedc2-pqvm1,Database,Database Exadata Cloud at Customer - Database OCPU,B91363,30.000312,24.0,
PROD,2024-11-26 02:00:00+00:00,2024-11-26 03:00:00+00:00,ocid1.vmcluster.oc1.eu-frankfurt-1.antheljtrvfrr5iaj2hikuptdl6xbuuec267chmo2k3iubjw2fhemzbhmksa,DMxS:EU-FRANKFURT-1-AD-2,cl-ba-xedc2-pqvm1,Database,Database Exadata Cloud at Customer - Database OCPU,B91363,30.000312,24.0,
PROD,2024-11-26 02:00:00+00:00,2024-11-26 03:00:00+00:00,ocid1.vmcluster.oc1.eu-frankfurt-1.antheljrrvfrr5iawj32h5gbrsj4yjuv7y65xtmdwewxqhedhfolqmkknbha,DMxS:EU-FRANKFURT-1-AD-1,cl-ba-xedc1-pqvm1,Database,Database Exadata Cloud at Customer - Database OCPU,B91363,47.500494,38.0,
TEST,2024-11-26 02:00:00+00:00,2024-11-26 03:00:00+00:00,ocid1.vmcluster.oc1.eu-frankfurt-1.antheljtrvfrr5iacz3aicfdxbta4h4bsdrxm45m56i32axkbtxy2ratl4kq,DMxS:EU-FRANKFURT-1-AD-2,cl-ba-xedc2-tqvm3,Database,Database Exadata Cloud at Customer - Database OCPU,B91363,7.500078,6.0,
TEST,2024-11-26 02:00:00+00:00,2024-11-26 03:00:00+00:00,ocid1.vmcluster.oc1.eu-frankfurt-1.antheljrrvfrr5iaiakdi5rxfl73notvt6tf6lslsueauptbt2dok4ptucdq,DMxS:EU-FRANKFURT-1-AD-1,cl-ba-xedc1-tqvm3,Database,Database Exadata Cloud at Customer - Database OCPU,B91363,7.500078,6.0,
TEST,2024-11-26 03:00:00+00:00,2024-11-26 04:00:00+00:00,ocid1.vmcluster.oc1.eu-frankfurt-1.antheljtrvfrr5iacz3aicfdxbta4h4bsdrxm45m56i32axkbtxy2ratl4kq,DMxS:EU-FRANKFURT-1-AD-2,cl-ba-xedc2-tqvm3,Database,Database Exadata Cloud at Customer - Database OCPU,B91363,7.500078,6.0,
TEST,2024-11-26 03:00:00+00:00,2024-11-26 04:00:00+00:00,ocid1.vmcluster.oc1.eu-frankfurt-1.antheljrrvfrr5iaiakdi5rxfl73notvt6tf6lslsueauptbt2dok4ptucdq,DMxS:EU-FRANKFURT-1-AD-1,cl-ba-xedc1-tqvm3,Database,Database Exadata Cloud at Customer - Database OCPU,B91363,7.500078,6.0,
PROD,2024-11-26 03:00:00+00:00,2024-11-26 04:00:00+00:00,ocid1.vmcluster.oc1.eu-frankfurt-1.antheljrrvfrr5iawj32h5gbrsj4yjuv7y65xtmdwewxqhedhfolqmkknbha,DMxS:EU-FRANKFURT-1-AD-1,cl-ba-xedc1-pqvm1,Database,Database Exadata Cloud at Customer - Database OCPU,B91363,47.500494,38.0,
PROD,2024-11-26 03:00:00+00:00,2024-11-26 04:00:00+00:00,ocid1.vmcluster.oc1.eu-frankfurt-1.antheljtrvfrr5iaj2hikuptdl6xbuuec267chmo2k3iubjw2fhemzbhmksa,DMxS:EU-FRANKFURT-1-AD-2,cl-ba-xedc2-pqvm1,Database,Database Exadata Cloud at Customer - Database OCPU,B91363,30.000312,24.0,
TEST,2024-11-26 04:00:00+00:00,2024-11-26 05:00:00+00:00,ocid1.vmcluster.oc1.eu-frankfurt-1.antheljtrvfrr5iacz3aicfdxbta4h4bsdrxm45m56i32axkbtxy2ratl4kq,DMxS:EU-FRANKFURT-1-AD-2,cl-ba-xedc2-tqvm3,Database,Database Exadata Cloud at Customer - Database OCPU,B91363,7.500078,6.0,
PROD,2024-11-26 04:00:00+00:00,2024-11-26 05:00:00+00:00,ocid1.vmcluster.oc1.eu-frankfurt-1.antheljrrvfrr5iawj32h5gbrsj4yjuv7y65xtmdwewxqhedhfolqmkknbha,DMxS:EU-FRANKFURT-1-AD-1,cl-ba-xedc1-pqvm1,Database,Database Exadata Cloud at Customer - Database OCPU,B91363,47.500494,38.0,
PROD,2024-11-26 04:00:00+00:00,2024-11-26 05:00:00+00:00,ocid1.vmcluster.oc1.eu-frankfurt-1.antheljtrvfrr5iaj2hikuptdl6xbuuec267chmo2k3iubjw2fhemzbhmksa,DMxS:EU-FRANKFURT-1-AD-2,cl-ba-xedc2-pqvm1,Database,Database Exadata Cloud at Customer - Database OCPU,B91363,30.000312,24.0,
TEST,2024-11-26 04:00:00+00:00,2024-11-26 05:00:00+00:00,ocid1.vmcluster.oc1.eu-frankfurt-1.antheljrrvfrr5iaiakdi5rxfl73notvt6tf6lslsueauptbt2dok4ptucdq,DMxS:EU-FRANKFURT-1-AD-1,cl-ba-xedc1-tqvm3,Database,Database Exadata Cloud at Customer - Database OCPU,B91363,7.500078,6.0,
TEST,2024-11-26 05:00:00+00:00,2024-11-26 06:00:00+00:00,ocid1.vmcluster.oc1.eu-frankfurt-1.antheljtrvfrr5iacz3aicfdxbta4h4bsdrxm45m56i32axkbtxy2ratl4kq,DMxS:EU-FRANKFURT-1-AD-2,cl-ba-xedc2-tqvm3,Database,Database Exadata Cloud at Customer - Database OCPU,B91363,7.500078,6.0,
PROD,2024-11-26 05:00:00+00:00,2024-11-26 06:00:00+00:00,ocid1.vmcluster.oc1.eu-frankfurt-1.antheljtrvfrr5iaj2hikuptdl6xbuuec267chmo2k3iubjw2fhemzbhmksa,DMxS:EU-FRANKFURT-1-AD-2,cl-ba-xedc2-pqvm1,Database,Database Exadata Cloud at Customer - Database OCPU,B91363,30.000312,24.0,
PROD,2024-11-26 05:00:00+00:00,2024-11-26 06:00:00+00:00,ocid1.vmcluster.oc1.eu-frankfurt-1.antheljrrvfrr5iawj32h5gbrsj4yjuv7y65xtmdwewxqhedhfolqmkknbha,DMxS:EU-FRANKFURT-1-AD-1,cl-ba-xedc1-pqvm1,Database,Database Exadata Cloud at Customer - Database OCPU,B91363,47.500494,38.0,
TEST,2024-11-26 05:00:00+00:00,2024-11-26 06:00:00+00:00,ocid1.vmcluster.oc1.eu-frankfurt-1.antheljrrvfrr5iaiakdi5rxfl73notvt6tf6lslsueauptbt2dok4ptucdq,DMxS:EU-FRANKFURT-1-AD-1,cl-ba-xedc1-tqvm3,Database,Database Exadata Cloud at Customer - Database OCPU,B91363,7.500078,6.0,
TEST,2024-11-26 06:00:00+00:00,2024-11-26 07:00:00+00:00,ocid1.vmcluster.oc1.eu-frankfurt-1.antheljtrvfrr5iacz3aicfdxbta4h4bsdrxm45m56i32axkbtxy2ratl4kq,DMxS:EU-FRANKFURT-1-AD-2,cl-ba-xedc2-tqvm3,Database,Database Exadata Cloud at Customer - Database OCPU,B91363,7.500078,6.0,
TEST,2024-11-26 06:00:00+00:00,2024-11-26 07:00:00+00:00,ocid1.vmcluster.oc1.eu-frankfurt-1.antheljrrvfrr5iaiakdi5rxfl73notvt6tf6lslsueauptbt2dok4ptucdq,DMxS:EU-FRANKFURT-1-AD-1,cl-ba-xedc1-tqvm3,Database,Database Exadata Cloud at Customer - Database OCPU,B91363,7.500078,6.0,
PROD,2024-11-26 06:00:00+00:00,2024-11-26 07:00:00+00:00,ocid1.vmcluster.oc1.eu-frankfurt-1.antheljtrvfrr5iaj2hikuptdl6xbuuec267chmo2k3iubjw2fhemzbhmksa,DMxS:EU-FRANKFURT-1-AD-2,cl-ba-xedc2-pqvm1,Database,Database Exadata Cloud at Customer - Database OCPU,B91363,30.000312,24.0,
PROD,2024-11-26 06:00:00+00:00,2024-11-26 07:00:00+00:00,ocid1.vmcluster.oc1.eu-frankfurt-1.antheljrrvfrr5iawj32h5gbrsj4yjuv7y65xtmdwewxqhedhfolqmkknbha,DMxS:EU-FRANKFURT-1-AD-1,cl-ba-xedc1-pqvm1,Database,Database Exadata Cloud at Customer - Database OCPU,B91363,47.500494,38.0,
TEST,2024-11-26 07:00:00+00:00,2024-11-26 08:00:00+00:00,ocid1.vmcluster.oc1.eu-frankfurt-1.antheljrrvfrr5iaiakdi5rxfl73notvt6tf6lslsueauptbt2dok4ptucdq,DMxS:EU-FRANKFURT-1-AD-1,cl-ba-xedc1-tqvm3,Database,Database Exadata Cloud at Customer - Database OCPU,B91363,7.500078,6.0,
PROD,2024-11-26 07:00:00+00:00,2024-11-26 08:00:00+00:00,ocid1.vmcluster.oc1.eu-frankfurt-1.antheljrrvfrr5iawj32h5gbrsj4yjuv7y65xtmdwewxqhedhfolqmkknbha,DMxS:EU-FRANKFURT-1-AD-1,cl-ba-xedc1-pqvm1,Database,Database Exadata Cloud at Customer - Database OCPU,B91363,47.500494,38.0,
PROD,2024-11-26 07:00:00+00:00,2024-11-26 08:00:00+00:00,ocid1.vmcluster.oc1.eu-frankfurt-1.antheljtrvfrr5iaj2hikuptdl6xbuuec267chmo2k3iubjw2fhemzbhmksa,DMxS:EU-FRANKFURT-1-AD-2,cl-ba-xedc2-pqvm1,Database,Database Exadata Cloud at Customer - Database OCPU,B91363,30.000312,24.0,
TEST,2024-11-26 07:00:00+00:00,2024-11-26 08:00:00+00:00,ocid1.vmcluster.oc1.eu-frankfurt-1.antheljtrvfrr5iacz3aicfdxbta4h4bsdrxm45m56i32axkbtxy2ratl4kq,DMxS:EU-FRANKFURT-1-AD-2,cl-ba-xedc2-tqvm3,Database,Database Exadata Cloud at Customer - Database OCPU,B91363,7.500078,6.0,
PROD,2024-11-26 08:00:00+00:00,2024-11-26 09:00:00+00:00,ocid1.vmcluster.oc1.eu-frankfurt-1.antheljtrvfrr5iaj2hikuptdl6xbuuec267chmo2k3iubjw2fhemzbhmksa,DMxS:EU-FRANKFURT-1-AD-2,cl-ba-xedc2-pqvm1,Database,Database Exadata Cloud at Customer - Database OCPU,B91363,30.000312,24.0,
TEST,2024-11-26 08:00:00+00:00,2024-11-26 09:00:00+00:00,ocid1.vmcluster.oc1.eu-frankfurt-1.antheljrrvfrr5iaiakdi5rxfl73notvt6tf6lslsueauptbt2dok4ptucdq,DMxS:EU-FRANKFURT-1-AD-1,cl-ba-xedc1-tqvm3,Database,Database Exadata Cloud at Customer - Database OCPU,B91363,7.500078,6.0,
TEST,2024-11-26 08:00:00+00:00,2024-11-26 09:00:00+00:00,ocid1.vmcluster.oc1.eu-frankfurt-1.antheljtrvfrr5iacz3aicfdxbta4h4bsdrxm45m56i32axkbtxy2ratl4kq,DMxS:EU-FRANKFURT-1-AD-2,cl-ba-xedc2-tqvm3,Database,Database Exadata Cloud at Customer - Database OCPU,B91363,7.500078,6.0,
PROD,2024-11-26 08:00:00+00:00,2024-11-26 09:00:00+00:00,ocid1.vmcluster.oc1.eu-frankfurt-1.antheljrrvfrr5iawj32h5gbrsj4yjuv7y65xtmdwewxqhedhfolqmkknbha,DMxS:EU-FRANKFURT-1-AD-1,cl-ba-xedc1-pqvm1,Database,Database Exadata Cloud at Customer - Database OCPU,B91363,47.500494,38.0,
PROD,2024-11-26 09:00:00+00:00,2024-11-26 10:00:00+00:00,ocid1.vmcluster.oc1.eu-frankfurt-1.antheljrrvfrr5iawj32h5gbrsj4yjuv7y65xtmdwewxqhedhfolqmkknbha,DMxS:EU-FRANKFURT-1-AD-1,cl-ba-xedc1-pqvm1,Database,Database Exadata Cloud at Customer - Database OCPU,B91363,47.500494,38.0,
PROD,2024-11-26 09:00:00+00:00,2024-11-26 10:00:00+00:00,ocid1.vmcluster.oc1.eu-frankfurt-1.antheljtrvfrr5iaj2hikuptdl6xbuuec267chmo2k3iubjw2fhemzbhmksa,DMxS:EU-FRANKFURT-1-AD-2,cl-ba-xedc2-pqvm1,Database,Database Exadata Cloud at Customer - Database OCPU,B91363,30.000312,24.0,
TEST,2024-11-26 09:00:00+00:00,2024-11-26 10:00:00+00:00,ocid1.vmcluster.oc1.eu-frankfurt-1.antheljtrvfrr5iacz3aicfdxbta4h4bsdrxm45m56i32axkbtxy2ratl4kq,DMxS:EU-FRANKFURT-1-AD-2,cl-ba-xedc2-tqvm3,Database,Database Exadata Cloud at Customer - Database OCPU,B91363,7.500078,6.0,
TEST,2024-11-26 09:00:00+00:00,2024-11-26 10:00:00+00:00,ocid1.vmcluster.oc1.eu-frankfurt-1.antheljrrvfrr5iaiakdi5rxfl73notvt6tf6lslsueauptbt2dok4ptucdq,DMxS:EU-FRANKFURT-1-AD-1,cl-ba-xedc1-tqvm3,Database,Database Exadata Cloud at Customer - Database OCPU,B91363,7.500078,6.0,
PROD,2024-11-26 10:00:00+00:00,2024-11-26 11:00:00+00:00,ocid1.vmcluster.oc1.eu-frankfurt-1.antheljtrvfrr5iaj2hikuptdl6xbuuec267chmo2k3iubjw2fhemzbhmksa,DMxS:EU-FRANKFURT-1-AD-2,cl-ba-xedc2-pqvm1,Database,Database Exadata Cloud at Customer - Database OCPU,B91363,30.000312,24.0,
TEST,2024-11-26 10:00:00+00:00,2024-11-26 11:00:00+00:00,ocid1.vmcluster.oc1.eu-frankfurt-1.antheljrrvfrr5iaiakdi5rxfl73notvt6tf6lslsueauptbt2dok4ptucdq,DMxS:EU-FRANKFURT-1-AD-1,cl-ba-xedc1-tqvm3,Database,Database Exadata Cloud at Customer - Database OCPU,B91363,7.500078,6.0,
TEST,2024-11-26 10:00:00+00:00,2024-11-26 11:00:00+00:00,ocid1.vmcluster.oc1.eu-frankfurt-1.antheljtrvfrr5iacz3aicfdxbta4h4bsdrxm45m56i32axkbtxy2ratl4kq,DMxS:EU-FRANKFURT-1-AD-2,cl-ba-xedc2-tqvm3,Database,Database Exadata Cloud at Customer - Database OCPU,B91363,7.500078,6.0,
PROD,2024-11-26 10:00:00+00:00,2024-11-26 11:00:00+00:00,ocid1.vmcluster.oc1.eu-frankfurt-1.antheljrrvfrr5iawj32h5gbrsj4yjuv7y65xtmdwewxqhedhfolqmkknbha,DMxS:EU-FRANKFURT-1-AD-1,cl-ba-xedc1-pqvm1,Database,Database Exadata Cloud at Customer - Database OCPU,B91363,47.500494,38.0,
PROD,2024-11-26 11:00:00+00:00,2024-11-26 12:00:00+00:00,ocid1.vmcluster.oc1.eu-frankfurt-1.antheljrrvfrr5iawj32h5gbrsj4yjuv7y65xtmdwewxqhedhfolqmkknbha,DMxS:EU-FRANKFURT-1-AD-1,cl-ba-xedc1-pqvm1,Database,Database Exadata Cloud at Customer - Database OCPU,B91363,47.500494,38.0,
PROD,2024-11-26 11:00:00+00:00,2024-11-26 12:00:00+00:00,ocid1.vmcluster.oc1.eu-frankfurt-1.antheljtrvfrr5iaj2hikuptdl6xbuuec267chmo2k3iubjw2fhemzbhmksa,DMxS:EU-FRANKFURT-1-AD-2,cl-ba-xedc2-pqvm1,Database,Database Exadata Cloud at Customer - Database OCPU,B91363,30.000312,24.0,
TEST,2024-11-26 11:00:00+00:00,2024-11-26 12:00:00+00:00,ocid1.vmcluster.oc1.eu-frankfurt-1.antheljtrvfrr5iacz3aicfdxbta4h4bsdrxm45m56i32axkbtxy2ratl4kq,DMxS:EU-FRANKFURT-1-AD-2,cl-ba-xedc2-tqvm3,Database,Database Exadata Cloud at Customer - Database OCPU,B91363,7.500078,6.0,
TEST,2024-11-26 11:00:00+00:00,2024-11-26 12:00:00+00:00,ocid1.vmcluster.oc1.eu-frankfurt-1.antheljrrvfrr5iaiakdi5rxfl73notvt6tf6lslsueauptbt2dok4ptucdq,DMxS:EU-FRANKFURT-1-AD-1,cl-ba-xedc1-tqvm3,Database,Database Exadata Cloud at Customer - Database OCPU,B91363,7.500078,6.0,
PROD,2024-11-26 12:00:00+00:00,2024-11-26 13:00:00+00:00,ocid1.vmcluster.oc1.eu-frankfurt-1.antheljtrvfrr5iaj2hikuptdl6xbuuec267chmo2k3iubjw2fhemzbhmksa,DMxS:EU-FRANKFURT-1-AD-2,cl-ba-xedc2-pqvm1,Database,Database Exadata Cloud at Customer - Database OCPU,B91363,30.000312,24.0,
TEST,2024-11-26 12:00:00+00:00,2024-11-26 13:00:00+00:00,ocid1.vmcluster.oc1.eu-frankfurt-1.antheljrrvfrr5iaiakdi5rxfl73notvt6tf6lslsueauptbt2dok4ptucdq,DMxS:EU-FRANKFURT-1-AD-1,cl-ba-xedc1-tqvm3,Database,Database Exadata Cloud at Customer - Database OCPU,B91363,7.500078,6.0,
TEST,2024-11-26 12:00:00+00:00,2024-11-26 13:00:00+00:00,ocid1.vmcluster.oc1.eu-frankfurt-1.antheljtrvfrr5iacz3aicfdxbta4h4bsdrxm45m56i32axkbtxy2ratl4kq,DMxS:EU-FRANKFURT-1-AD-2,cl-ba-xedc2-tqvm3,Database,Database Exadata Cloud at Customer - Database OCPU,B91363,7.500078,6.0,
PROD,2024-11-26 12:00:00+00:00,2024-11-26 13:00:00+00:00,ocid1.vmcluster.oc1.eu-frankfurt-1.antheljrrvfrr5iawj32h5gbrsj4yjuv7y65xtmdwewxqhedhfolqmkknbha,DMxS:EU-FRANKFURT-1-AD-1,cl-ba-xedc1-pqvm1,Database,Database Exadata Cloud at Customer - Database OCPU,B91363,47.500494,38.0,
PROD,2024-11-26 13:00:00+00:00,2024-11-26 14:00:00+00:00,ocid1.vmcluster.oc1.eu-frankfurt-1.antheljtrvfrr5iaj2hikuptdl6xbuuec267chmo2k3iubjw2fhemzbhmksa,DMxS:EU-FRANKFURT-1-AD-2,cl-ba-xedc2-pqvm1,Database,Database Exadata Cloud at Customer - Database OCPU,B91363,30.000312,24.0,
PROD,2024-11-26 13:00:00+00:00,2024-11-26 14:00:00+00:00,ocid1.vmcluster.oc1.eu-frankfurt-1.antheljrrvfrr5iawj32h5gbrsj4yjuv7y65xtmdwewxqhedhfolqmkknbha,DMxS:EU-FRANKFURT-1-AD-1,cl-ba-xedc1-pqvm1,Database,Database Exadata Cloud at Customer - Database OCPU,B91363,47.500494,38.0,
TEST,2024-11-26 13:00:00+00:00,2024-11-26 14:00:00+00:00,ocid1.vmcluster.oc1.eu-frankfurt-1.antheljrrvfrr5iaiakdi5rxfl73notvt6tf6lslsueauptbt2dok4ptucdq,DMxS:EU-FRANKFURT-1-AD-1,cl-ba-xedc1-tqvm3,Database,Database Exadata Cloud at Customer - Database OCPU,B91363,7.500078,6.0,
TEST,2024-11-26 13:00:00+00:00,2024-11-26 14:00:00+00:00,ocid1.vmcluster.oc1.eu-frankfurt-1.antheljtrvfrr5iacz3aicfdxbta4h4bsdrxm45m56i32axkbtxy2ratl4kq,DMxS:EU-FRANKFURT-1-AD-2,cl-ba-xedc2-tqvm3,Database,Database Exadata Cloud at Customer - Database OCPU,B91363,7.500078,6.0,
PROD,2024-11-26 14:00:00+00:00,2024-11-26 15:00:00+00:00,ocid1.vmcluster.oc1.eu-frankfurt-1.antheljrrvfrr5iawj32h5gbrsj4yjuv7y65xtmdwewxqhedhfolqmkknbha,DMxS:EU-FRANKFURT-1-AD-1,cl-ba-xedc1-pqvm1,Database,Database Exadata Cloud at Customer - Database OCPU,B91363,47.500494,38.0,
TEST,2024-11-26 14:00:00+00:00,2024-11-26 15:00:00+00:00,ocid1.vmcluster.oc1.eu-frankfurt-1.antheljrrvfrr5iaiakdi5rxfl73notvt6tf6lslsueauptbt2dok4ptucdq,DMxS:EU-FRANKFURT-1-AD-1,cl-ba-xedc1-tqvm3,Database,Database Exadata Cloud at Customer - Database OCPU,B91363,7.500078,6.0,
PROD,2024-11-26 14:00:00+00:00,2024-11-26 15:00:00+00:00,ocid1.vmcluster.oc1.eu-frankfurt-1.antheljtrvfrr5iaj2hikuptdl6xbuuec267chmo2k3iubjw2fhemzbhmksa,DMxS:EU-FRANKFURT-1-AD-2,cl-ba-xedc2-pqvm1,Database,Database Exadata Cloud at Customer - Database OCPU,B91363,30.000312,24.0,
TEST,2024-11-26 14:00:00+00:00,2024-11-26 15:00:00+00:00,ocid1.vmcluster.oc1.eu-frankfurt-1.antheljtrvfrr5iacz3aicfdxbta4h4bsdrxm45m56i32axkbtxy2ratl4kq,DMxS:EU-FRANKFURT-1-AD-2,cl-ba-xedc2-tqvm3,Database,Database Exadata Cloud at Customer - Database OCPU,B91363,7.500078,6.0,
TEST,2024-11-26 15:00:00+00:00,2024-11-26 16:00:00+00:00,ocid1.vmcluster.oc1.eu-frankfurt-1.antheljtrvfrr5iacz3aicfdxbta4h4bsdrxm45m56i32axkbtxy2ratl4kq,DMxS:EU-FRANKFURT-1-AD-2,cl-ba-xedc2-tqvm3,Database,Database Exadata Cloud at Customer - Database OCPU,B91363,7.500078,6.0,
TEST,2024-11-26 15:00:00+00:00,2024-11-26 16:00:00+00:00,ocid1.vmcluster.oc1.eu-frankfurt-1.antheljrrvfrr5iaiakdi5rxfl73notvt6tf6lslsueauptbt2dok4ptucdq,DMxS:EU-FRANKFURT-1-AD-1,cl-ba-xedc1-tqvm3,Database,Database Exadata Cloud at Customer - Database OCPU,B91363,7.500078,6.0,
PROD,2024-11-26 15:00:00+00:00,2024-11-26 16:00:00+00:00,ocid1.vmcluster.oc1.eu-frankfurt-1.antheljtrvfrr5iaj2hikuptdl6xbuuec267chmo2k3iubjw2fhemzbhmksa,DMxS:EU-FRANKFURT-1-AD-2,cl-ba-xedc2-pqvm1,Database,Database Exadata Cloud at Customer - Database OCPU,B91363,30.000312,24.0,
PROD,2024-11-26 15:00:00+00:00,2024-11-26 16:00:00+00:00,ocid1.vmcluster.oc1.eu-frankfurt-1.antheljrrvfrr5iawj32h5gbrsj4yjuv7y65xtmdwewxqhedhfolqmkknbha,DMxS:EU-FRANKFURT-1-AD-1,cl-ba-xedc1-pqvm1,Database,Database Exadata Cloud at Customer - Database OCPU,B91363,47.500494,38.0,
PROD,2024-11-26 16:00:00+00:00,2024-11-26 17:00:00+00:00,ocid1.vmcluster.oc1.eu-frankfurt-1.antheljrrvfrr5iawj32h5gbrsj4yjuv7y65xtmdwewxqhedhfolqmkknbha,DMxS:EU-FRANKFURT-1-AD-1,cl-ba-xedc1-pqvm1,Database,Database Exadata Cloud at Customer - Database OCPU,B91363,47.500494,38.0,
PROD,2024-11-26 16:00:00+00:00,2024-11-26 17:00:00+00:00,ocid1.vmcluster.oc1.eu-frankfurt-1.antheljtrvfrr5iaj2hikuptdl6xbuuec267chmo2k3iubjw2fhemzbhmksa,DMxS:EU-FRANKFURT-1-AD-2,cl-ba-xedc2-pqvm1,Database,Database Exadata Cloud at Customer - Database OCPU,B91363,30.000312,24.0,
TEST,2024-11-26 16:00:00+00:00,2024-11-26 17:00:00+00:00,ocid1.vmcluster.oc1.eu-frankfurt-1.antheljtrvfrr5iacz3aicfdxbta4h4bsdrxm45m56i32axkbtxy2ratl4kq,DMxS:EU-FRANKFURT-1-AD-2,cl-ba-xedc2-tqvm3,Database,Database Exadata Cloud at Customer - Database OCPU,B91363,7.500078,6.0,
TEST,2024-11-26 16:00:00+00:00,2024-11-26 17:00:00+00:00,ocid1.vmcluster.oc1.eu-frankfurt-1.antheljrrvfrr5iaiakdi5rxfl73notvt6tf6lslsueauptbt2dok4ptucdq,DMxS:EU-FRANKFURT-1-AD-1,cl-ba-xedc1-tqvm3,Database,Database Exadata Cloud at Customer - Database OCPU,B91363,7.500078,6.0,
PROD,2024-11-26 17:00:00+00:00,2024-11-26 18:00:00+00:00,ocid1.vmcluster.oc1.eu-frankfurt-1.antheljtrvfrr5iaj2hikuptdl6xbuuec267chmo2k3iubjw2fhemzbhmksa,DMxS:EU-FRANKFURT-1-AD-2,cl-ba-xedc2-pqvm1,Database,Database Exadata Cloud at Customer - Database OCPU,B91363,30.000312,24.0,
PROD,2024-11-26 17:00:00+00:00,2024-11-26 18:00:00+00:00,ocid1.vmcluster.oc1.eu-frankfurt-1.antheljrrvfrr5iawj32h5gbrsj4yjuv7y65xtmdwewxqhedhfolqmkknbha,DMxS:EU-FRANKFURT-1-AD-1,cl-ba-xedc1-pqvm1,Database,Database Exadata Cloud at Customer - Database OCPU,B91363,47.500494,38.0,
TEST,2024-11-26 17:00:00+00:00,2024-11-26 18:00:00+00:00,ocid1.vmcluster.oc1.eu-frankfurt-1.antheljtrvfrr5iacz3aicfdxbta4h4bsdrxm45m56i32axkbtxy2ratl4kq,DMxS:EU-FRANKFURT-1-AD-2,cl-ba-xedc2-tqvm3,Database,Database Exadata Cloud at Customer - Database OCPU,B91363,7.500078,6.0,
TEST,2024-11-26 17:00:00+00:00,2024-11-26 18:00:00+00:00,ocid1.vmcluster.oc1.eu-frankfurt-1.antheljrrvfrr5iaiakdi5rxfl73notvt6tf6lslsueauptbt2dok4ptucdq,DMxS:EU-FRANKFURT-1-AD-1,cl-ba-xedc1-tqvm3,Database,Database Exadata Cloud at Customer - Database OCPU,B91363,7.500078,6.0,
PROD,2024-11-26 18:00:00+00:00,2024-11-26 19:00:00+00:00,ocid1.vmcluster.oc1.eu-frankfurt-1.antheljtrvfrr5iaj2hikuptdl6xbuuec267chmo2k3iubjw2fhemzbhmksa,DMxS:EU-FRANKFURT-1-AD-2,cl-ba-xedc2-pqvm1,Database,Database Exadata Cloud at Customer - Database OCPU,B91363,30.000312,24.0,
TEST,2024-11-26 18:00:00+00:00,2024-11-26 19:00:00+00:00,ocid1.vmcluster.oc1.eu-frankfurt-1.antheljrrvfrr5iaiakdi5rxfl73notvt6tf6lslsueauptbt2dok4ptucdq,DMxS:EU-FRANKFURT-1-AD-1,cl-ba-xedc1-tqvm3,Database,Database Exadata Cloud at Customer - Database OCPU,B91363,7.500078,6.0,
TEST,2024-11-26 18:00:00+00:00,2024-11-26 19:00:00+00:00,ocid1.vmcluster.oc1.eu-frankfurt-1.antheljtrvfrr5iacz3aicfdxbta4h4bsdrxm45m56i32axkbtxy2ratl4kq,DMxS:EU-FRANKFURT-1-AD-2,cl-ba-xedc2-tqvm3,Database,Database Exadata Cloud at Customer - Database OCPU,B91363,7.500078,6.0,
PROD,2024-11-26 18:00:00+00:00,2024-11-26 19:00:00+00:00,ocid1.vmcluster.oc1.eu-frankfurt-1.antheljrrvfrr5iawj32h5gbrsj4yjuv7y65xtmdwewxqhedhfolqmkknbha,DMxS:EU-FRANKFURT-1-AD-1,cl-ba-xedc1-pqvm1,Database,Database Exadata Cloud at Customer - Database OCPU,B91363,47.500494,38.0,
TEST,2024-11-26 19:00:00+00:00,2024-11-26 20:00:00+00:00,ocid1.vmcluster.oc1.eu-frankfurt-1.antheljrrvfrr5iaiakdi5rxfl73notvt6tf6lslsueauptbt2dok4ptucdq,DMxS:EU-FRANKFURT-1-AD-1,cl-ba-xedc1-tqvm3,Database,Database Exadata Cloud at Customer - Database OCPU,B91363,7.500078,6.0,
PROD,2024-11-26 19:00:00+00:00,2024-11-26 20:00:00+00:00,ocid1.vmcluster.oc1.eu-frankfurt-1.antheljtrvfrr5iaj2hikuptdl6xbuuec267chmo2k3iubjw2fhemzbhmksa,DMxS:EU-FRANKFURT-1-AD-2,cl-ba-xedc2-pqvm1,Database,Database Exadata Cloud at Customer - Database OCPU,B91363,30.000312,24.0,
PROD,2024-11-26 19:00:00+00:00,2024-11-26 20:00:00+00:00,ocid1.vmcluster.oc1.eu-frankfurt-1.antheljrrvfrr5iawj32h5gbrsj4yjuv7y65xtmdwewxqhedhfolqmkknbha,DMxS:EU-FRANKFURT-1-AD-1,cl-ba-xedc1-pqvm1,Database,Database Exadata Cloud at Customer - Database OCPU,B91363,47.500494,38.0,
TEST,2024-11-26 19:00:00+00:00,2024-11-26 20:00:00+00:00,ocid1.vmcluster.oc1.eu-frankfurt-1.antheljtrvfrr5iacz3aicfdxbta4h4bsdrxm45m56i32axkbtxy2ratl4kq,DMxS:EU-FRANKFURT-1-AD-2,cl-ba-xedc2-tqvm3,Database,Database Exadata Cloud at Customer - Database OCPU,B91363,7.500078,6.0,
PROD,2024-11-26 20:00:00+00:00,2024-11-26 21:00:00+00:00,ocid1.vmcluster.oc1.eu-frankfurt-1.antheljrrvfrr5iawj32h5gbrsj4yjuv7y65xtmdwewxqhedhfolqmkknbha,DMxS:EU-FRANKFURT-1-AD-1,cl-ba-xedc1-pqvm1,Database,Database Exadata Cloud at Customer - Database OCPU,B91363,47.500494,38.0,
PROD,2024-11-26 20:00:00+00:00,2024-11-26 21:00:00+00:00,ocid1.vmcluster.oc1.eu-frankfurt-1.antheljtrvfrr5iaj2hikuptdl6xbuuec267chmo2k3iubjw2fhemzbhmksa,DMxS:EU-FRANKFURT-1-AD-2,cl-ba-xedc2-pqvm1,Database,Database Exadata Cloud at Customer - Database OCPU,B91363,30.000312,24.0,
TEST,2024-11-26 20:00:00+00:00,2024-11-26 21:00:00+00:00,ocid1.vmcluster.oc1.eu-frankfurt-1.antheljrrvfrr5iaiakdi5rxfl73notvt6tf6lslsueauptbt2dok4ptucdq,DMxS:EU-FRANKFURT-1-AD-1,cl-ba-xedc1-tqvm3,Database,Database Exadata Cloud at Customer - Database OCPU,B91363,7.500078,6.0,
TEST,2024-11-26 20:00:00+00:00,2024-11-26 21:00:00+00:00,ocid1.vmcluster.oc1.eu-frankfurt-1.antheljtrvfrr5iacz3aicfdxbta4h4bsdrxm45m56i32axkbtxy2ratl4kq,DMxS:EU-FRANKFURT-1-AD-2,cl-ba-xedc2-tqvm3,Database,Database Exadata Cloud at Customer - Database OCPU,B91363,7.500078,6.0,
TEST,2024-11-26 21:00:00+00:00,2024-11-26 22:00:00+00:00,ocid1.vmcluster.oc1.eu-frankfurt-1.antheljrrvfrr5iaiakdi5rxfl73notvt6tf6lslsueauptbt2dok4ptucdq,DMxS:EU-FRANKFURT-1-AD-1,cl-ba-xedc1-tqvm3,Database,Database Exadata Cloud at Customer - Database OCPU,B91363,7.500078,6.0,
PROD,2024-11-26 21:00:00+00:00,2024-11-26 22:00:00+00:00,ocid1.vmcluster.oc1.eu-frankfurt-1.antheljtrvfrr5iaj2hikuptdl6xbuuec267chmo2k3iubjw2fhemzbhmksa,DMxS:EU-FRANKFURT-1-AD-2,cl-ba-xedc2-pqvm1,Database,Database Exadata Cloud at Customer - Database OCPU,B91363,30.000312,24.0,
TEST,2024-11-26 21:00:00+00:00,2024-11-26 22:00:00+00:00,ocid1.vmcluster.oc1.eu-frankfurt-1.antheljtrvfrr5iacz3aicfdxbta4h4bsdrxm45m56i32axkbtxy2ratl4kq,DMxS:EU-FRANKFURT-1-AD-2,cl-ba-xedc2-tqvm3,Database,Database Exadata Cloud at Customer - Database OCPU,B91363,7.500078,6.0,
PROD,2024-11-26 21:00:00+00:00,2024-11-26 22:00:00+00:00,ocid1.vmcluster.oc1.eu-frankfurt-1.antheljrrvfrr5iawj32h5gbrsj4yjuv7y65xtmdwewxqhedhfolqmkknbha,DMxS:EU-FRANKFURT-1-AD-1,cl-ba-xedc1-pqvm1,Database,Database Exadata Cloud at Customer - Database OCPU,B91363,47.500494,38.0,
TEST,2024-11-26 22:00:00+00:00,2024-11-26 23:00:00+00:00,ocid1.vmcluster.oc1.eu-frankfurt-1.antheljrrvfrr5iaiakdi5rxfl73notvt6tf6lslsueauptbt2dok4ptucdq,DMxS:EU-FRANKFURT-1-AD-1,cl-ba-xedc1-tqvm3,Database,Database Exadata Cloud at Customer - Database OCPU,B91363,7.500078,6.0,
PROD,2024-11-26 22:00:00+00:00,2024-11-26 23:00:00+00:00,ocid1.vmcluster.oc1.eu-frankfurt-1.antheljtrvfrr5iaj2hikuptdl6xbuuec267chmo2k3iubjw2fhemzbhmksa,DMxS:EU-FRANKFURT-1-AD-2,cl-ba-xedc2-pqvm1,Database,Database Exadata Cloud at Customer - Database OCPU,B91363,30.000312,24.0,
PROD,2024-11-26 22:00:00+00:00,2024-11-26 23:00:00+00:00,ocid1.vmcluster.oc1.eu-frankfurt-1.antheljrrvfrr5iawj32h5gbrsj4yjuv7y65xtmdwewxqhedhfolqmkknbha,DMxS:EU-FRANKFURT-1-AD-1,cl-ba-xedc1-pqvm1,Database,Database Exadata Cloud at Customer - Database OCPU,B91363,47.500494,38.0,
TEST,2024-11-26 22:00:00+00:00,2024-11-26 23:00:00+00:00,ocid1.vmcluster.oc1.eu-frankfurt-1.antheljtrvfrr5iacz3aicfdxbta4h4bsdrxm45m56i32axkbtxy2ratl4kq,DMxS:EU-FRANKFURT-1-AD-2,cl-ba-xedc2-tqvm3,Database,Database Exadata Cloud at Customer - Database OCPU,B91363,7.500078,6.0,
TEST,2024-11-26 23:00:00+00:00,2024-11-27 00:00:00+00:00,ocid1.vmcluster.oc1.eu-frankfurt-1.antheljrrvfrr5iaiakdi5rxfl73notvt6tf6lslsueauptbt2dok4ptucdq,DMxS:EU-FRANKFURT-1-AD-1,cl-ba-xedc1-tqvm3,Database,Database Exadata Cloud at Customer - Database OCPU,B91363,7.500078,6.0,
TEST,2024-11-26 23:00:00+00:00,2024-11-27 00:00:00+00:00,ocid1.vmcluster.oc1.eu-frankfurt-1.antheljtrvfrr5iacz3aicfdxbta4h4bsdrxm45m56i32axkbtxy2ratl4kq,DMxS:EU-FRANKFURT-1-AD-2,cl-ba-xedc2-tqvm3,Database,Database Exadata Cloud at Customer - Database OCPU,B91363,7.500078,6.0,
PROD,2024-11-26 23:00:00+00:00,2024-11-27 00:00:00+00:00,ocid1.vmcluster.oc1.eu-frankfurt-1.antheljtrvfrr5iaj2hikuptdl6xbuuec267chmo2k3iubjw2fhemzbhmksa,DMxS:EU-FRANKFURT-1-AD-2,cl-ba-xedc2-pqvm1,Database,Database Exadata Cloud at Customer - Database OCPU,B91363,30.000312,24.0,
PROD,2024-11-26 23:00:00+00:00,2024-11-27 00:00:00+00:00,ocid1.vmcluster.oc1.eu-frankfurt-1.antheljrrvfrr5iawj32h5gbrsj4yjuv7y65xtmdwewxqhedhfolqmkknbha,DMxS:EU-FRANKFURT-1-AD-1,cl-ba-xedc1-pqvm1,Database,Database Exadata Cloud at Customer - Database OCPU,B91363,47.500494,38.0,
TEST,2024-11-27 00:00:00+00:00,2024-11-27 01:00:00+00:00,ocid1.vmcluster.oc1.eu-frankfurt-1.antheljrrvfrr5iaiakdi5rxfl73notvt6tf6lslsueauptbt2dok4ptucdq,DMxS:EU-FRANKFURT-1-AD-1,cl-ba-xedc1-tqvm3,Database,Database Exadata Cloud at Customer - Database OCPU,B91363,7.500078,6.0,
PROD,2024-11-27 00:00:00+00:00,2024-11-27 01:00:00+00:00,ocid1.vmcluster.oc1.eu-frankfurt-1.antheljtrvfrr5iaj2hikuptdl6xbuuec267chmo2k3iubjw2fhemzbhmksa,DMxS:EU-FRANKFURT-1-AD-2,cl-ba-xedc2-pqvm1,Database,Database Exadata Cloud at Customer - Database OCPU,B91363,30.000312,24.0,
TEST,2024-11-27 00:00:00+00:00,2024-11-27 01:00:00+00:00,ocid1.vmcluster.oc1.eu-frankfurt-1.antheljtrvfrr5iacz3aicfdxbta4h4bsdrxm45m56i32axkbtxy2ratl4kq,DMxS:EU-FRANKFURT-1-AD-2,cl-ba-xedc2-tqvm3,Database,Database Exadata Cloud at Customer - Database OCPU,B91363,7.500078,6.0,
PROD,2024-11-27 00:00:00+00:00,2024-11-27 01:00:00+00:00,ocid1.vmcluster.oc1.eu-frankfurt-1.antheljrrvfrr5iawj32h5gbrsj4yjuv7y65xtmdwewxqhedhfolqmkknbha,DMxS:EU-FRANKFURT-1-AD-1,cl-ba-xedc1-pqvm1,Database,Database Exadata Cloud at Customer - Database OCPU,B91363,47.500494,38.0,
TEST,2024-11-27 01:00:00+00:00,2024-11-27 02:00:00+00:00,ocid1.vmcluster.oc1.eu-frankfurt-1.antheljtrvfrr5iacz3aicfdxbta4h4bsdrxm45m56i32axkbtxy2ratl4kq,DMxS:EU-FRANKFURT-1-AD-2,cl-ba-xedc2-tqvm3,Database,Database Exadata Cloud at Customer - Database OCPU,B91363,7.500078,6.0,
PROD,2024-11-27 01:00:00+00:00,2024-11-27 02:00:00+00:00,ocid1.vmcluster.oc1.eu-frankfurt-1.antheljrrvfrr5iawj32h5gbrsj4yjuv7y65xtmdwewxqhedhfolqmkknbha,DMxS:EU-FRANKFURT-1-AD-1,cl-ba-xedc1-pqvm1,Database,Database Exadata Cloud at Customer - Database OCPU,B91363,47.500494,38.0,
TEST,2024-11-27 01:00:00+00:00,2024-11-27 02:00:00+00:00,ocid1.vmcluster.oc1.eu-frankfurt-1.antheljrrvfrr5iaiakdi5rxfl73notvt6tf6lslsueauptbt2dok4ptucdq,DMxS:EU-FRANKFURT-1-AD-1,cl-ba-xedc1-tqvm3,Database,Database Exadata Cloud at Customer - Database OCPU,B91363,7.500078,6.0,
PROD,2024-11-27 01:00:00+00:00,2024-11-27 02:00:00+00:00,ocid1.vmcluster.oc1.eu-frankfurt-1.antheljtrvfrr5iaj2hikuptdl6xbuuec267chmo2k3iubjw2fhemzbhmksa,DMxS:EU-FRANKFURT-1-AD-2,cl-ba-xedc2-pqvm1,Database,Database Exadata Cloud at Customer - Database OCPU,B91363,30.000312,24.0,
TEST,2024-11-27 02:00:00+00:00,2024-11-27 03:00:00+00:00,ocid1.vmcluster.oc1.eu-frankfurt-1.antheljtrvfrr5iacz3aicfdxbta4h4bsdrxm45m56i32axkbtxy2ratl4kq,DMxS:EU-FRANKFURT-1-AD-2,cl-ba-xedc2-tqvm3,Database,Database Exadata Cloud at Customer - Database OCPU,B91363,7.500078,6.0,
PROD,2024-11-27 02:00:00+00:00,2024-11-27 03:00:00+00:00,ocid1.vmcluster.oc1.eu-frankfurt-1.antheljrrvfrr5iawj32h5gbrsj4yjuv7y65xtmdwewxqhedhfolqmkknbha,DMxS:EU-FRANKFURT-1-AD-1,cl-ba-xedc1-pqvm1,Database,Database Exadata Cloud at Customer - Database OCPU,B91363,47.500494,38.0,
PROD,2024-11-27 02:00:00+00:00,2024-11-27 03:00:00+00:00,ocid1.vmcluster.oc1.eu-frankfurt-1.antheljtrvfrr5iaj2hikuptdl6xbuuec267chmo2k3iubjw2fhemzbhmksa,DMxS:EU-FRANKFURT-1-AD-2,cl-ba-xedc2-pqvm1,Database,Database Exadata Cloud at Customer - Database OCPU,B91363,30.000312,24.0,
TEST,2024-11-27 02:00:00+00:00,2024-11-27 03:00:00+00:00,ocid1.vmcluster.oc1.eu-frankfurt-1.antheljrrvfrr5iaiakdi5rxfl73notvt6tf6lslsueauptbt2dok4ptucdq,DMxS:EU-FRANKFURT-1-AD-1,cl-ba-xedc1-tqvm3,Database,Database Exadata Cloud at Customer - Database OCPU,B91363,7.500078,6.0,
TEST,2024-11-27 03:00:00+00:00,2024-11-27 04:00:00+00:00,ocid1.vmcluster.oc1.eu-frankfurt-1.antheljtrvfrr5iacz3aicfdxbta4h4bsdrxm45m56i32axkbtxy2ratl4kq,DMxS:EU-FRANKFURT-1-AD-2,cl-ba-xedc2-tqvm3,Database,Database Exadata Cloud at Customer - Database OCPU,B91363,7.500078,6.0,
PROD,2024-11-27 03:00:00+00:00,2024-11-27 04:00:00+00:00,ocid1.vmcluster.oc1.eu-frankfurt-1.antheljtrvfrr5iaj2hikuptdl6xbuuec267chmo2k3iubjw2fhemzbhmksa,DMxS:EU-FRANKFURT-1-AD-2,cl-ba-xedc2-pqvm1,Database,Database Exadata Cloud at Customer - Database OCPU,B91363,30.000312,24.0,
PROD,2024-11-27 03:00:00+00:00,2024-11-27 04:00:00+00:00,ocid1.vmcluster.oc1.eu-frankfurt-1.antheljrrvfrr5iawj32h5gbrsj4yjuv7y65xtmdwewxqhedhfolqmkknbha,DMxS:EU-FRANKFURT-1-AD-1,cl-ba-xedc1-pqvm1,Database,Database Exadata Cloud at Customer - Database OCPU,B91363,47.500494,38.0,
TEST,2024-11-27 03:00:00+00:00,2024-11-27 04:00:00+00:00,ocid1.vmcluster.oc1.eu-frankfurt-1.antheljrrvfrr5iaiakdi5rxfl73notvt6tf6lslsueauptbt2dok4ptucdq,DMxS:EU-FRANKFURT-1-AD-1,cl-ba-xedc1-tqvm3,Database,Database Exadata Cloud at Customer - Database OCPU,B91363,7.500078,6.0,
PROD,2024-11-27 04:00:00+00:00,2024-11-27 05:00:00+00:00,ocid1.vmcluster.oc1.eu-frankfurt-1.antheljrrvfrr5iawj32h5gbrsj4yjuv7y65xtmdwewxqhedhfolqmkknbha,DMxS:EU-FRANKFURT-1-AD-1,cl-ba-xedc1-pqvm1,Database,Database Exadata Cloud at Customer - Database OCPU,B91363,47.500494,38.0,
PROD,2024-11-27 04:00:00+00:00,2024-11-27 05:00:00+00:00,ocid1.vmcluster.oc1.eu-frankfurt-1.antheljtrvfrr5iaj2hikuptdl6xbuuec267chmo2k3iubjw2fhemzbhmksa,DMxS:EU-FRANKFURT-1-AD-2,cl-ba-xedc2-pqvm1,Database,Database Exadata Cloud at Customer - Database OCPU,B91363,30.000312,24.0,
TEST,2024-11-27 04:00:00+00:00,2024-11-27 05:00:00+00:00,ocid1.vmcluster.oc1.eu-frankfurt-1.antheljtrvfrr5iacz3aicfdxbta4h4bsdrxm45m56i32axkbtxy2ratl4kq,DMxS:EU-FRANKFURT-1-AD-2,cl-ba-xedc2-tqvm3,Database,Database Exadata Cloud at Customer - Database OCPU,B91363,7.500078,6.0,
TEST,2024-11-27 04:00:00+00:00,2024-11-27 05:00:00+00:00,ocid1.vmcluster.oc1.eu-frankfurt-1.antheljrrvfrr5iaiakdi5rxfl73notvt6tf6lslsueauptbt2dok4ptucdq,DMxS:EU-FRANKFURT-1-AD-1,cl-ba-xedc1-tqvm3,Database,Database Exadata Cloud at Customer - Database OCPU,B91363,7.500078,6.0,
TEST,2024-11-27 05:00:00+00:00,2024-11-27 06:00:00+00:00,ocid1.vmcluster.oc1.eu-frankfurt-1.antheljtrvfrr5iacz3aicfdxbta4h4bsdrxm45m56i32axkbtxy2ratl4kq,DMxS:EU-FRANKFURT-1-AD-2,cl-ba-xedc2-tqvm3,Database,Database Exadata Cloud at Customer - Database OCPU,B91363,7.500078,6.0,
PROD,2024-11-27 05:00:00+00:00,2024-11-27 06:00:00+00:00,ocid1.vmcluster.oc1.eu-frankfurt-1.antheljrrvfrr5iawj32h5gbrsj4yjuv7y65xtmdwewxqhedhfolqmkknbha,DMxS:EU-FRANKFURT-1-AD-1,cl-ba-xedc1-pqvm1,Database,Database Exadata Cloud at Customer - Database OCPU,B91363,47.500494,38.0,
TEST,2024-11-27 05:00:00+00:00,2024-11-27 06:00:00+00:00,ocid1.vmcluster.oc1.eu-frankfurt-1.antheljrrvfrr5iaiakdi5rxfl73notvt6tf6lslsueauptbt2dok4ptucdq,DMxS:EU-FRANKFURT-1-AD-1,cl-ba-xedc1-tqvm3,Database,Database Exadata Cloud at Customer - Database OCPU,B91363,7.500078,6.0,
PROD,2024-11-27 05:00:00+00:00,2024-11-27 06:00:00+00:00,ocid1.vmcluster.oc1.eu-frankfurt-1.antheljtrvfrr5iaj2hikuptdl6xbuuec267chmo2k3iubjw2fhemzbhmksa,DMxS:EU-FRANKFURT-1-AD-2,cl-ba-xedc2-pqvm1,Database,Database Exadata Cloud at Customer - Database OCPU,B91363,30.000312,24.0,
TEST,2024-11-27 06:00:00+00:00,2024-11-27 07:00:00+00:00,ocid1.vmcluster.oc1.eu-frankfurt-1.antheljrrvfrr5iaiakdi5rxfl73notvt6tf6lslsueauptbt2dok4ptucdq,DMxS:EU-FRANKFURT-1-AD-1,cl-ba-xedc1-tqvm3,Database,Database Exadata Cloud at Customer - Database OCPU,B91363,7.500078,6.0,
PROD,2024-11-27 06:00:00+00:00,2024-11-27 07:00:00+00:00,ocid1.vmcluster.oc1.eu-frankfurt-1.antheljrrvfrr5iawj32h5gbrsj4yjuv7y65xtmdwewxqhedhfolqmkknbha,DMxS:EU-FRANKFURT-1-AD-1,cl-ba-xedc1-pqvm1,Database,Database Exadata Cloud at Customer - Database OCPU,B91363,47.500494,38.0,
PROD,2024-11-27 06:00:00+00:00,2024-11-27 07:00:00+00:00,ocid1.vmcluster.oc1.eu-frankfurt-1.antheljtrvfrr5iaj2hikuptdl6xbuuec267chmo2k3iubjw2fhemzbhmksa,DMxS:EU-FRANKFURT-1-AD-2,cl-ba-xedc2-pqvm1,Database,Database Exadata Cloud at Customer - Database OCPU,B91363,30.000312,24.0,
TEST,2024-11-27 06:00:00+00:00,2024-11-27 07:00:00+00:00,ocid1.vmcluster.oc1.eu-frankfurt-1.antheljtrvfrr5iacz3aicfdxbta4h4bsdrxm45m56i32axkbtxy2ratl4kq,DMxS:EU-FRANKFURT-1-AD-2,cl-ba-xedc2-tqvm3,Database,Database Exadata Cloud at Customer - Database OCPU,B91363,7.500078,6.0,
PROD,2024-11-27 07:00:00+00:00,2024-11-27 08:00:00+00:00,ocid1.vmcluster.oc1.eu-frankfurt-1.antheljtrvfrr5iaj2hikuptdl6xbuuec267chmo2k3iubjw2fhemzbhmksa,DMxS:EU-FRANKFURT-1-AD-2,cl-ba-xedc2-pqvm1,Database,Database Exadata Cloud at Customer - Database OCPU,B91363,30.000312,24.0,
TEST,2024-11-27 07:00:00+00:00,2024-11-27 08:00:00+00:00,ocid1.vmcluster.oc1.eu-frankfurt-1.antheljtrvfrr5iacz3aicfdxbta4h4bsdrxm45m56i32axkbtxy2ratl4kq,DMxS:EU-FRANKFURT-1-AD-2,cl-ba-xedc2-tqvm3,Database,Database Exadata Cloud at Customer - Database OCPU,B91363,7.500078,6.0,
TEST,2024-11-27 07:00:00+00:00,2024-11-27 08:00:00+00:00,ocid1.vmcluster.oc1.eu-frankfurt-1.antheljrrvfrr5iaiakdi5rxfl73notvt6tf6lslsueauptbt2dok4ptucdq,DMxS:EU-FRANKFURT-1-AD-1,cl-ba-xedc1-tqvm3,Database,Database Exadata Cloud at Customer - Database OCPU,B91363,7.500078,6.0,
PROD,2024-11-27 07:00:00+00:00,2024-11-27 08:00:00+00:00,ocid1.vmcluster.oc1.eu-frankfurt-1.antheljrrvfrr5iawj32h5gbrsj4yjuv7y65xtmdwewxqhedhfolqmkknbha,DMxS:EU-FRANKFURT-1-AD-1,cl-ba-xedc1-pqvm1,Database,Database Exadata Cloud at Customer - Database OCPU,B91363,47.500494,38.0,
PROD,2024-11-27 08:00:00+00:00,2024-11-27 09:00:00+00:00,ocid1.vmcluster.oc1.eu-frankfurt-1.antheljrrvfrr5iawj32h5gbrsj4yjuv7y65xtmdwewxqhedhfolqmkknbha,DMxS:EU-FRANKFURT-1-AD-1,cl-ba-xedc1-pqvm1,Database,Database Exadata Cloud at Customer - Database OCPU,B91363,47.500494,38.0,
TEST,2024-11-27 08:00:00+00:00,2024-11-27 09:00:00+00:00,ocid1.vmcluster.oc1.eu-frankfurt-1.antheljrrvfrr5iaiakdi5rxfl73notvt6tf6lslsueauptbt2dok4ptucdq,DMxS:EU-FRANKFURT-1-AD-1,cl-ba-xedc1-tqvm3,Database,Database Exadata Cloud at Customer - Database OCPU,B91363,7.500078,6.0,
TEST,2024-11-27 08:00:00+00:00,2024-11-27 09:00:00+00:00,ocid1.vmcluster.oc1.eu-frankfurt-1.antheljtrvfrr5iacz3aicfdxbta4h4bsdrxm45m56i32axkbtxy2ratl4kq,DMxS:EU-FRANKFURT-1-AD-2,cl-ba-xedc2-tqvm3,Database,Database Exadata Cloud at Customer - Database OCPU,B91363,7.500078,6.0,
PROD,2024-11-27 08:00:00+00:00,2024-11-27 09:00:00+00:00,ocid1.vmcluster.oc1.eu-frankfurt-1.antheljtrvfrr5iaj2hikuptdl6xbuuec267chmo2k3iubjw2fhemzbhmksa,DMxS:EU-FRANKFURT-1-AD-2,cl-ba-xedc2-pqvm1,Database,Database Exadata Cloud at Customer - Database OCPU,B91363,30.000312,24.0,
TEST,2024-11-27 09:00:00+00:00,2024-11-27 10:00:00+00:00,ocid1.vmcluster.oc1.eu-frankfurt-1.antheljrrvfrr5iaiakdi5rxfl73notvt6tf6lslsueauptbt2dok4ptucdq,DMxS:EU-FRANKFURT-1-AD-1,cl-ba-xedc1-tqvm3,Database,Database Exadata Cloud at Customer - Database OCPU,B91363,7.500078,6.0,
PROD,2024-11-27 09:00:00+00:00,2024-11-27 10:00:00+00:00,ocid1.vmcluster.oc1.eu-frankfurt-1.antheljtrvfrr5iaj2hikuptdl6xbuuec267chmo2k3iubjw2fhemzbhmksa,DMxS:EU-FRANKFURT-1-AD-2,cl-ba-xedc2-pqvm1,Database,Database Exadata Cloud at Customer - Database OCPU,B91363,30.000312,24.0,
PROD,2024-11-27 09:00:00+00:00,2024-11-27 10:00:00+00:00,ocid1.vmcluster.oc1.eu-frankfurt-1.antheljrrvfrr5iawj32h5gbrsj4yjuv7y65xtmdwewxqhedhfolqmkknbha,DMxS:EU-FRANKFURT-1-AD-1,cl-ba-xedc1-pqvm1,Database,Database Exadata Cloud at Customer - Database OCPU,B91363,47.500494,38.0,
TEST,2024-11-27 09:00:00+00:00,2024-11-27 10:00:00+00:00,ocid1.vmcluster.oc1.eu-frankfurt-1.antheljtrvfrr5iacz3aicfdxbta4h4bsdrxm45m56i32axkbtxy2ratl4kq,DMxS:EU-FRANKFURT-1-AD-2,cl-ba-xedc2-tqvm3,Database,Database Exadata Cloud at Customer - Database OCPU,B91363,7.500078,6.0,
TEST,2024-11-27 10:00:00+00:00,2024-11-27 11:00:00+00:00,ocid1.vmcluster.oc1.eu-frankfurt-1.antheljtrvfrr5iacz3aicfdxbta4h4bsdrxm45m56i32axkbtxy2ratl4kq,DMxS:EU-FRANKFURT-1-AD-2,cl-ba-xedc2-tqvm3,Database,Database Exadata Cloud at Customer - Database OCPU,B91363,7.500078,6.0,
PROD,2024-11-27 10:00:00+00:00,2024-11-27 11:00:00+00:00,ocid1.vmcluster.oc1.eu-frankfurt-1.antheljrrvfrr5iawj32h5gbrsj4yjuv7y65xtmdwewxqhedhfolqmkknbha,DMxS:EU-FRANKFURT-1-AD-1,cl-ba-xedc1-pqvm1,Database,Database Exadata Cloud at Customer - Database OCPU,B91363,47.500494,38.0,
PROD,2024-11-27 10:00:00+00:00,2024-11-27 11:00:00+00:00,ocid1.vmcluster.oc1.eu-frankfurt-1.antheljtrvfrr5iaj2hikuptdl6xbuuec267chmo2k3iubjw2fhemzbhmksa,DMxS:EU-FRANKFURT-1-AD-2,cl-ba-xedc2-pqvm1,Database,Database Exadata Cloud at Customer - Database OCPU,B91363,30.000312,24.0,
TEST,2024-11-27 10:00:00+00:00,2024-11-27 11:00:00+00:00,ocid1.vmcluster.oc1.eu-frankfurt-1.antheljrrvfrr5iaiakdi5rxfl73notvt6tf6lslsueauptbt2dok4ptucdq,DMxS:EU-FRANKFURT-1-AD-1,cl-ba-xedc1-tqvm3,Database,Database Exadata Cloud at Customer - Database OCPU,B91363,7.500078,6.0,
PROD,2024-11-27 11:00:00+00:00,2024-11-27 12:00:00+00:00,ocid1.vmcluster.oc1.eu-frankfurt-1.antheljrrvfrr5iawj32h5gbrsj4yjuv7y65xtmdwewxqhedhfolqmkknbha,DMxS:EU-FRANKFURT-1-AD-1,cl-ba-xedc1-pqvm1,Database,Database Exadata Cloud at Customer - Database OCPU,B91363,47.500494,38.0,
TEST,2024-11-27 11:00:00+00:00,2024-11-27 12:00:00+00:00,ocid1.vmcluster.oc1.eu-frankfurt-1.antheljtrvfrr5iacz3aicfdxbta4h4bsdrxm45m56i32axkbtxy2ratl4kq,DMxS:EU-FRANKFURT-1-AD-2,cl-ba-xedc2-tqvm3,Database,Database Exadata Cloud at Customer - Database OCPU,B91363,7.500078,6.0,
TEST,2024-11-27 11:00:00+00:00,2024-11-27 12:00:00+00:00,ocid1.vmcluster.oc1.eu-frankfurt-1.antheljrrvfrr5iaiakdi5rxfl73notvt6tf6lslsueauptbt2dok4ptucdq,DMxS:EU-FRANKFURT-1-AD-1,cl-ba-xedc1-tqvm3,Database,Database Exadata Cloud at Customer - Database OCPU,B91363,7.500078,6.0,
PROD,2024-11-27 11:00:00+00:00,2024-11-27 12:00:00+00:00,ocid1.vmcluster.oc1.eu-frankfurt-1.antheljtrvfrr5iaj2hikuptdl6xbuuec267chmo2k3iubjw2fhemzbhmksa,DMxS:EU-FRANKFURT-1-AD-2,cl-ba-xedc2-pqvm1,Database,Database Exadata Cloud at Customer - Database OCPU,B91363,30.000312,24.0,
PROD,2024-11-27 12:00:00+00:00,2024-11-27 13:00:00+00:00,ocid1.vmcluster.oc1.eu-frankfurt-1.antheljrrvfrr5iawj32h5gbrsj4yjuv7y65xtmdwewxqhedhfolqmkknbha,DMxS:EU-FRANKFURT-1-AD-1,cl-ba-xedc1-pqvm1,Database,Database Exadata Cloud at Customer - Database OCPU,B91363,47.500494,38.0,
TEST,2024-11-27 12:00:00+00:00,2024-11-27 13:00:00+00:00,ocid1.vmcluster.oc1.eu-frankfurt-1.antheljrrvfrr5iaiakdi5rxfl73notvt6tf6lslsueauptbt2dok4ptucdq,DMxS:EU-FRANKFURT-1-AD-1,cl-ba-xedc1-tqvm3,Database,Database Exadata Cloud at Customer - Database OCPU,B91363,7.500078,6.0,
PROD,2024-11-27 12:00:00+00:00,2024-11-27 13:00:00+00:00,ocid1.vmcluster.oc1.eu-frankfurt-1.antheljtrvfrr5iaj2hikuptdl6xbuuec267chmo2k3iubjw2fhemzbhmksa,DMxS:EU-FRANKFURT-1-AD-2,cl-ba-xedc2-pqvm1,Database,Database Exadata Cloud at Customer - Database OCPU,B91363,30.000312,24.0,
TEST,2024-11-27 12:00:00+00:00,2024-11-27 13:00:00+00:00,ocid1.vmcluster.oc1.eu-frankfurt-1.antheljtrvfrr5iacz3aicfdxbta4h4bsdrxm45m56i32axkbtxy2ratl4kq,DMxS:EU-FRANKFURT-1-AD-2,cl-ba-xedc2-tqvm3,Database,Database Exadata Cloud at Customer - Database OCPU,B91363,7.500078,6.0,
TEST,2024-11-27 13:00:00+00:00,2024-11-27 14:00:00+00:00,ocid1.vmcluster.oc1.eu-frankfurt-1.antheljtrvfrr5iacz3aicfdxbta4h4bsdrxm45m56i32axkbtxy2ratl4kq,DMxS:EU-FRANKFURT-1-AD-2,cl-ba-xedc2-tqvm3,Database,Database Exadata Cloud at Customer - Database OCPU,B91363,7.500078,6.0,
PROD,2024-11-27 13:00:00+00:00,2024-11-27 14:00:00+00:00,ocid1.vmcluster.oc1.eu-frankfurt-1.antheljrrvfrr5iawj32h5gbrsj4yjuv7y65xtmdwewxqhedhfolqmkknbha,DMxS:EU-FRANKFURT-1-AD-1,cl-ba-xedc1-pqvm1,Database,Database Exadata Cloud at Customer - Database OCPU,B91363,47.500494,38.0,
TEST,2024-11-27 13:00:00+00:00,2024-11-27 14:00:00+00:00,ocid1.vmcluster.oc1.eu-frankfurt-1.antheljrrvfrr5iaiakdi5rxfl73notvt6tf6lslsueauptbt2dok4ptucdq,DMxS:EU-FRANKFURT-1-AD-1,cl-ba-xedc1-tqvm3,Database,Database Exadata Cloud at Customer - Database OCPU,B91363,7.500078,6.0,
PROD,2024-11-27 13:00:00+00:00,2024-11-27 14:00:00+00:00,ocid1.vmcluster.oc1.eu-frankfurt-1.antheljtrvfrr5iaj2hikuptdl6xbuuec267chmo2k3iubjw2fhemzbhmksa,DMxS:EU-FRANKFURT-1-AD-2,cl-ba-xedc2-pqvm1,Database,Database Exadata Cloud at Customer - Database OCPU,B91363,30.000312,24.0,
PROD,2024-11-27 14:00:00+00:00,2024-11-27 15:00:00+00:00,ocid1.vmcluster.oc1.eu-frankfurt-1.antheljtrvfrr5iaj2hikuptdl6xbuuec267chmo2k3iubjw2fhemzbhmksa,DMxS:EU-FRANKFURT-1-AD-2,cl-ba-xedc2-pqvm1,Database,Database Exadata Cloud at Customer - Database OCPU,B91363,30.000312,24.0,
PROD,2024-11-27 14:00:00+00:00,2024-11-27 15:00:00+00:00,ocid1.vmcluster.oc1.eu-frankfurt-1.antheljrrvfrr5iawj32h5gbrsj4yjuv7y65xtmdwewxqhedhfolqmkknbha,DMxS:EU-FRANKFURT-1-AD-1,cl-ba-xedc1-pqvm1,Database,Database Exadata Cloud at Customer - Database OCPU,B91363,47.500494,38.0,
TEST,2024-11-27 14:00:00+00:00,2024-11-27 15:00:00+00:00,ocid1.vmcluster.oc1.eu-frankfurt-1.antheljrrvfrr5iaiakdi5rxfl73notvt6tf6lslsueauptbt2dok4ptucdq,DMxS:EU-FRANKFURT-1-AD-1,cl-ba-xedc1-tqvm3,Database,Database Exadata Cloud at Customer - Database OCPU,B91363,7.500078,6.0,
TEST,2024-11-27 14:00:00+00:00,2024-11-27 15:00:00+00:00,ocid1.vmcluster.oc1.eu-frankfurt-1.antheljtrvfrr5iacz3aicfdxbta4h4bsdrxm45m56i32axkbtxy2ratl4kq,DMxS:EU-FRANKFURT-1-AD-2,cl-ba-xedc2-tqvm3,Database,Database Exadata Cloud at Customer - Database OCPU,B91363,7.500078,6.0,
TEST,2024-11-27 15:00:00+00:00,2024-11-27 16:00:00+00:00,ocid1.vmcluster.oc1.eu-frankfurt-1.antheljtrvfrr5iacz3aicfdxbta4h4bsdrxm45m56i32axkbtxy2ratl4kq,DMxS:EU-FRANKFURT-1-AD-2,cl-ba-xedc2-tqvm3,Database,Database Exadata Cloud at Customer - Database OCPU,B91363,7.500078,6.0,
PROD,2024-11-27 15:00:00+00:00,2024-11-27 16:00:00+00:00,ocid1.vmcluster.oc1.eu-frankfurt-1.antheljrrvfrr5iawj32h5gbrsj4yjuv7y65xtmdwewxqhedhfolqmkknbha,DMxS:EU-FRANKFURT-1-AD-1,cl-ba-xedc1-pqvm1,Database,Database Exadata Cloud at Customer - Database OCPU,B91363,47.500494,38.0,
TEST,2024-11-27 15:00:00+00:00,2024-11-27 16:00:00+00:00,ocid1.vmcluster.oc1.eu-frankfurt-1.antheljrrvfrr5iaiakdi5rxfl73notvt6tf6lslsueauptbt2dok4ptucdq,DMxS:EU-FRANKFURT-1-AD-1,cl-ba-xedc1-tqvm3,Database,Database Exadata Cloud at Customer - Database OCPU,B91363,7.500078,6.0,
PROD,2024-11-27 15:00:00+00:00,2024-11-27 16:00:00+00:00,ocid1.vmcluster.oc1.eu-frankfurt-1.antheljtrvfrr5iaj2hikuptdl6xbuuec267chmo2k3iubjw2fhemzbhmksa,DMxS:EU-FRANKFURT-1-AD-2,cl-ba-xedc2-pqvm1,Database,Database Exadata Cloud at Customer - Database OCPU,B91363,30.000312,24.0,
TEST,2024-11-27 16:00:00+00:00,2024-11-27 17:00:00+00:00,ocid1.vmcluster.oc1.eu-frankfurt-1.antheljrrvfrr5iaiakdi5rxfl73notvt6tf6lslsueauptbt2dok4ptucdq,DMxS:EU-FRANKFURT-1-AD-1,cl-ba-xedc1-tqvm3,Database,Database Exadata Cloud at Customer - Database OCPU,B91363,7.500078,6.0,
TEST,2024-11-27 16:00:00+00:00,2024-11-27 17:00:00+00:00,ocid1.vmcluster.oc1.eu-frankfurt-1.antheljtrvfrr5iacz3aicfdxbta4h4bsdrxm45m56i32axkbtxy2ratl4kq,DMxS:EU-FRANKFURT-1-AD-2,cl-ba-xedc2-tqvm3,Database,Database Exadata Cloud at Customer - Database OCPU,B91363,7.500078,6.0,
PROD,2024-11-27 16:00:00+00:00,2024-11-27 17:00:00+00:00,ocid1.vmcluster.oc1.eu-frankfurt-1.antheljtrvfrr5iaj2hikuptdl6xbuuec267chmo2k3iubjw2fhemzbhmksa,DMxS:EU-FRANKFURT-1-AD-2,cl-ba-xedc2-pqvm1,Database,Database Exadata Cloud at Customer - Database OCPU,B91363,30.000312,24.0,
PROD,2024-11-27 16:00:00+00:00,2024-11-27 17:00:00+00:00,ocid1.vmcluster.oc1.eu-frankfurt-1.antheljrrvfrr5iawj32h5gbrsj4yjuv7y65xtmdwewxqhedhfolqmkknbha,DMxS:EU-FRANKFURT-1-AD-1,cl-ba-xedc1-pqvm1,Database,Database Exadata Cloud at Customer - Database OCPU,B91363,47.500494,38.0,
TEST,2024-11-27 17:00:00+00:00,2024-11-27 18:00:00+00:00,ocid1.vmcluster.oc1.eu-frankfurt-1.antheljrrvfrr5iaiakdi5rxfl73notvt6tf6lslsueauptbt2dok4ptucdq,DMxS:EU-FRANKFURT-1-AD-1,cl-ba-xedc1-tqvm3,Database,Database Exadata Cloud at Customer - Database OCPU,B91363,7.500078,6.0,
PROD,2024-11-27 17:00:00+00:00,2024-11-27 18:00:00+00:00,ocid1.vmcluster.oc1.eu-frankfurt-1.antheljrrvfrr5iawj32h5gbrsj4yjuv7y65xtmdwewxqhedhfolqmkknbha,DMxS:EU-FRANKFURT-1-AD-1,cl-ba-xedc1-pqvm1,Database,Database Exadata Cloud at Customer - Database OCPU,B91363,47.500494,38.0,
PROD,2024-11-27 17:00:00+00:00,2024-11-27 18:00:00+00:00,ocid1.vmcluster.oc1.eu-frankfurt-1.antheljtrvfrr5iaj2hikuptdl6xbuuec267chmo2k3iubjw2fhemzbhmksa,DMxS:EU-FRANKFURT-1-AD-2,cl-ba-xedc2-pqvm1,Database,Database Exadata Cloud at Customer - Database OCPU,B91363,30.000312,24.0,
TEST,2024-11-27 17:00:00+00:00,2024-11-27 18:00:00+00:00,ocid1.vmcluster.oc1.eu-frankfurt-1.antheljtrvfrr5iacz3aicfdxbta4h4bsdrxm45m56i32axkbtxy2ratl4kq,DMxS:EU-FRANKFURT-1-AD-2,cl-ba-xedc2-tqvm3,Database,Database Exadata Cloud at Customer - Database OCPU,B91363,7.500078,6.0,
PROD,2024-11-27 18:00:00+00:00,2024-11-27 19:00:00+00:00,ocid1.vmcluster.oc1.eu-frankfurt-1.antheljrrvfrr5iawj32h5gbrsj4yjuv7y65xtmdwewxqhedhfolqmkknbha,DMxS:EU-FRANKFURT-1-AD-1,cl-ba-xedc1-pqvm1,Database,Database Exadata Cloud at Customer - Database OCPU,B91363,47.500494,38.0,
TEST,2024-11-27 18:00:00+00:00,2024-11-27 19:00:00+00:00,ocid1.vmcluster.oc1.eu-frankfurt-1.antheljtrvfrr5iacz3aicfdxbta4h4bsdrxm45m56i32axkbtxy2ratl4kq,DMxS:EU-FRANKFURT-1-AD-2,cl-ba-xedc2-tqvm3,Database,Database Exadata Cloud at Customer - Database OCPU,B91363,7.500078,6.0,
PROD,2024-11-27 18:00:00+00:00,2024-11-27 19:00:00+00:00,ocid1.vmcluster.oc1.eu-frankfurt-1.antheljtrvfrr5iaj2hikuptdl6xbuuec267chmo2k3iubjw2fhemzbhmksa,DMxS:EU-FRANKFURT-1-AD-2,cl-ba-xedc2-pqvm1,Database,Database Exadata Cloud at Customer - Database OCPU,B91363,30.000312,24.0,
TEST,2024-11-27 18:00:00+00:00,2024-11-27 19:00:00+00:00,ocid1.vmcluster.oc1.eu-frankfurt-1.antheljrrvfrr5iaiakdi5rxfl73notvt6tf6lslsueauptbt2dok4ptucdq,DMxS:EU-FRANKFURT-1-AD-1,cl-ba-xedc1-tqvm3,Database,Database Exadata Cloud at Customer - Database OCPU,B91363,7.500078,6.0,
TEST,2024-11-27 19:00:00+00:00,2024-11-27 20:00:00+00:00,ocid1.vmcluster.oc1.eu-frankfurt-1.antheljtrvfrr5iacz3aicfdxbta4h4bsdrxm45m56i32axkbtxy2ratl4kq,DMxS:EU-FRANKFURT-1-AD-2,cl-ba-xedc2-tqvm3,Database,Database Exadata Cloud at Customer - Database OCPU,B91363,7.500078,6.0,
PROD,2024-11-27 19:00:00+00:00,2024-11-27 20:00:00+00:00,ocid1.vmcluster.oc1.eu-frankfurt-1.antheljtrvfrr5iaj2hikuptdl6xbuuec267chmo2k3iubjw2fhemzbhmksa,DMxS:EU-FRANKFURT-1-AD-2,cl-ba-xedc2-pqvm1,Database,Database Exadata Cloud at Customer - Database OCPU,B91363,30.000312,24.0,
TEST,2024-11-27 19:00:00+00:00,2024-11-27 20:00:00+00:00,ocid1.vmcluster.oc1.eu-frankfurt-1.antheljrrvfrr5iaiakdi5rxfl73notvt6tf6lslsueauptbt2dok4ptucdq,DMxS:EU-FRANKFURT-1-AD-1,cl-ba-xedc1-tqvm3,Database,Database Exadata Cloud at Customer - Database OCPU,B91363,7.500078,6.0,
PROD,2024-11-27 19:00:00+00:00,2024-11-27 20:00:00+00:00,ocid1.vmcluster.oc1.eu-frankfurt-1.antheljrrvfrr5iawj32h5gbrsj4yjuv7y65xtmdwewxqhedhfolqmkknbha,DMxS:EU-FRANKFURT-1-AD-1,cl-ba-xedc1-pqvm1,Database,Database Exadata Cloud at Customer - Database OCPU,B91363,47.500494,38.0,
PROD,2024-11-27 20:00:00+00:00,2024-11-27 21:00:00+00:00,ocid1.vmcluster.oc1.eu-frankfurt-1.antheljrrvfrr5iawj32h5gbrsj4yjuv7y65xtmdwewxqhedhfolqmkknbha,DMxS:EU-FRANKFURT-1-AD-1,cl-ba-xedc1-pqvm1,Database,Database Exadata Cloud at Customer - Database OCPU,B91363,47.500494,38.0,
PROD,2024-11-27 20:00:00+00:00,2024-11-27 21:00:00+00:00,ocid1.vmcluster.oc1.eu-frankfurt-1.antheljtrvfrr5iaj2hikuptdl6xbuuec267chmo2k3iubjw2fhemzbhmksa,DMxS:EU-FRANKFURT-1-AD-2,cl-ba-xedc2-pqvm1,Database,Database Exadata Cloud at Customer - Database OCPU,B91363,30.000312,24.0,
TEST,2024-11-27 20:00:00+00:00,2024-11-27 21:00:00+00:00,ocid1.vmcluster.oc1.eu-frankfurt-1.antheljtrvfrr5iacz3aicfdxbta4h4bsdrxm45m56i32axkbtxy2ratl4kq,DMxS:EU-FRANKFURT-1-AD-2,cl-ba-xedc2-tqvm3,Database,Database Exadata Cloud at Customer - Database OCPU,B91363,7.500078,6.0,
TEST,2024-11-27 20:00:00+00:00,2024-11-27 21:00:00+00:00,ocid1.vmcluster.oc1.eu-frankfurt-1.antheljrrvfrr5iaiakdi5rxfl73notvt6tf6lslsueauptbt2dok4ptucdq,DMxS:EU-FRANKFURT-1-AD-1,cl-ba-xedc1-tqvm3,Database,Database Exadata Cloud at Customer - Database OCPU,B91363,7.500078,6.0,
TEST,2024-11-27 21:00:00+00:00,2024-11-27 22:00:00+00:00,ocid1.vmcluster.oc1.eu-frankfurt-1.antheljtrvfrr5iacz3aicfdxbta4h4bsdrxm45m56i32axkbtxy2ratl4kq,DMxS:EU-FRANKFURT-1-AD-2,cl-ba-xedc2-tqvm3,Database,Database Exadata Cloud at Customer - Database OCPU,B91363,7.500078,6.0,
TEST,2024-11-27 21:00:00+00:00,2024-11-27 22:00:00+00:00,ocid1.vmcluster.oc1.eu-frankfurt-1.antheljrrvfrr5iaiakdi5rxfl73notvt6tf6lslsueauptbt2dok4ptucdq,DMxS:EU-FRANKFURT-1-AD-1,cl-ba-xedc1-tqvm3,Database,Database Exadata Cloud at Customer - Database OCPU,B91363,7.500078,6.0,
PROD,2024-11-27 21:00:00+00:00,2024-11-27 22:00:00+00:00,ocid1.vmcluster.oc1.eu-frankfurt-1.antheljtrvfrr5iaj2hikuptdl6xbuuec267chmo2k3iubjw2fhemzbhmksa,DMxS:EU-FRANKFURT-1-AD-2,cl-ba-xedc2-pqvm1,Database,Database Exadata Cloud at Customer - Database OCPU,B91363,30.000312,24.0,
PROD,2024-11-27 21:00:00+00:00,2024-11-27 22:00:00+00:00,ocid1.vmcluster.oc1.eu-frankfurt-1.antheljrrvfrr5iawj32h5gbrsj4yjuv7y65xtmdwewxqhedhfolqmkknbha,DMxS:EU-FRANKFURT-1-AD-1,cl-ba-xedc1-pqvm1,Database,Database Exadata Cloud at Customer - Database OCPU,B91363,47.500494,38.0,
PROD,2024-11-27 22:00:00+00:00,2024-11-27 23:00:00+00:00,ocid1.vmcluster.oc1.eu-frankfurt-1.antheljrrvfrr5iawj32h5gbrsj4yjuv7y65xtmdwewxqhedhfolqmkknbha,DMxS:EU-FRANKFURT-1-AD-1,cl-ba-xedc1-pqvm1,Database,Database Exadata Cloud at Customer - Database OCPU,B91363,47.500494,38.0,
TEST,2024-11-27 22:00:00+00:00,2024-11-27 23:00:00+00:00,ocid1.vmcluster.oc1.eu-frankfurt-1.antheljtrvfrr5iacz3aicfdxbta4h4bsdrxm45m56i32axkbtxy2ratl4kq,DMxS:EU-FRANKFURT-1-AD-2,cl-ba-xedc2-tqvm3,Database,Database Exadata Cloud at Customer - Database OCPU,B91363,7.500078,6.0,
PROD,2024-11-27 22:00:00+00:00,2024-11-27 23:00:00+00:00,ocid1.vmcluster.oc1.eu-frankfurt-1.antheljtrvfrr5iaj2hikuptdl6xbuuec267chmo2k3iubjw2fhemzbhmksa,DMxS:EU-FRANKFURT-1-AD-2,cl-ba-xedc2-pqvm1,Database,Database Exadata Cloud at Customer - Database OCPU,B91363,30.000312,24.0,
TEST,2024-11-27 22:00:00+00:00,2024-11-27 23:00:00+00:00,ocid1.vmcluster.oc1.eu-frankfurt-1.antheljrrvfrr5iaiakdi5rxfl73notvt6tf6lslsueauptbt2dok4ptucdq,DMxS:EU-FRANKFURT-1-AD-1,cl-ba-xedc1-tqvm3,Database,Database Exadata Cloud at Customer - Database OCPU,B91363,7.500078,6.0,
PROD,2024-11-27 23:00:00+00:00,2024-11-28 00:00:00+00:00,ocid1.vmcluster.oc1.eu-frankfurt-1.antheljtrvfrr5iaj2hikuptdl6xbuuec267chmo2k3iubjw2fhemzbhmksa,DMxS:EU-FRANKFURT-1-AD-2,cl-ba-xedc2-pqvm1,Database,Database Exadata Cloud at Customer - Database OCPU,B91363,30.000312,24.0,
TEST,2024-11-27 23:00:00+00:00,2024-11-28 00:00:00+00:00,ocid1.vmcluster.oc1.eu-frankfurt-1.antheljtrvfrr5iacz3aicfdxbta4h4bsdrxm45m56i32axkbtxy2ratl4kq,DMxS:EU-FRANKFURT-1-AD-2,cl-ba-xedc2-tqvm3,Database,Database Exadata Cloud at Customer - Database OCPU,B91363,7.500078,6.0,
TEST,2024-11-27 23:00:00+00:00,2024-11-28 00:00:00+00:00,ocid1.vmcluster.oc1.eu-frankfurt-1.antheljrrvfrr5iaiakdi5rxfl73notvt6tf6lslsueauptbt2dok4ptucdq,DMxS:EU-FRANKFURT-1-AD-1,cl-ba-xedc1-tqvm3,Database,Database Exadata Cloud at Customer - Database OCPU,B91363,7.500078,6.0,
PROD,2024-11-27 23:00:00+00:00,2024-11-28 00:00:00+00:00,ocid1.vmcluster.oc1.eu-frankfurt-1.antheljrrvfrr5iawj32h5gbrsj4yjuv7y65xtmdwewxqhedhfolqmkknbha,DMxS:EU-FRANKFURT-1-AD-1,cl-ba-xedc1-pqvm1,Database,Database Exadata Cloud at Customer - Database OCPU,B91363,47.500494,38.0,
PROD,2024-11-28 00:00:00+00:00,2024-11-28 01:00:00+00:00,ocid1.vmcluster.oc1.eu-frankfurt-1.antheljrrvfrr5iawj32h5gbrsj4yjuv7y65xtmdwewxqhedhfolqmkknbha,DMxS:EU-FRANKFURT-1-AD-1,cl-ba-xedc1-pqvm1,Database,Database Exadata Cloud at Customer - Database OCPU,B91363,47.500494,38.0,
TEST,2024-11-28 00:00:00+00:00,2024-11-28 01:00:00+00:00,ocid1.vmcluster.oc1.eu-frankfurt-1.antheljrrvfrr5iaiakdi5rxfl73notvt6tf6lslsueauptbt2dok4ptucdq,DMxS:EU-FRANKFURT-1-AD-1,cl-ba-xedc1-tqvm3,Database,Database Exadata Cloud at Customer - Database OCPU,B91363,7.500078,6.0,
TEST,2024-11-28 00:00:00+00:00,2024-11-28 01:00:00+00:00,ocid1.vmcluster.oc1.eu-frankfurt-1.antheljtrvfrr5iacz3aicfdxbta4h4bsdrxm45m56i32axkbtxy2ratl4kq,DMxS:EU-FRANKFURT-1-AD-2,cl-ba-xedc2-tqvm3,Database,Database Exadata Cloud at Customer - Database OCPU,B91363,7.500078,6.0,
PROD,2024-11-28 00:00:00+00:00,2024-11-28 01:00:00+00:00,ocid1.vmcluster.oc1.eu-frankfurt-1.antheljtrvfrr5iaj2hikuptdl6xbuuec267chmo2k3iubjw2fhemzbhmksa,DMxS:EU-FRANKFURT-1-AD-2,cl-ba-xedc2-pqvm1,Database,Database Exadata Cloud at Customer - Database OCPU,B91363,30.000312,24.0,
PROD,2024-11-28 01:00:00+00:00,2024-11-28 02:00:00+00:00,ocid1.vmcluster.oc1.eu-frankfurt-1.antheljtrvfrr5iaj2hikuptdl6xbuuec267chmo2k3iubjw2fhemzbhmksa,DMxS:EU-FRANKFURT-1-AD-2,cl-ba-xedc2-pqvm1,Database,Database Exadata Cloud at Customer - Database OCPU,B91363,30.000312,24.0,
TEST,2024-11-28 01:00:00+00:00,2024-11-28 02:00:00+00:00,ocid1.vmcluster.oc1.eu-frankfurt-1.antheljrrvfrr5iaiakdi5rxfl73notvt6tf6lslsueauptbt2dok4ptucdq,DMxS:EU-FRANKFURT-1-AD-1,cl-ba-xedc1-tqvm3,Database,Database Exadata Cloud at Customer - Database OCPU,B91363,7.500078,6.0,
PROD,2024-11-28 01:00:00+00:00,2024-11-28 02:00:00+00:00,ocid1.vmcluster.oc1.eu-frankfurt-1.antheljrrvfrr5iawj32h5gbrsj4yjuv7y65xtmdwewxqhedhfolqmkknbha,DMxS:EU-FRANKFURT-1-AD-1,cl-ba-xedc1-pqvm1,Database,Database Exadata Cloud at Customer - Database OCPU,B91363,47.500494,38.0,
TEST,2024-11-28 01:00:00+00:00,2024-11-28 02:00:00+00:00,ocid1.vmcluster.oc1.eu-frankfurt-1.antheljtrvfrr5iacz3aicfdxbta4h4bsdrxm45m56i32axkbtxy2ratl4kq,DMxS:EU-FRANKFURT-1-AD-2,cl-ba-xedc2-tqvm3,Database,Database Exadata Cloud at Customer - Database OCPU,B91363,7.500078,6.0,
TEST,2024-11-28 02:00:00+00:00,2024-11-28 03:00:00+00:00,ocid1.vmcluster.oc1.eu-frankfurt-1.antheljtrvfrr5iacz3aicfdxbta4h4bsdrxm45m56i32axkbtxy2ratl4kq,DMxS:EU-FRANKFURT-1-AD-2,cl-ba-xedc2-tqvm3,Database,Database Exadata Cloud at Customer - Database OCPU,B91363,7.500078,6.0,
TEST,2024-11-28 02:00:00+00:00,2024-11-28 03:00:00+00:00,ocid1.vmcluster.oc1.eu-frankfurt-1.antheljrrvfrr5iaiakdi5rxfl73notvt6tf6lslsueauptbt2dok4ptucdq,DMxS:EU-FRANKFURT-1-AD-1,cl-ba-xedc1-tqvm3,Database,Database Exadata Cloud at Customer - Database OCPU,B91363,7.500078,6.0,
PROD,2024-11-28 02:00:00+00:00,2024-11-28 03:00:00+00:00,ocid1.vmcluster.oc1.eu-frankfurt-1.antheljtrvfrr5iaj2hikuptdl6xbuuec267chmo2k3iubjw2fhemzbhmksa,DMxS:EU-FRANKFURT-1-AD-2,cl-ba-xedc2-pqvm1,Database,Database Exadata Cloud at Customer - Database OCPU,B91363,30.000312,24.0,
PROD,2024-11-28 02:00:00+00:00,2024-11-28 03:00:00+00:00,ocid1.vmcluster.oc1.eu-frankfurt-1.antheljrrvfrr5iawj32h5gbrsj4yjuv7y65xtmdwewxqhedhfolqmkknbha,DMxS:EU-FRANKFURT-1-AD-1,cl-ba-xedc1-pqvm1,Database,Database Exadata Cloud at Customer - Database OCPU,B91363,47.500494,38.0,
TEST,2024-11-28 03:00:00+00:00,2024-11-28 04:00:00+00:00,ocid1.vmcluster.oc1.eu-frankfurt-1.antheljtrvfrr5iacz3aicfdxbta4h4bsdrxm45m56i32axkbtxy2ratl4kq,DMxS:EU-FRANKFURT-1-AD-2,cl-ba-xedc2-tqvm3,Database,Database Exadata Cloud at Customer - Database OCPU,B91363,7.500078,6.0,
PROD,2024-11-28 03:00:00+00:00,2024-11-28 04:00:00+00:00,ocid1.vmcluster.oc1.eu-frankfurt-1.antheljrrvfrr5iawj32h5gbrsj4yjuv7y65xtmdwewxqhedhfolqmkknbha,DMxS:EU-FRANKFURT-1-AD-1,cl-ba-xedc1-pqvm1,Database,Database Exadata Cloud at Customer - Database OCPU,B91363,47.500494,38.0,
PROD,2024-11-28 03:00:00+00:00,2024-11-28 04:00:00+00:00,ocid1.vmcluster.oc1.eu-frankfurt-1.antheljtrvfrr5iaj2hikuptdl6xbuuec267chmo2k3iubjw2fhemzbhmksa,DMxS:EU-FRANKFURT-1-AD-2,cl-ba-xedc2-pqvm1,Database,Database Exadata Cloud at Customer - Database OCPU,B91363,30.000312,24.0,
TEST,2024-11-28 03:00:00+00:00,2024-11-28 04:00:00+00:00,ocid1.vmcluster.oc1.eu-frankfurt-1.antheljrrvfrr5iaiakdi5rxfl73notvt6tf6lslsueauptbt2dok4ptucdq,DMxS:EU-FRANKFURT-1-AD-1,cl-ba-xedc1-tqvm3,Database,Database Exadata Cloud at Customer - Database OCPU,B91363,7.500078,6.0,
PROD,2024-11-28 04:00:00+00:00,2024-11-28 05:00:00+00:00,ocid1.vmcluster.oc1.eu-frankfurt-1.antheljrrvfrr5iawj32h5gbrsj4yjuv7y65xtmdwewxqhedhfolqmkknbha,DMxS:EU-FRANKFURT-1-AD-1,cl-ba-xedc1-pqvm1,Database,Database Exadata Cloud at Customer - Database OCPU,B91363,47.500494,38.0,
TEST,2024-11-28 04:00:00+00:00,2024-11-28 05:00:00+00:00,ocid1.vmcluster.oc1.eu-frankfurt-1.antheljrrvfrr5iaiakdi5rxfl73notvt6tf6lslsueauptbt2dok4ptucdq,DMxS:EU-FRANKFURT-1-AD-1,cl-ba-xedc1-tqvm3,Database,Database Exadata Cloud at Customer - Database OCPU,B91363,7.500078,6.0,
TEST,2024-11-28 04:00:00+00:00,2024-11-28 05:00:00+00:00,ocid1.vmcluster.oc1.eu-frankfurt-1.antheljtrvfrr5iacz3aicfdxbta4h4bsdrxm45m56i32axkbtxy2ratl4kq,DMxS:EU-FRANKFURT-1-AD-2,cl-ba-xedc2-tqvm3,Database,Database Exadata Cloud at Customer - Database OCPU,B91363,7.500078,6.0,
PROD,2024-11-28 04:00:00+00:00,2024-11-28 05:00:00+00:00,ocid1.vmcluster.oc1.eu-frankfurt-1.antheljtrvfrr5iaj2hikuptdl6xbuuec267chmo2k3iubjw2fhemzbhmksa,DMxS:EU-FRANKFURT-1-AD-2,cl-ba-xedc2-pqvm1,Database,Database Exadata Cloud at Customer - Database OCPU,B91363,30.000312,24.0,
PROD,2024-11-28 05:00:00+00:00,2024-11-28 06:00:00+00:00,ocid1.vmcluster.oc1.eu-frankfurt-1.antheljtrvfrr5iaj2hikuptdl6xbuuec267chmo2k3iubjw2fhemzbhmksa,DMxS:EU-FRANKFURT-1-AD-2,cl-ba-xedc2-pqvm1,Database,Database Exadata Cloud at Customer - Database OCPU,B91363,30.000312,24.0,
PROD,2024-11-28 05:00:00+00:00,2024-11-28 06:00:00+00:00,ocid1.vmcluster.oc1.eu-frankfurt-1.antheljrrvfrr5iawj32h5gbrsj4yjuv7y65xtmdwewxqhedhfolqmkknbha,DMxS:EU-FRANKFURT-1-AD-1,cl-ba-xedc1-pqvm1,Database,Database Exadata Cloud at Customer - Database OCPU,B91363,47.500494,38.0,
TEST,2024-11-28 05:00:00+00:00,2024-11-28 06:00:00+00:00,ocid1.vmcluster.oc1.eu-frankfurt-1.antheljrrvfrr5iaiakdi5rxfl73notvt6tf6lslsueauptbt2dok4ptucdq,DMxS:EU-FRANKFURT-1-AD-1,cl-ba-xedc1-tqvm3,Database,Database Exadata Cloud at Customer - Database OCPU,B91363,7.500078,6.0,
TEST,2024-11-28 05:00:00+00:00,2024-11-28 06:00:00+00:00,ocid1.vmcluster.oc1.eu-frankfurt-1.antheljtrvfrr5iacz3aicfdxbta4h4bsdrxm45m56i32axkbtxy2ratl4kq,DMxS:EU-FRANKFURT-1-AD-2,cl-ba-xedc2-tqvm3,Database,Database Exadata Cloud at Customer - Database OCPU,B91363,7.500078,6.0,
PROD,2024-11-28 06:00:00+00:00,2024-11-28 07:00:00+00:00,ocid1.vmcluster.oc1.eu-frankfurt-1.antheljtrvfrr5iaj2hikuptdl6xbuuec267chmo2k3iubjw2fhemzbhmksa,DMxS:EU-FRANKFURT-1-AD-2,cl-ba-xedc2-pqvm1,Database,Database Exadata Cloud at Customer - Database OCPU,B91363,30.000312,24.0,
TEST,2024-11-28 06:00:00+00:00,2024-11-28 07:00:00+00:00,ocid1.vmcluster.oc1.eu-frankfurt-1.antheljtrvfrr5iacz3aicfdxbta4h4bsdrxm45m56i32axkbtxy2ratl4kq,DMxS:EU-FRANKFURT-1-AD-2,cl-ba-xedc2-tqvm3,Database,Database Exadata Cloud at Customer - Database OCPU,B91363,7.500078,6.0,
PROD,2024-11-28 06:00:00+00:00,2024-11-28 07:00:00+00:00,ocid1.vmcluster.oc1.eu-frankfurt-1.antheljrrvfrr5iawj32h5gbrsj4yjuv7y65xtmdwewxqhedhfolqmkknbha,DMxS:EU-FRANKFURT-1-AD-1,cl-ba-xedc1-pqvm1,Database,Database Exadata Cloud at Customer - Database OCPU,B91363,47.500494,38.0,
TEST,2024-11-28 06:00:00+00:00,2024-11-28 07:00:00+00:00,ocid1.vmcluster.oc1.eu-frankfurt-1.antheljrrvfrr5iaiakdi5rxfl73notvt6tf6lslsueauptbt2dok4ptucdq,DMxS:EU-FRANKFURT-1-AD-1,cl-ba-xedc1-tqvm3,Database,Database Exadata Cloud at Customer - Database OCPU,B91363,7.500078,6.0,
TEST,2024-11-28 07:00:00+00:00,2024-11-28 08:00:00+00:00,ocid1.vmcluster.oc1.eu-frankfurt-1.antheljtrvfrr5iacz3aicfdxbta4h4bsdrxm45m56i32axkbtxy2ratl4kq,DMxS:EU-FRANKFURT-1-AD-2,cl-ba-xedc2-tqvm3,Database,Database Exadata Cloud at Customer - Database OCPU,B91363,7.500078,6.0,
PROD,2024-11-28 07:00:00+00:00,2024-11-28 08:00:00+00:00,ocid1.vmcluster.oc1.eu-frankfurt-1.antheljrrvfrr5iawj32h5gbrsj4yjuv7y65xtmdwewxqhedhfolqmkknbha,DMxS:EU-FRANKFURT-1-AD-1,cl-ba-xedc1-pqvm1,Database,Database Exadata Cloud at Customer - Database OCPU,B91363,47.500494,38.0,
PROD,2024-11-28 07:00:00+00:00,2024-11-28 08:00:00+00:00,ocid1.vmcluster.oc1.eu-frankfurt-1.antheljtrvfrr5iaj2hikuptdl6xbuuec267chmo2k3iubjw2fhemzbhmksa,DMxS:EU-FRANKFURT-1-AD-2,cl-ba-xedc2-pqvm1,Database,Database Exadata Cloud at Customer - Database OCPU,B91363,30.000312,24.0,
TEST,2024-11-28 07:00:00+00:00,2024-11-28 08:00:00+00:00,ocid1.vmcluster.oc1.eu-frankfurt-1.antheljrrvfrr5iaiakdi5rxfl73notvt6tf6lslsueauptbt2dok4ptucdq,DMxS:EU-FRANKFURT-1-AD-1,cl-ba-xedc1-tqvm3,Database,Database Exadata Cloud at Customer - Database OCPU,B91363,7.500078,6.0,
TEST,2024-11-28 08:00:00+00:00,2024-11-28 09:00:00+00:00,ocid1.vmcluster.oc1.eu-frankfurt-1.antheljtrvfrr5iacz3aicfdxbta4h4bsdrxm45m56i32axkbtxy2ratl4kq,DMxS:EU-FRANKFURT-1-AD-2,cl-ba-xedc2-tqvm3,Database,Database Exadata Cloud at Customer - Database OCPU,B91363,7.500078,6.0,
TEST,2024-11-28 08:00:00+00:00,2024-11-28 09:00:00+00:00,ocid1.vmcluster.oc1.eu-frankfurt-1.antheljrrvfrr5iaiakdi5rxfl73notvt6tf6lslsueauptbt2dok4ptucdq,DMxS:EU-FRANKFURT-1-AD-1,cl-ba-xedc1-tqvm3,Database,Database Exadata Cloud at Customer - Database OCPU,B91363,7.500078,6.0,
PROD,2024-11-28 08:00:00+00:00,2024-11-28 09:00:00+00:00,ocid1.vmcluster.oc1.eu-frankfurt-1.antheljrrvfrr5iawj32h5gbrsj4yjuv7y65xtmdwewxqhedhfolqmkknbha,DMxS:EU-FRANKFURT-1-AD-1,cl-ba-xedc1-pqvm1,Database,Database Exadata Cloud at Customer - Database OCPU,B91363,47.500494,38.0,
PROD,2024-11-28 08:00:00+00:00,2024-11-28 09:00:00+00:00,ocid1.vmcluster.oc1.eu-frankfurt-1.antheljtrvfrr5iaj2hikuptdl6xbuuec267chmo2k3iubjw2fhemzbhmksa,DMxS:EU-FRANKFURT-1-AD-2,cl-ba-xedc2-pqvm1,Database,Database Exadata Cloud at Customer - Database OCPU,B91363,30.000312,24.0,
TEST,2024-11-28 09:00:00+00:00,2024-11-28 10:00:00+00:00,ocid1.vmcluster.oc1.eu-frankfurt-1.antheljtrvfrr5iacz3aicfdxbta4h4bsdrxm45m56i32axkbtxy2ratl4kq,DMxS:EU-FRANKFURT-1-AD-2,cl-ba-xedc2-tqvm3,Database,Database Exadata Cloud at Customer - Database OCPU,B91363,7.500078,6.0,
PROD,2024-11-28 09:00:00+00:00,2024-11-28 10:00:00+00:00,ocid1.vmcluster.oc1.eu-frankfurt-1.antheljtrvfrr5iaj2hikuptdl6xbuuec267chmo2k3iubjw2fhemzbhmksa,DMxS:EU-FRANKFURT-1-AD-2,cl-ba-xedc2-pqvm1,Database,Database Exadata Cloud at Customer - Database OCPU,B91363,30.000312,24.0,
TEST,2024-11-28 09:00:00+00:00,2024-11-28 10:00:00+00:00,ocid1.vmcluster.oc1.eu-frankfurt-1.antheljrrvfrr5iaiakdi5rxfl73notvt6tf6lslsueauptbt2dok4ptucdq,DMxS:EU-FRANKFURT-1-AD-1,cl-ba-xedc1-tqvm3,Database,Database Exadata Cloud at Customer - Database OCPU,B91363,7.500078,6.0,
PROD,2024-11-28 09:00:00+00:00,2024-11-28 10:00:00+00:00,ocid1.vmcluster.oc1.eu-frankfurt-1.antheljrrvfrr5iawj32h5gbrsj4yjuv7y65xtmdwewxqhedhfolqmkknbha,DMxS:EU-FRANKFURT-1-AD-1,cl-ba-xedc1-pqvm1,Database,Database Exadata Cloud at Customer - Database OCPU,B91363,47.500494,38.0,
PROD,2024-11-28 10:00:00+00:00,2024-11-28 11:00:00+00:00,ocid1.vmcluster.oc1.eu-frankfurt-1.antheljrrvfrr5iawj32h5gbrsj4yjuv7y65xtmdwewxqhedhfolqmkknbha,DMxS:EU-FRANKFURT-1-AD-1,cl-ba-xedc1-pqvm1,Database,Database Exadata Cloud at Customer - Database OCPU,B91363,47.500494,38.0,
TEST,2024-11-28 10:00:00+00:00,2024-11-28 11:00:00+00:00,ocid1.vmcluster.oc1.eu-frankfurt-1.antheljrrvfrr5iaiakdi5rxfl73notvt6tf6lslsueauptbt2dok4ptucdq,DMxS:EU-FRANKFURT-1-AD-1,cl-ba-xedc1-tqvm3,Database,Database Exadata Cloud at Customer - Database OCPU,B91363,7.500078,6.0,
PROD,2024-11-28 10:00:00+00:00,2024-11-28 11:00:00+00:00,ocid1.vmcluster.oc1.eu-frankfurt-1.antheljtrvfrr5iaj2hikuptdl6xbuuec267chmo2k3iubjw2fhemzbhmksa,DMxS:EU-FRANKFURT-1-AD-2,cl-ba-xedc2-pqvm1,Database,Database Exadata Cloud at Customer - Database OCPU,B91363,30.000312,24.0,
TEST,2024-11-28 10:00:00+00:00,2024-11-28 11:00:00+00:00,ocid1.vmcluster.oc1.eu-frankfurt-1.antheljtrvfrr5iacz3aicfdxbta4h4bsdrxm45m56i32axkbtxy2ratl4kq,DMxS:EU-FRANKFURT-1-AD-2,cl-ba-xedc2-tqvm3,Database,Database Exadata Cloud at Customer - Database OCPU,B91363,7.500078,6.0,
TEST,2024-11-28 11:00:00+00:00,2024-11-28 12:00:00+00:00,ocid1.vmcluster.oc1.eu-frankfurt-1.antheljrrvfrr5iaiakdi5rxfl73notvt6tf6lslsueauptbt2dok4ptucdq,DMxS:EU-FRANKFURT-1-AD-1,cl-ba-xedc1-tqvm3,Database,Database Exadata Cloud at Customer - Database OCPU,B91363,7.500078,6.0,
PROD,2024-11-28 11:00:00+00:00,2024-11-28 12:00:00+00:00,ocid1.vmcluster.oc1.eu-frankfurt-1.antheljtrvfrr5iaj2hikuptdl6xbuuec267chmo2k3iubjw2fhemzbhmksa,DMxS:EU-FRANKFURT-1-AD-2,cl-ba-xedc2-pqvm1,Database,Database Exadata Cloud at Customer - Database OCPU,B91363,30.000312,24.0,
PROD,2024-11-28 11:00:00+00:00,2024-11-28 12:00:00+00:00,ocid1.vmcluster.oc1.eu-frankfurt-1.antheljrrvfrr5iawj32h5gbrsj4yjuv7y65xtmdwewxqhedhfolqmkknbha,DMxS:EU-FRANKFURT-1-AD-1,cl-ba-xedc1-pqvm1,Database,Database Exadata Cloud at Customer - Database OCPU,B91363,47.500494,38.0,
TEST,2024-11-28 11:00:00+00:00,2024-11-28 12:00:00+00:00,ocid1.vmcluster.oc1.eu-frankfurt-1.antheljtrvfrr5iacz3aicfdxbta4h4bsdrxm45m56i32axkbtxy2ratl4kq,DMxS:EU-FRANKFURT-1-AD-2,cl-ba-xedc2-tqvm3,Database,Database Exadata Cloud at Customer - Database OCPU,B91363,7.500078,6.0,
PROD,2024-11-28 12:00:00+00:00,2024-11-28 13:00:00+00:00,ocid1.vmcluster.oc1.eu-frankfurt-1.antheljrrvfrr5iawj32h5gbrsj4yjuv7y65xtmdwewxqhedhfolqmkknbha,DMxS:EU-FRANKFURT-1-AD-1,cl-ba-xedc1-pqvm1,Database,Database Exadata Cloud at Customer - Database OCPU,B91363,47.500494,38.0,
TEST,2024-11-28 12:00:00+00:00,2024-11-28 13:00:00+00:00,ocid1.vmcluster.oc1.eu-frankfurt-1.antheljtrvfrr5iacz3aicfdxbta4h4bsdrxm45m56i32axkbtxy2ratl4kq,DMxS:EU-FRANKFURT-1-AD-2,cl-ba-xedc2-tqvm3,Database,Database Exadata Cloud at Customer - Database OCPU,B91363,7.500078,6.0,
PROD,2024-11-28 12:00:00+00:00,2024-11-28 13:00:00+00:00,ocid1.vmcluster.oc1.eu-frankfurt-1.antheljtrvfrr5iaj2hikuptdl6xbuuec267chmo2k3iubjw2fhemzbhmksa,DMxS:EU-FRANKFURT-1-AD-2,cl-ba-xedc2-pqvm1,Database,Database Exadata Cloud at Customer - Database OCPU,B91363,30.000312,24.0,
TEST,2024-11-28 12:00:00+00:00,2024-11-28 13:00:00+00:00,ocid1.vmcluster.oc1.eu-frankfurt-1.antheljrrvfrr5iaiakdi5rxfl73notvt6tf6lslsueauptbt2dok4ptucdq,DMxS:EU-FRANKFURT-1-AD-1,cl-ba-xedc1-tqvm3,Database,Database Exadata Cloud at Customer - Database OCPU,B91363,7.500078,6.0,
TEST,2024-11-28 13:00:00+00:00,2024-11-28 14:00:00+00:00,ocid1.vmcluster.oc1.eu-frankfurt-1.antheljrrvfrr5iaiakdi5rxfl73notvt6tf6lslsueauptbt2dok4ptucdq,DMxS:EU-FRANKFURT-1-AD-1,cl-ba-xedc1-tqvm3,Database,Database Exadata Cloud at Customer - Database OCPU,B91363,7.500078,6.0,
PROD,2024-11-28 13:00:00+00:00,2024-11-28 14:00:00+00:00,ocid1.vmcluster.oc1.eu-frankfurt-1.antheljtrvfrr5iaj2hikuptdl6xbuuec267chmo2k3iubjw2fhemzbhmksa,DMxS:EU-FRANKFURT-1-AD-2,cl-ba-xedc2-pqvm1,Database,Database Exadata Cloud at Customer - Database OCPU,B91363,30.000312,24.0,
PROD,2024-11-28 13:00:00+00:00,2024-11-28 14:00:00+00:00,ocid1.vmcluster.oc1.eu-frankfurt-1.antheljrrvfrr5iawj32h5gbrsj4yjuv7y65xtmdwewxqhedhfolqmkknbha,DMxS:EU-FRANKFURT-1-AD-1,cl-ba-xedc1-pqvm1,Database,Database Exadata Cloud at Customer - Database OCPU,B91363,47.500494,38.0,
TEST,2024-11-28 13:00:00+00:00,2024-11-28 14:00:00+00:00,ocid1.vmcluster.oc1.eu-frankfurt-1.antheljtrvfrr5iacz3aicfdxbta4h4bsdrxm45m56i32axkbtxy2ratl4kq,DMxS:EU-FRANKFURT-1-AD-2,cl-ba-xedc2-tqvm3,Database,Database Exadata Cloud at Customer - Database OCPU,B91363,7.500078,6.0,
PROD,2024-11-28 14:00:00+00:00,2024-11-28 15:00:00+00:00,ocid1.vmcluster.oc1.eu-frankfurt-1.antheljtrvfrr5iaj2hikuptdl6xbuuec267chmo2k3iubjw2fhemzbhmksa,DMxS:EU-FRANKFURT-1-AD-2,cl-ba-xedc2-pqvm1,Database,Database Exadata Cloud at Customer - Database OCPU,B91363,30.000312,24.0,
TEST,2024-11-28 14:00:00+00:00,2024-11-28 15:00:00+00:00,ocid1.vmcluster.oc1.eu-frankfurt-1.antheljtrvfrr5iacz3aicfdxbta4h4bsdrxm45m56i32axkbtxy2ratl4kq,DMxS:EU-FRANKFURT-1-AD-2,cl-ba-xedc2-tqvm3,Database,Database Exadata Cloud at Customer - Database OCPU,B91363,7.500078,6.0,
TEST,2024-11-28 14:00:00+00:00,2024-11-28 15:00:00+00:00,ocid1.vmcluster.oc1.eu-frankfurt-1.antheljrrvfrr5iaiakdi5rxfl73notvt6tf6lslsueauptbt2dok4ptucdq,DMxS:EU-FRANKFURT-1-AD-1,cl-ba-xedc1-tqvm3,Database,Database Exadata Cloud at Customer - Database OCPU,B91363,7.500078,6.0,
PROD,2024-11-28 14:00:00+00:00,2024-11-28 15:00:00+00:00,ocid1.vmcluster.oc1.eu-frankfurt-1.antheljrrvfrr5iawj32h5gbrsj4yjuv7y65xtmdwewxqhedhfolqmkknbha,DMxS:EU-FRANKFURT-1-AD-1,cl-ba-xedc1-pqvm1,Database,Database Exadata Cloud at Customer - Database OCPU,B91363,47.500494,38.0,
TEST,2024-11-28 15:00:00+00:00,2024-11-28 16:00:00+00:00,ocid1.vmcluster.oc1.eu-frankfurt-1.antheljrrvfrr5iaiakdi5rxfl73notvt6tf6lslsueauptbt2dok4ptucdq,DMxS:EU-FRANKFURT-1-AD-1,cl-ba-xedc1-tqvm3,Database,Database Exadata Cloud at Customer - Database OCPU,B91363,7.500078,6.0,
PROD,2024-11-28 15:00:00+00:00,2024-11-28 16:00:00+00:00,ocid1.vmcluster.oc1.eu-frankfurt-1.antheljrrvfrr5iawj32h5gbrsj4yjuv7y65xtmdwewxqhedhfolqmkknbha,DMxS:EU-FRANKFURT-1-AD-1,cl-ba-xedc1-pqvm1,Database,Database Exadata Cloud at Customer - Database OCPU,B91363,47.500494,38.0,
TEST,2024-11-28 15:00:00+00:00,2024-11-28 16:00:00+00:00,ocid1.vmcluster.oc1.eu-frankfurt-1.antheljtrvfrr5iacz3aicfdxbta4h4bsdrxm45m56i32axkbtxy2ratl4kq,DMxS:EU-FRANKFURT-1-AD-2,cl-ba-xedc2-tqvm3,Database,Database Exadata Cloud at Customer - Database OCPU,B91363,7.500078,6.0,
PROD,2024-11-28 15:00:00+00:00,2024-11-28 16:00:00+00:00,ocid1.vmcluster.oc1.eu-frankfurt-1.antheljtrvfrr5iaj2hikuptdl6xbuuec267chmo2k3iubjw2fhemzbhmksa,DMxS:EU-FRANKFURT-1-AD-2,cl-ba-xedc2-pqvm1,Database,Database Exadata Cloud at Customer - Database OCPU,B91363,30.000312,24.0,
TEST,2024-11-28 16:00:00+00:00,2024-11-28 17:00:00+00:00,ocid1.vmcluster.oc1.eu-frankfurt-1.antheljtrvfrr5iacz3aicfdxbta4h4bsdrxm45m56i32axkbtxy2ratl4kq,DMxS:EU-FRANKFURT-1-AD-2,cl-ba-xedc2-tqvm3,Database,Database Exadata Cloud at Customer - Database OCPU,B91363,7.500078,6.0,
TEST,2024-11-28 16:00:00+00:00,2024-11-28 17:00:00+00:00,ocid1.vmcluster.oc1.eu-frankfurt-1.antheljrrvfrr5iaiakdi5rxfl73notvt6tf6lslsueauptbt2dok4ptucdq,DMxS:EU-FRANKFURT-1-AD-1,cl-ba-xedc1-tqvm3,Database,Database Exadata Cloud at Customer - Database OCPU,B91363,7.500078,6.0,
PROD,2024-11-28 16:00:00+00:00,2024-11-28 17:00:00+00:00,ocid1.vmcluster.oc1.eu-frankfurt-1.antheljrrvfrr5iawj32h5gbrsj4yjuv7y65xtmdwewxqhedhfolqmkknbha,DMxS:EU-FRANKFURT-1-AD-1,cl-ba-xedc1-pqvm1,Database,Database Exadata Cloud at Customer - Database OCPU,B91363,47.500494,38.0,
PROD,2024-11-28 16:00:00+00:00,2024-11-28 17:00:00+00:00,ocid1.vmcluster.oc1.eu-frankfurt-1.antheljtrvfrr5iaj2hikuptdl6xbuuec267chmo2k3iubjw2fhemzbhmksa,DMxS:EU-FRANKFURT-1-AD-2,cl-ba-xedc2-pqvm1,Database,Database Exadata Cloud at Customer - Database OCPU,B91363,30.000312,24.0,
TEST,2024-11-28 17:00:00+00:00,2024-11-28 18:00:00+00:00,ocid1.vmcluster.oc1.eu-frankfurt-1.antheljtrvfrr5iacz3aicfdxbta4h4bsdrxm45m56i32axkbtxy2ratl4kq,DMxS:EU-FRANKFURT-1-AD-2,cl-ba-xedc2-tqvm3,Database,Database Exadata Cloud at Customer - Database OCPU,B91363,7.500078,6.0,
TEST,2024-11-28 17:00:00+00:00,2024-11-28 18:00:00+00:00,ocid1.vmcluster.oc1.eu-frankfurt-1.antheljrrvfrr5iaiakdi5rxfl73notvt6tf6lslsueauptbt2dok4ptucdq,DMxS:EU-FRANKFURT-1-AD-1,cl-ba-xedc1-tqvm3,Database,Database Exadata Cloud at Customer - Database OCPU,B91363,7.500078,6.0,
PROD,2024-11-28 17:00:00+00:00,2024-11-28 18:00:00+00:00,ocid1.vmcluster.oc1.eu-frankfurt-1.antheljrrvfrr5iawj32h5gbrsj4yjuv7y65xtmdwewxqhedhfolqmkknbha,DMxS:EU-FRANKFURT-1-AD-1,cl-ba-xedc1-pqvm1,Database,Database Exadata Cloud at Customer - Database OCPU,B91363,47.500494,38.0,
PROD,2024-11-28 17:00:00+00:00,2024-11-28 18:00:00+00:00,ocid1.vmcluster.oc1.eu-frankfurt-1.antheljtrvfrr5iaj2hikuptdl6xbuuec267chmo2k3iubjw2fhemzbhmksa,DMxS:EU-FRANKFURT-1-AD-2,cl-ba-xedc2-pqvm1,Database,Database Exadata Cloud at Customer - Database OCPU,B91363,30.000312,24.0,
TEST,2024-11-28 18:00:00+00:00,2024-11-28 19:00:00+00:00,ocid1.vmcluster.oc1.eu-frankfurt-1.antheljrrvfrr5iaiakdi5rxfl73notvt6tf6lslsueauptbt2dok4ptucdq,DMxS:EU-FRANKFURT-1-AD-1,cl-ba-xedc1-tqvm3,Database,Database Exadata Cloud at Customer - Database OCPU,B91363,7.500078,6.0,
PROD,2024-11-28 18:00:00+00:00,2024-11-28 19:00:00+00:00,ocid1.vmcluster.oc1.eu-frankfurt-1.antheljtrvfrr5iaj2hikuptdl6xbuuec267chmo2k3iubjw2fhemzbhmksa,DMxS:EU-FRANKFURT-1-AD-2,cl-ba-xedc2-pqvm1,Database,Database Exadata Cloud at Customer - Database OCPU,B91363,30.000312,24.0,
PROD,2024-11-28 18:00:00+00:00,2024-11-28 19:00:00+00:00,ocid1.vmcluster.oc1.eu-frankfurt-1.antheljrrvfrr5iawj32h5gbrsj4yjuv7y65xtmdwewxqhedhfolqmkknbha,DMxS:EU-FRANKFURT-1-AD-1,cl-ba-xedc1-pqvm1,Database,Database Exadata Cloud at Customer - Database OCPU,B91363,47.500494,38.0,
TEST,2024-11-28 18:00:00+00:00,2024-11-28 19:00:00+00:00,ocid1.vmcluster.oc1.eu-frankfurt-1.antheljtrvfrr5iacz3aicfdxbta4h4bsdrxm45m56i32axkbtxy2ratl4kq,DMxS:EU-FRANKFURT-1-AD-2,cl-ba-xedc2-tqvm3,Database,Database Exadata Cloud at Customer - Database OCPU,B91363,7.500078,6.0,
TEST,2024-11-28 19:00:00+00:00,2024-11-28 20:00:00+00:00,ocid1.vmcluster.oc1.eu-frankfurt-1.antheljtrvfrr5iacz3aicfdxbta4h4bsdrxm45m56i32axkbtxy2ratl4kq,DMxS:EU-FRANKFURT-1-AD-2,cl-ba-xedc2-tqvm3,Database,Database Exadata Cloud at Customer - Database OCPU,B91363,7.500078,6.0,
PROD,2024-11-28 19:00:00+00:00,2024-11-28 20:00:00+00:00,ocid1.vmcluster.oc1.eu-frankfurt-1.antheljrrvfrr5iawj32h5gbrsj4yjuv7y65xtmdwewxqhedhfolqmkknbha,DMxS:EU-FRANKFURT-1-AD-1,cl-ba-xedc1-pqvm1,Database,Database Exadata Cloud at Customer - Database OCPU,B91363,47.500494,38.0,
PROD,2024-11-28 19:00:00+00:00,2024-11-28 20:00:00+00:00,ocid1.vmcluster.oc1.eu-frankfurt-1.antheljtrvfrr5iaj2hikuptdl6xbuuec267chmo2k3iubjw2fhemzbhmksa,DMxS:EU-FRANKFURT-1-AD-2,cl-ba-xedc2-pqvm1,Database,Database Exadata Cloud at Customer - Database OCPU,B91363,30.000312,24.0,
TEST,2024-11-28 19:00:00+00:00,2024-11-28 20:00:00+00:00,ocid1.vmcluster.oc1.eu-frankfurt-1.antheljrrvfrr5iaiakdi5rxfl73notvt6tf6lslsueauptbt2dok4ptucdq,DMxS:EU-FRANKFURT-1-AD-1,cl-ba-xedc1-tqvm3,Database,Database Exadata Cloud at Customer - Database OCPU,B91363,7.500078,6.0,
PROD,2024-11-28 20:00:00+00:00,2024-11-28 21:00:00+00:00,ocid1.vmcluster.oc1.eu-frankfurt-1.antheljtrvfrr5iaj2hikuptdl6xbuuec267chmo2k3iubjw2fhemzbhmksa,DMxS:EU-FRANKFURT-1-AD-2,cl-ba-xedc2-pqvm1,Database,Database Exadata Cloud at Customer - Database OCPU,B91363,30.000312,24.0,
PROD,2024-11-28 20:00:00+00:00,2024-11-28 21:00:00+00:00,ocid1.vmcluster.oc1.eu-frankfurt-1.antheljrrvfrr5iawj32h5gbrsj4yjuv7y65xtmdwewxqhedhfolqmkknbha,DMxS:EU-FRANKFURT-1-AD-1,cl-ba-xedc1-pqvm1,Database,Database Exadata Cloud at Customer - Database OCPU,B91363,47.500494,38.0,
TEST,2024-11-28 20:00:00+00:00,2024-11-28 21:00:00+00:00,ocid1.vmcluster.oc1.eu-frankfurt-1.antheljtrvfrr5iacz3aicfdxbta4h4bsdrxm45m56i32axkbtxy2ratl4kq,DMxS:EU-FRANKFURT-1-AD-2,cl-ba-xedc2-tqvm3,Database,Database Exadata Cloud at Customer - Database OCPU,B91363,7.500078,6.0,
TEST,2024-11-28 20:00:00+00:00,2024-11-28 21:00:00+00:00,ocid1.vmcluster.oc1.eu-frankfurt-1.antheljrrvfrr5iaiakdi5rxfl73notvt6tf6lslsueauptbt2dok4ptucdq,DMxS:EU-FRANKFURT-1-AD-1,cl-ba-xedc1-tqvm3,Database,Database Exadata Cloud at Customer - Database OCPU,B91363,7.500078,6.0,
PROD,2024-11-28 21:00:00+00:00,2024-11-28 22:00:00+00:00,ocid1.vmcluster.oc1.eu-frankfurt-1.antheljrrvfrr5iawj32h5gbrsj4yjuv7y65xtmdwewxqhedhfolqmkknbha,DMxS:EU-FRANKFURT-1-AD-1,cl-ba-xedc1-pqvm1,Database,Database Exadata Cloud at Customer - Database OCPU,B91363,47.500494,38.0,
TEST,2024-11-28 21:00:00+00:00,2024-11-28 22:00:00+00:00,ocid1.vmcluster.oc1.eu-frankfurt-1.antheljtrvfrr5iacz3aicfdxbta4h4bsdrxm45m56i32axkbtxy2ratl4kq,DMxS:EU-FRANKFURT-1-AD-2,cl-ba-xedc2-tqvm3,Database,Database Exadata Cloud at Customer - Database OCPU,B91363,7.500078,6.0,
TEST,2024-11-28 21:00:00+00:00,2024-11-28 22:00:00+00:00,ocid1.vmcluster.oc1.eu-frankfurt-1.antheljrrvfrr5iaiakdi5rxfl73notvt6tf6lslsueauptbt2dok4ptucdq,DMxS:EU-FRANKFURT-1-AD-1,cl-ba-xedc1-tqvm3,Database,Database Exadata Cloud at Customer - Database OCPU,B91363,7.500078,6.0,
PROD,2024-11-28 21:00:00+00:00,2024-11-28 22:00:00+00:00,ocid1.vmcluster.oc1.eu-frankfurt-1.antheljtrvfrr5iaj2hikuptdl6xbuuec267chmo2k3iubjw2fhemzbhmksa,DMxS:EU-FRANKFURT-1-AD-2,cl-ba-xedc2-pqvm1,Database,Database Exadata Cloud at Customer - Database OCPU,B91363,30.000312,24.0,
PROD,2024-11-28 22:00:00+00:00,2024-11-28 23:00:00+00:00,ocid1.vmcluster.oc1.eu-frankfurt-1.antheljtrvfrr5iaj2hikuptdl6xbuuec267chmo2k3iubjw2fhemzbhmksa,DMxS:EU-FRANKFURT-1-AD-2,cl-ba-xedc2-pqvm1,Database,Database Exadata Cloud at Customer - Database OCPU,B91363,30.000312,24.0,
TEST,2024-11-28 22:00:00+00:00,2024-11-28 23:00:00+00:00,ocid1.vmcluster.oc1.eu-frankfurt-1.antheljrrvfrr5iaiakdi5rxfl73notvt6tf6lslsueauptbt2dok4ptucdq,DMxS:EU-FRANKFURT-1-AD-1,cl-ba-xedc1-tqvm3,Database,Database Exadata Cloud at Customer - Database OCPU,B91363,7.500078,6.0,
PROD,2024-11-28 22:00:00+00:00,2024-11-28 23:00:00+00:00,ocid1.vmcluster.oc1.eu-frankfurt-1.antheljrrvfrr5iawj32h5gbrsj4yjuv7y65xtmdwewxqhedhfolqmkknbha,DMxS:EU-FRANKFURT-1-AD-1,cl-ba-xedc1-pqvm1,Database,Database Exadata Cloud at Customer - Database OCPU,B91363,47.500494,38.0,
TEST,2024-11-28 22:00:00+00:00,2024-11-28 23:00:00+00:00,ocid1.vmcluster.oc1.eu-frankfurt-1.antheljtrvfrr5iacz3aicfdxbta4h4bsdrxm45m56i32axkbtxy2ratl4kq,DMxS:EU-FRANKFURT-1-AD-2,cl-ba-xedc2-tqvm3,Database,Database Exadata Cloud at Customer - Database OCPU,B91363,7.500078,6.0,
TEST,2024-11-28 23:00:00+00:00,2024-11-29 00:00:00+00:00,ocid1.vmcluster.oc1.eu-frankfurt-1.antheljrrvfrr5iaiakdi5rxfl73notvt6tf6lslsueauptbt2dok4ptucdq,DMxS:EU-FRANKFURT-1-AD-1,cl-ba-xedc1-tqvm3,Database,Database Exadata Cloud at Customer - Database OCPU,B91363,7.500078,6.0,
PROD,2024-11-28 23:00:00+00:00,2024-11-29 00:00:00+00:00,ocid1.vmcluster.oc1.eu-frankfurt-1.antheljrrvfrr5iawj32h5gbrsj4yjuv7y65xtmdwewxqhedhfolqmkknbha,DMxS:EU-FRANKFURT-1-AD-1,cl-ba-xedc1-pqvm1,Database,Database Exadata Cloud at Customer - Database OCPU,B91363,47.500494,38.0,
PROD,2024-11-28 23:00:00+00:00,2024-11-29 00:00:00+00:00,ocid1.vmcluster.oc1.eu-frankfurt-1.antheljtrvfrr5iaj2hikuptdl6xbuuec267chmo2k3iubjw2fhemzbhmksa,DMxS:EU-FRANKFURT-1-AD-2,cl-ba-xedc2-pqvm1,Database,Database Exadata Cloud at Customer - Database OCPU,B91363,30.000312,24.0,
TEST,2024-11-28 23:00:00+00:00,2024-11-29 00:00:00+00:00,ocid1.vmcluster.oc1.eu-frankfurt-1.antheljtrvfrr5iacz3aicfdxbta4h4bsdrxm45m56i32axkbtxy2ratl4kq,DMxS:EU-FRANKFURT-1-AD-2,cl-ba-xedc2-tqvm3,Database,Database Exadata Cloud at Customer - Database OCPU,B91363,7.500078,6.0,
PROD,2024-11-29 00:00:00+00:00,2024-11-29 01:00:00+00:00,ocid1.vmcluster.oc1.eu-frankfurt-1.antheljrrvfrr5iawj32h5gbrsj4yjuv7y65xtmdwewxqhedhfolqmkknbha,DMxS:EU-FRANKFURT-1-AD-1,cl-ba-xedc1-pqvm1,Database,Database Exadata Cloud at Customer - Database OCPU,B91363,47.500494,38.0,
TEST,2024-11-29 00:00:00+00:00,2024-11-29 01:00:00+00:00,ocid1.vmcluster.oc1.eu-frankfurt-1.antheljrrvfrr5iaiakdi5rxfl73notvt6tf6lslsueauptbt2dok4ptucdq,DMxS:EU-FRANKFURT-1-AD-1,cl-ba-xedc1-tqvm3,Database,Database Exadata Cloud at Customer - Database OCPU,B91363,7.500078,6.0,
TEST,2024-11-29 00:00:00+00:00,2024-11-29 01:00:00+00:00,ocid1.vmcluster.oc1.eu-frankfurt-1.antheljtrvfrr5iacz3aicfdxbta4h4bsdrxm45m56i32axkbtxy2ratl4kq,DMxS:EU-FRANKFURT-1-AD-2,cl-ba-xedc2-tqvm3,Database,Database Exadata Cloud at Customer - Database OCPU,B91363,7.500078,6.0,
PROD,2024-11-29 00:00:00+00:00,2024-11-29 01:00:00+00:00,ocid1.vmcluster.oc1.eu-frankfurt-1.antheljtrvfrr5iaj2hikuptdl6xbuuec267chmo2k3iubjw2fhemzbhmksa,DMxS:EU-FRANKFURT-1-AD-2,cl-ba-xedc2-pqvm1,Database,Database Exadata Cloud at Customer - Database OCPU,B91363,30.000312,24.0,
TEST,2024-11-29 01:00:00+00:00,2024-11-29 02:00:00+00:00,ocid1.vmcluster.oc1.eu-frankfurt-1.antheljtrvfrr5iacz3aicfdxbta4h4bsdrxm45m56i32axkbtxy2ratl4kq,DMxS:EU-FRANKFURT-1-AD-2,cl-ba-xedc2-tqvm3,Database,Database Exadata Cloud at Customer - Database OCPU,B91363,7.500078,6.0,
PROD,2024-11-29 01:00:00+00:00,2024-11-29 02:00:00+00:00,ocid1.vmcluster.oc1.eu-frankfurt-1.antheljrrvfrr5iawj32h5gbrsj4yjuv7y65xtmdwewxqhedhfolqmkknbha,DMxS:EU-FRANKFURT-1-AD-1,cl-ba-xedc1-pqvm1,Database,Database Exadata Cloud at Customer - Database OCPU,B91363,47.500494,38.0,
PROD,2024-11-29 01:00:00+00:00,2024-11-29 02:00:00+00:00,ocid1.vmcluster.oc1.eu-frankfurt-1.antheljtrvfrr5iaj2hikuptdl6xbuuec267chmo2k3iubjw2fhemzbhmksa,DMxS:EU-FRANKFURT-1-AD-2,cl-ba-xedc2-pqvm1,Database,Database Exadata Cloud at Customer - Database OCPU,B91363,30.000312,24.0,
TEST,2024-11-29 01:00:00+00:00,2024-11-29 02:00:00+00:00,ocid1.vmcluster.oc1.eu-frankfurt-1.antheljrrvfrr5iaiakdi5rxfl73notvt6tf6lslsueauptbt2dok4ptucdq,DMxS:EU-FRANKFURT-1-AD-1,cl-ba-xedc1-tqvm3,Database,Database Exadata Cloud at Customer - Database OCPU,B91363,7.500078,6.0,
TEST,2024-11-29 02:00:00+00:00,2024-11-29 03:00:00+00:00,ocid1.vmcluster.oc1.eu-frankfurt-1.antheljrrvfrr5iaiakdi5rxfl73notvt6tf6lslsueauptbt2dok4ptucdq,DMxS:EU-FRANKFURT-1-AD-1,cl-ba-xedc1-tqvm3,Database,Database Exadata Cloud at Customer - Database OCPU,B91363,7.500078,6.0,
PROD,2024-11-29 02:00:00+00:00,2024-11-29 03:00:00+00:00,ocid1.vmcluster.oc1.eu-frankfurt-1.antheljtrvfrr5iaj2hikuptdl6xbuuec267chmo2k3iubjw2fhemzbhmksa,DMxS:EU-FRANKFURT-1-AD-2,cl-ba-xedc2-pqvm1,Database,Database Exadata Cloud at Customer - Database OCPU,B91363,30.000312,24.0,
PROD,2024-11-29 02:00:00+00:00,2024-11-29 03:00:00+00:00,ocid1.vmcluster.oc1.eu-frankfurt-1.antheljrrvfrr5iawj32h5gbrsj4yjuv7y65xtmdwewxqhedhfolqmkknbha,DMxS:EU-FRANKFURT-1-AD-1,cl-ba-xedc1-pqvm1,Database,Database Exadata Cloud at Customer - Database OCPU,B91363,47.500494,38.0,
TEST,2024-11-29 02:00:00+00:00,2024-11-29 03:00:00+00:00,ocid1.vmcluster.oc1.eu-frankfurt-1.antheljtrvfrr5iacz3aicfdxbta4h4bsdrxm45m56i32axkbtxy2ratl4kq,DMxS:EU-FRANKFURT-1-AD-2,cl-ba-xedc2-tqvm3,Database,Database Exadata Cloud at Customer - Database OCPU,B91363,7.500078,6.0,
PROD,2024-11-29 03:00:00+00:00,2024-11-29 04:00:00+00:00,ocid1.vmcluster.oc1.eu-frankfurt-1.antheljtrvfrr5iaj2hikuptdl6xbuuec267chmo2k3iubjw2fhemzbhmksa,DMxS:EU-FRANKFURT-1-AD-2,cl-ba-xedc2-pqvm1,Database,Database Exadata Cloud at Customer - Database OCPU,B91363,30.000312,24.0,
PROD,2024-11-29 03:00:00+00:00,2024-11-29 04:00:00+00:00,ocid1.vmcluster.oc1.eu-frankfurt-1.antheljrrvfrr5iawj32h5gbrsj4yjuv7y65xtmdwewxqhedhfolqmkknbha,DMxS:EU-FRANKFURT-1-AD-1,cl-ba-xedc1-pqvm1,Database,Database Exadata Cloud at Customer - Database OCPU,B91363,47.500494,38.0,
TEST,2024-11-29 03:00:00+00:00,2024-11-29 04:00:00+00:00,ocid1.vmcluster.oc1.eu-frankfurt-1.antheljtrvfrr5iacz3aicfdxbta4h4bsdrxm45m56i32axkbtxy2ratl4kq,DMxS:EU-FRANKFURT-1-AD-2,cl-ba-xedc2-tqvm3,Database,Database Exadata Cloud at Customer - Database OCPU,B91363,7.500078,6.0,
TEST,2024-11-29 03:00:00+00:00,2024-11-29 04:00:00+00:00,ocid1.vmcluster.oc1.eu-frankfurt-1.antheljrrvfrr5iaiakdi5rxfl73notvt6tf6lslsueauptbt2dok4ptucdq,DMxS:EU-FRANKFURT-1-AD-1,cl-ba-xedc1-tqvm3,Database,Database Exadata Cloud at Customer - Database OCPU,B91363,7.500078,6.0,
PROD,2024-11-29 04:00:00+00:00,2024-11-29 05:00:00+00:00,ocid1.vmcluster.oc1.eu-frankfurt-1.antheljrrvfrr5iawj32h5gbrsj4yjuv7y65xtmdwewxqhedhfolqmkknbha,DMxS:EU-FRANKFURT-1-AD-1,cl-ba-xedc1-pqvm1,Database,Database Exadata Cloud at Customer - Database OCPU,B91363,47.500494,38.0,
TEST,2024-11-29 04:00:00+00:00,2024-11-29 05:00:00+00:00,ocid1.vmcluster.oc1.eu-frankfurt-1.antheljtrvfrr5iacz3aicfdxbta4h4bsdrxm45m56i32axkbtxy2ratl4kq,DMxS:EU-FRANKFURT-1-AD-2,cl-ba-xedc2-tqvm3,Database,Database Exadata Cloud at Customer - Database OCPU,B91363,7.500078,6.0,
TEST,2024-11-29 04:00:00+00:00,2024-11-29 05:00:00+00:00,ocid1.vmcluster.oc1.eu-frankfurt-1.antheljrrvfrr5iaiakdi5rxfl73notvt6tf6lslsueauptbt2dok4ptucdq,DMxS:EU-FRANKFURT-1-AD-1,cl-ba-xedc1-tqvm3,Database,Database Exadata Cloud at Customer - Database OCPU,B91363,7.500078,6.0,
PROD,2024-11-29 04:00:00+00:00,2024-11-29 05:00:00+00:00,ocid1.vmcluster.oc1.eu-frankfurt-1.antheljtrvfrr5iaj2hikuptdl6xbuuec267chmo2k3iubjw2fhemzbhmksa,DMxS:EU-FRANKFURT-1-AD-2,cl-ba-xedc2-pqvm1,Database,Database Exadata Cloud at Customer - Database OCPU,B91363,30.000312,24.0,
PROD,2024-11-29 05:00:00+00:00,2024-11-29 06:00:00+00:00,ocid1.vmcluster.oc1.eu-frankfurt-1.antheljrrvfrr5iawj32h5gbrsj4yjuv7y65xtmdwewxqhedhfolqmkknbha,DMxS:EU-FRANKFURT-1-AD-1,cl-ba-xedc1-pqvm1,Database,Database Exadata Cloud at Customer - Database OCPU,B91363,47.500494,38.0,
PROD,2024-11-29 05:00:00+00:00,2024-11-29 06:00:00+00:00,ocid1.vmcluster.oc1.eu-frankfurt-1.antheljtrvfrr5iaj2hikuptdl6xbuuec267chmo2k3iubjw2fhemzbhmksa,DMxS:EU-FRANKFURT-1-AD-2,cl-ba-xedc2-pqvm1,Database,Database Exadata Cloud at Customer - Database OCPU,B91363,30.000312,24.0,
TEST,2024-11-29 05:00:00+00:00,2024-11-29 06:00:00+00:00,ocid1.vmcluster.oc1.eu-frankfurt-1.antheljtrvfrr5iacz3aicfdxbta4h4bsdrxm45m56i32axkbtxy2ratl4kq,DMxS:EU-FRANKFURT-1-AD-2,cl-ba-xedc2-tqvm3,Database,Database Exadata Cloud at Customer - Database OCPU,B91363,7.500078,6.0,
TEST,2024-11-29 05:00:00+00:00,2024-11-29 06:00:00+00:00,ocid1.vmcluster.oc1.eu-frankfurt-1.antheljrrvfrr5iaiakdi5rxfl73notvt6tf6lslsueauptbt2dok4ptucdq,DMxS:EU-FRANKFURT-1-AD-1,cl-ba-xedc1-tqvm3,Database,Database Exadata Cloud at Customer - Database OCPU,B91363,7.500078,6.0,
TEST,2024-11-29 06:00:00+00:00,2024-11-29 07:00:00+00:00,ocid1.vmcluster.oc1.eu-frankfurt-1.antheljtrvfrr5iacz3aicfdxbta4h4bsdrxm45m56i32axkbtxy2ratl4kq,DMxS:EU-FRANKFURT-1-AD-2,cl-ba-xedc2-tqvm3,Database,Database Exadata Cloud at Customer - Database OCPU,B91363,7.500078,6.0,
PROD,2024-11-29 06:00:00+00:00,2024-11-29 07:00:00+00:00,ocid1.vmcluster.oc1.eu-frankfurt-1.antheljtrvfrr5iaj2hikuptdl6xbuuec267chmo2k3iubjw2fhemzbhmksa,DMxS:EU-FRANKFURT-1-AD-2,cl-ba-xedc2-pqvm1,Database,Database Exadata Cloud at Customer - Database OCPU,B91363,30.000312,24.0,
PROD,2024-11-29 06:00:00+00:00,2024-11-29 07:00:00+00:00,ocid1.vmcluster.oc1.eu-frankfurt-1.antheljrrvfrr5iawj32h5gbrsj4yjuv7y65xtmdwewxqhedhfolqmkknbha,DMxS:EU-FRANKFURT-1-AD-1,cl-ba-xedc1-pqvm1,Database,Database Exadata Cloud at Customer - Database OCPU,B91363,47.500494,38.0,
TEST,2024-11-29 06:00:00+00:00,2024-11-29 07:00:00+00:00,ocid1.vmcluster.oc1.eu-frankfurt-1.antheljrrvfrr5iaiakdi5rxfl73notvt6tf6lslsueauptbt2dok4ptucdq,DMxS:EU-FRANKFURT-1-AD-1,cl-ba-xedc1-tqvm3,Database,Database Exadata Cloud at Customer - Database OCPU,B91363,7.500078,6.0,
PROD,2024-11-29 07:00:00+00:00,2024-11-29 08:00:00+00:00,ocid1.vmcluster.oc1.eu-frankfurt-1.antheljtrvfrr5iaj2hikuptdl6xbuuec267chmo2k3iubjw2fhemzbhmksa,DMxS:EU-FRANKFURT-1-AD-2,cl-ba-xedc2-pqvm1,Database,Database Exadata Cloud at Customer - Database OCPU,B91363,30.000312,24.0,
TEST,2024-11-29 07:00:00+00:00,2024-11-29 08:00:00+00:00,ocid1.vmcluster.oc1.eu-frankfurt-1.antheljtrvfrr5iacz3aicfdxbta4h4bsdrxm45m56i32axkbtxy2ratl4kq,DMxS:EU-FRANKFURT-1-AD-2,cl-ba-xedc2-tqvm3,Database,Database Exadata Cloud at Customer - Database OCPU,B91363,7.500078,6.0,
PROD,2024-11-29 07:00:00+00:00,2024-11-29 08:00:00+00:00,ocid1.vmcluster.oc1.eu-frankfurt-1.antheljrrvfrr5iawj32h5gbrsj4yjuv7y65xtmdwewxqhedhfolqmkknbha,DMxS:EU-FRANKFURT-1-AD-1,cl-ba-xedc1-pqvm1,Database,Database Exadata Cloud at Customer - Database OCPU,B91363,47.500494,38.0,
TEST,2024-11-29 07:00:00+00:00,2024-11-29 08:00:00+00:00,ocid1.vmcluster.oc1.eu-frankfurt-1.antheljrrvfrr5iaiakdi5rxfl73notvt6tf6lslsueauptbt2dok4ptucdq,DMxS:EU-FRANKFURT-1-AD-1,cl-ba-xedc1-tqvm3,Database,Database Exadata Cloud at Customer - Database OCPU,B91363,7.500078,6.0,
TEST,2024-11-29 08:00:00+00:00,2024-11-29 09:00:00+00:00,ocid1.vmcluster.oc1.eu-frankfurt-1.antheljrrvfrr5iaiakdi5rxfl73notvt6tf6lslsueauptbt2dok4ptucdq,DMxS:EU-FRANKFURT-1-AD-1,cl-ba-xedc1-tqvm3,Database,Database Exadata Cloud at Customer - Database OCPU,B91363,7.500078,6.0,
TEST,2024-11-29 08:00:00+00:00,2024-11-29 09:00:00+00:00,ocid1.vmcluster.oc1.eu-frankfurt-1.antheljtrvfrr5iacz3aicfdxbta4h4bsdrxm45m56i32axkbtxy2ratl4kq,DMxS:EU-FRANKFURT-1-AD-2,cl-ba-xedc2-tqvm3,Database,Database Exadata Cloud at Customer - Database OCPU,B91363,7.500078,6.0,
PROD,2024-11-29 08:00:00+00:00,2024-11-29 09:00:00+00:00,ocid1.vmcluster.oc1.eu-frankfurt-1.antheljrrvfrr5iawj32h5gbrsj4yjuv7y65xtmdwewxqhedhfolqmkknbha,DMxS:EU-FRANKFURT-1-AD-1,cl-ba-xedc1-pqvm1,Database,Database Exadata Cloud at Customer - Database OCPU,B91363,47.500494,38.0,
PROD,2024-11-29 08:00:00+00:00,2024-11-29 09:00:00+00:00,ocid1.vmcluster.oc1.eu-frankfurt-1.antheljtrvfrr5iaj2hikuptdl6xbuuec267chmo2k3iubjw2fhemzbhmksa,DMxS:EU-FRANKFURT-1-AD-2,cl-ba-xedc2-pqvm1,Database,Database Exadata Cloud at Customer - Database OCPU,B91363,30.000312,24.0,
TEST,2024-11-29 09:00:00+00:00,2024-11-29 10:00:00+00:00,ocid1.vmcluster.oc1.eu-frankfurt-1.antheljtrvfrr5iacz3aicfdxbta4h4bsdrxm45m56i32axkbtxy2ratl4kq,DMxS:EU-FRANKFURT-1-AD-2,cl-ba-xedc2-tqvm3,Database,Database Exadata Cloud at Customer - Database OCPU,B91363,7.500078,6.0,
TEST,2024-11-29 09:00:00+00:00,2024-11-29 10:00:00+00:00,ocid1.vmcluster.oc1.eu-frankfurt-1.antheljrrvfrr5iaiakdi5rxfl73notvt6tf6lslsueauptbt2dok4ptucdq,DMxS:EU-FRANKFURT-1-AD-1,cl-ba-xedc1-tqvm3,Database,Database Exadata Cloud at Customer - Database OCPU,B91363,7.500078,6.0,
PROD,2024-11-29 09:00:00+00:00,2024-11-29 10:00:00+00:00,ocid1.vmcluster.oc1.eu-frankfurt-1.antheljrrvfrr5iawj32h5gbrsj4yjuv7y65xtmdwewxqhedhfolqmkknbha,DMxS:EU-FRANKFURT-1-AD-1,cl-ba-xedc1-pqvm1,Database,Database Exadata Cloud at Customer - Database OCPU,B91363,47.500494,38.0,
PROD,2024-11-29 09:00:00+00:00,2024-11-29 10:00:00+00:00,ocid1.vmcluster.oc1.eu-frankfurt-1.antheljtrvfrr5iaj2hikuptdl6xbuuec267chmo2k3iubjw2fhemzbhmksa,DMxS:EU-FRANKFURT-1-AD-2,cl-ba-xedc2-pqvm1,Database,Database Exadata Cloud at Customer - Database OCPU,B91363,30.000312,24.0,
TEST,2024-11-29 10:00:00+00:00,2024-11-29 11:00:00+00:00,ocid1.vmcluster.oc1.eu-frankfurt-1.antheljtrvfrr5iacz3aicfdxbta4h4bsdrxm45m56i32axkbtxy2ratl4kq,DMxS:EU-FRANKFURT-1-AD-2,cl-ba-xedc2-tqvm3,Database,Database Exadata Cloud at Customer - Database OCPU,B91363,7.500078,6.0,
PROD,2024-11-29 10:00:00+00:00,2024-11-29 11:00:00+00:00,ocid1.vmcluster.oc1.eu-frankfurt-1.antheljtrvfrr5iaj2hikuptdl6xbuuec267chmo2k3iubjw2fhemzbhmksa,DMxS:EU-FRANKFURT-1-AD-2,cl-ba-xedc2-pqvm1,Database,Database Exadata Cloud at Customer - Database OCPU,B91363,30.000312,24.0,
PROD,2024-11-29 10:00:00+00:00,2024-11-29 11:00:00+00:00,ocid1.vmcluster.oc1.eu-frankfurt-1.antheljrrvfrr5iawj32h5gbrsj4yjuv7y65xtmdwewxqhedhfolqmkknbha,DMxS:EU-FRANKFURT-1-AD-1,cl-ba-xedc1-pqvm1,Database,Database Exadata Cloud at Customer - Database OCPU,B91363,47.500494,38.0,
TEST,2024-11-29 10:00:00+00:00,2024-11-29 11:00:00+00:00,ocid1.vmcluster.oc1.eu-frankfurt-1.antheljrrvfrr5iaiakdi5rxfl73notvt6tf6lslsueauptbt2dok4ptucdq,DMxS:EU-FRANKFURT-1-AD-1,cl-ba-xedc1-tqvm3,Database,Database Exadata Cloud at Customer - Database OCPU,B91363,7.500078,6.0,
PROD,2024-11-29 11:00:00+00:00,2024-11-29 12:00:00+00:00,ocid1.vmcluster.oc1.eu-frankfurt-1.antheljtrvfrr5iaj2hikuptdl6xbuuec267chmo2k3iubjw2fhemzbhmksa,DMxS:EU-FRANKFURT-1-AD-2,cl-ba-xedc2-pqvm1,Database,Database Exadata Cloud at Customer - Database OCPU,B91363,30.000312,24.0,
TEST,2024-11-29 11:00:00+00:00,2024-11-29 12:00:00+00:00,ocid1.vmcluster.oc1.eu-frankfurt-1.antheljtrvfrr5iacz3aicfdxbta4h4bsdrxm45m56i32axkbtxy2ratl4kq,DMxS:EU-FRANKFURT-1-AD-2,cl-ba-xedc2-tqvm3,Database,Database Exadata Cloud at Customer - Database OCPU,B91363,7.500078,6.0,
PROD,2024-11-29 11:00:00+00:00,2024-11-29 12:00:00+00:00,ocid1.vmcluster.oc1.eu-frankfurt-1.antheljrrvfrr5iawj32h5gbrsj4yjuv7y65xtmdwewxqhedhfolqmkknbha,DMxS:EU-FRANKFURT-1-AD-1,cl-ba-xedc1-pqvm1,Database,Database Exadata Cloud at Customer - Database OCPU,B91363,47.500494,38.0,
TEST,2024-11-29 11:00:00+00:00,2024-11-29 12:00:00+00:00,ocid1.vmcluster.oc1.eu-frankfurt-1.antheljrrvfrr5iaiakdi5rxfl73notvt6tf6lslsueauptbt2dok4ptucdq,DMxS:EU-FRANKFURT-1-AD-1,cl-ba-xedc1-tqvm3,Database,Database Exadata Cloud at Customer - Database OCPU,B91363,7.500078,6.0,
TEST,2024-11-29 12:00:00+00:00,2024-11-29 13:00:00+00:00,ocid1.vmcluster.oc1.eu-frankfurt-1.antheljtrvfrr5iacz3aicfdxbta4h4bsdrxm45m56i32axkbtxy2ratl4kq,DMxS:EU-FRANKFURT-1-AD-2,cl-ba-xedc2-tqvm3,Database,Database Exadata Cloud at Customer - Database OCPU,B91363,7.500078,6.0,
PROD,2024-11-29 12:00:00+00:00,2024-11-29 13:00:00+00:00,ocid1.vmcluster.oc1.eu-frankfurt-1.antheljrrvfrr5iawj32h5gbrsj4yjuv7y65xtmdwewxqhedhfolqmkknbha,DMxS:EU-FRANKFURT-1-AD-1,cl-ba-xedc1-pqvm1,Database,Database Exadata Cloud at Customer - Database OCPU,B91363,47.500494,38.0,
PROD,2024-11-29 12:00:00+00:00,2024-11-29 13:00:00+00:00,ocid1.vmcluster.oc1.eu-frankfurt-1.antheljtrvfrr5iaj2hikuptdl6xbuuec267chmo2k3iubjw2fhemzbhmksa,DMxS:EU-FRANKFURT-1-AD-2,cl-ba-xedc2-pqvm1,Database,Database Exadata Cloud at Customer - Database OCPU,B91363,30.000312,24.0,
TEST,2024-11-29 12:00:00+00:00,2024-11-29 13:00:00+00:00,ocid1.vmcluster.oc1.eu-frankfurt-1.antheljrrvfrr5iaiakdi5rxfl73notvt6tf6lslsueauptbt2dok4ptucdq,DMxS:EU-FRANKFURT-1-AD-1,cl-ba-xedc1-tqvm3,Database,Database Exadata Cloud at Customer - Database OCPU,B91363,7.500078,6.0,
PROD,2024-11-29 13:00:00+00:00,2024-11-29 14:00:00+00:00,ocid1.vmcluster.oc1.eu-frankfurt-1.antheljrrvfrr5iawj32h5gbrsj4yjuv7y65xtmdwewxqhedhfolqmkknbha,DMxS:EU-FRANKFURT-1-AD-1,cl-ba-xedc1-pqvm1,Database,Database Exadata Cloud at Customer - Database OCPU,B91363,47.500494,38.0,
TEST,2024-11-29 13:00:00+00:00,2024-11-29 14:00:00+00:00,ocid1.vmcluster.oc1.eu-frankfurt-1.antheljtrvfrr5iacz3aicfdxbta4h4bsdrxm45m56i32axkbtxy2ratl4kq,DMxS:EU-FRANKFURT-1-AD-2,cl-ba-xedc2-tqvm3,Database,Database Exadata Cloud at Customer - Database OCPU,B91363,7.500078,6.0,
PROD,2024-11-29 13:00:00+00:00,2024-11-29 14:00:00+00:00,ocid1.vmcluster.oc1.eu-frankfurt-1.antheljtrvfrr5iaj2hikuptdl6xbuuec267chmo2k3iubjw2fhemzbhmksa,DMxS:EU-FRANKFURT-1-AD-2,cl-ba-xedc2-pqvm1,Database,Database Exadata Cloud at Customer - Database OCPU,B91363,30.000312,24.0,
TEST,2024-11-29 13:00:00+00:00,2024-11-29 14:00:00+00:00,ocid1.vmcluster.oc1.eu-frankfurt-1.antheljrrvfrr5iaiakdi5rxfl73notvt6tf6lslsueauptbt2dok4ptucdq,DMxS:EU-FRANKFURT-1-AD-1,cl-ba-xedc1-tqvm3,Database,Database Exadata Cloud at Customer - Database OCPU,B91363,7.500078,6.0,
TEST,2024-11-29 14:00:00+00:00,2024-11-29 15:00:00+00:00,ocid1.vmcluster.oc1.eu-frankfurt-1.antheljtrvfrr5iacz3aicfdxbta4h4bsdrxm45m56i32axkbtxy2ratl4kq,DMxS:EU-FRANKFURT-1-AD-2,cl-ba-xedc2-tqvm3,Database,Database Exadata Cloud at Customer - Database OCPU,B91363,7.500078,6.0,
PROD,2024-11-29 14:00:00+00:00,2024-11-29 15:00:00+00:00,ocid1.vmcluster.oc1.eu-frankfurt-1.antheljtrvfrr5iaj2hikuptdl6xbuuec267chmo2k3iubjw2fhemzbhmksa,DMxS:EU-FRANKFURT-1-AD-2,cl-ba-xedc2-pqvm1,Database,Database Exadata Cloud at Customer - Database OCPU,B91363,30.000312,24.0,
TEST,2024-11-29 14:00:00+00:00,2024-11-29 15:00:00+00:00,ocid1.vmcluster.oc1.eu-frankfurt-1.antheljrrvfrr5iaiakdi5rxfl73notvt6tf6lslsueauptbt2dok4ptucdq,DMxS:EU-FRANKFURT-1-AD-1,cl-ba-xedc1-tqvm3,Database,Database Exadata Cloud at Customer - Database OCPU,B91363,7.500078,6.0,
PROD,2024-11-29 14:00:00+00:00,2024-11-29 15:00:00+00:00,ocid1.vmcluster.oc1.eu-frankfurt-1.antheljrrvfrr5iawj32h5gbrsj4yjuv7y65xtmdwewxqhedhfolqmkknbha,DMxS:EU-FRANKFURT-1-AD-1,cl-ba-xedc1-pqvm1,Database,Database Exadata Cloud at Customer - Database OCPU,B91363,47.500494,38.0,
TEST,2024-11-29 15:00:00+00:00,2024-11-29 16:00:00+00:00,ocid1.vmcluster.oc1.eu-frankfurt-1.antheljrrvfrr5iaiakdi5rxfl73notvt6tf6lslsueauptbt2dok4ptucdq,DMxS:EU-FRANKFURT-1-AD-1,cl-ba-xedc1-tqvm3,Database,Database Exadata Cloud at Customer - Database OCPU,B91363,7.500078,6.0,
TEST,2024-11-29 15:00:00+00:00,2024-11-29 16:00:00+00:00,ocid1.vmcluster.oc1.eu-frankfurt-1.antheljtrvfrr5iacz3aicfdxbta4h4bsdrxm45m56i32axkbtxy2ratl4kq,DMxS:EU-FRANKFURT-1-AD-2,cl-ba-xedc2-tqvm3,Database,Database Exadata Cloud at Customer - Database OCPU,B91363,7.500078,6.0,
PROD,2024-11-29 15:00:00+00:00,2024-11-29 16:00:00+00:00,ocid1.vmcluster.oc1.eu-frankfurt-1.antheljtrvfrr5iaj2hikuptdl6xbuuec267chmo2k3iubjw2fhemzbhmksa,DMxS:EU-FRANKFURT-1-AD-2,cl-ba-xedc2-pqvm1,Database,Database Exadata Cloud at Customer - Database OCPU,B91363,30.000312,24.0,
PROD,2024-11-29 15:00:00+00:00,2024-11-29 16:00:00+00:00,ocid1.vmcluster.oc1.eu-frankfurt-1.antheljrrvfrr5iawj32h5gbrsj4yjuv7y65xtmdwewxqhedhfolqmkknbha,DMxS:EU-FRANKFURT-1-AD-1,cl-ba-xedc1-pqvm1,Database,Database Exadata Cloud at Customer - Database OCPU,B91363,47.500494,38.0,
TEST,2024-11-29 16:00:00+00:00,2024-11-29 17:00:00+00:00,ocid1.vmcluster.oc1.eu-frankfurt-1.antheljrrvfrr5iaiakdi5rxfl73notvt6tf6lslsueauptbt2dok4ptucdq,DMxS:EU-FRANKFURT-1-AD-1,cl-ba-xedc1-tqvm3,Database,Database Exadata Cloud at Customer - Database OCPU,B91363,7.500078,6.0,
PROD,2024-11-29 16:00:00+00:00,2024-11-29 17:00:00+00:00,ocid1.vmcluster.oc1.eu-frankfurt-1.antheljtrvfrr5iaj2hikuptdl6xbuuec267chmo2k3iubjw2fhemzbhmksa,DMxS:EU-FRANKFURT-1-AD-2,cl-ba-xedc2-pqvm1,Database,Database Exadata Cloud at Customer - Database OCPU,B91363,30.000312,24.0,
PROD,2024-11-29 16:00:00+00:00,2024-11-29 17:00:00+00:00,ocid1.vmcluster.oc1.eu-frankfurt-1.antheljrrvfrr5iawj32h5gbrsj4yjuv7y65xtmdwewxqhedhfolqmkknbha,DMxS:EU-FRANKFURT-1-AD-1,cl-ba-xedc1-pqvm1,Database,Database Exadata Cloud at Customer - Database OCPU,B91363,47.500494,38.0,
TEST,2024-11-29 16:00:00+00:00,2024-11-29 17:00:00+00:00,ocid1.vmcluster.oc1.eu-frankfurt-1.antheljtrvfrr5iacz3aicfdxbta4h4bsdrxm45m56i32axkbtxy2ratl4kq,DMxS:EU-FRANKFURT-1-AD-2,cl-ba-xedc2-tqvm3,Database,Database Exadata Cloud at Customer - Database OCPU,B91363,7.500078,6.0,
PROD,2024-11-29 17:00:00+00:00,2024-11-29 18:00:00+00:00,ocid1.vmcluster.oc1.eu-frankfurt-1.antheljtrvfrr5iaj2hikuptdl6xbuuec267chmo2k3iubjw2fhemzbhmksa,DMxS:EU-FRANKFURT-1-AD-2,cl-ba-xedc2-pqvm1,Database,Database Exadata Cloud at Customer - Database OCPU,B91363,30.000312,24.0,
TEST,2024-11-29 17:00:00+00:00,2024-11-29 18:00:00+00:00,ocid1.vmcluster.oc1.eu-frankfurt-1.antheljrrvfrr5iaiakdi5rxfl73notvt6tf6lslsueauptbt2dok4ptucdq,DMxS:EU-FRANKFURT-1-AD-1,cl-ba-xedc1-tqvm3,Database,Database Exadata Cloud at Customer - Database OCPU,B91363,7.500078,6.0,
TEST,2024-11-29 17:00:00+00:00,2024-11-29 18:00:00+00:00,ocid1.vmcluster.oc1.eu-frankfurt-1.antheljtrvfrr5iacz3aicfdxbta4h4bsdrxm45m56i32axkbtxy2ratl4kq,DMxS:EU-FRANKFURT-1-AD-2,cl-ba-xedc2-tqvm3,Database,Database Exadata Cloud at Customer - Database OCPU,B91363,7.500078,6.0,
PROD,2024-11-29 17:00:00+00:00,2024-11-29 18:00:00+00:00,ocid1.vmcluster.oc1.eu-frankfurt-1.antheljrrvfrr5iawj32h5gbrsj4yjuv7y65xtmdwewxqhedhfolqmkknbha,DMxS:EU-FRANKFURT-1-AD-1,cl-ba-xedc1-pqvm1,Database,Database Exadata Cloud at Customer - Database OCPU,B91363,47.500494,38.0,
PROD,2024-11-29 18:00:00+00:00,2024-11-29 19:00:00+00:00,ocid1.vmcluster.oc1.eu-frankfurt-1.antheljrrvfrr5iawj32h5gbrsj4yjuv7y65xtmdwewxqhedhfolqmkknbha,DMxS:EU-FRANKFURT-1-AD-1,cl-ba-xedc1-pqvm1,Database,Database Exadata Cloud at Customer - Database OCPU,B91363,47.500494,38.0,
TEST,2024-11-29 18:00:00+00:00,2024-11-29 19:00:00+00:00,ocid1.vmcluster.oc1.eu-frankfurt-1.antheljrrvfrr5iaiakdi5rxfl73notvt6tf6lslsueauptbt2dok4ptucdq,DMxS:EU-FRANKFURT-1-AD-1,cl-ba-xedc1-tqvm3,Database,Database Exadata Cloud at Customer - Database OCPU,B91363,7.500078,6.0,
TEST,2024-11-29 18:00:00+00:00,2024-11-29 19:00:00+00:00,ocid1.vmcluster.oc1.eu-frankfurt-1.antheljtrvfrr5iacz3aicfdxbta4h4bsdrxm45m56i32axkbtxy2ratl4kq,DMxS:EU-FRANKFURT-1-AD-2,cl-ba-xedc2-tqvm3,Database,Database Exadata Cloud at Customer - Database OCPU,B91363,7.500078,6.0,
PROD,2024-11-29 18:00:00+00:00,2024-11-29 19:00:00+00:00,ocid1.vmcluster.oc1.eu-frankfurt-1.antheljtrvfrr5iaj2hikuptdl6xbuuec267chmo2k3iubjw2fhemzbhmksa,DMxS:EU-FRANKFURT-1-AD-2,cl-ba-xedc2-pqvm1,Database,Database Exadata Cloud at Customer - Database OCPU,B91363,30.000312,24.0,
PROD,2024-11-29 19:00:00+00:00,2024-11-29 20:00:00+00:00,ocid1.vmcluster.oc1.eu-frankfurt-1.antheljrrvfrr5iawj32h5gbrsj4yjuv7y65xtmdwewxqhedhfolqmkknbha,DMxS:EU-FRANKFURT-1-AD-1,cl-ba-xedc1-pqvm1,Database,Database Exadata Cloud at Customer - Database OCPU,B91363,47.500494,38.0,
PROD,2024-11-29 19:00:00+00:00,2024-11-29 20:00:00+00:00,ocid1.vmcluster.oc1.eu-frankfurt-1.antheljtrvfrr5iaj2hikuptdl6xbuuec267chmo2k3iubjw2fhemzbhmksa,DMxS:EU-FRANKFURT-1-AD-2,cl-ba-xedc2-pqvm1,Database,Database Exadata Cloud at Customer - Database OCPU,B91363,30.000312,24.0,
TEST,2024-11-29 19:00:00+00:00,2024-11-29 20:00:00+00:00,ocid1.vmcluster.oc1.eu-frankfurt-1.antheljrrvfrr5iaiakdi5rxfl73notvt6tf6lslsueauptbt2dok4ptucdq,DMxS:EU-FRANKFURT-1-AD-1,cl-ba-xedc1-tqvm3,Database,Database Exadata Cloud at Customer - Database OCPU,B91363,7.500078,6.0,
TEST,2024-11-29 19:00:00+00:00,2024-11-29 20:00:00+00:00,ocid1.vmcluster.oc1.eu-frankfurt-1.antheljtrvfrr5iacz3aicfdxbta4h4bsdrxm45m56i32axkbtxy2ratl4kq,DMxS:EU-FRANKFURT-1-AD-2,cl-ba-xedc2-tqvm3,Database,Database Exadata Cloud at Customer - Database OCPU,B91363,7.500078,6.0,
TEST,2024-11-29 20:00:00+00:00,2024-11-29 21:00:00+00:00,ocid1.vmcluster.oc1.eu-frankfurt-1.antheljrrvfrr5iaiakdi5rxfl73notvt6tf6lslsueauptbt2dok4ptucdq,DMxS:EU-FRANKFURT-1-AD-1,cl-ba-xedc1-tqvm3,Database,Database Exadata Cloud at Customer - Database OCPU,B91363,7.500078,6.0,
TEST,2024-11-29 20:00:00+00:00,2024-11-29 21:00:00+00:00,ocid1.vmcluster.oc1.eu-frankfurt-1.antheljtrvfrr5iacz3aicfdxbta4h4bsdrxm45m56i32axkbtxy2ratl4kq,DMxS:EU-FRANKFURT-1-AD-2,cl-ba-xedc2-tqvm3,Database,Database Exadata Cloud at Customer - Database OCPU,B91363,7.500078,6.0,
PROD,2024-11-29 20:00:00+00:00,2024-11-29 21:00:00+00:00,ocid1.vmcluster.oc1.eu-frankfurt-1.antheljtrvfrr5iaj2hikuptdl6xbuuec267chmo2k3iubjw2fhemzbhmksa,DMxS:EU-FRANKFURT-1-AD-2,cl-ba-xedc2-pqvm1,Database,Database Exadata Cloud at Customer - Database OCPU,B91363,30.000312,24.0,
PROD,2024-11-29 20:00:00+00:00,2024-11-29 21:00:00+00:00,ocid1.vmcluster.oc1.eu-frankfurt-1.antheljrrvfrr5iawj32h5gbrsj4yjuv7y65xtmdwewxqhedhfolqmkknbha,DMxS:EU-FRANKFURT-1-AD-1,cl-ba-xedc1-pqvm1,Database,Database Exadata Cloud at Customer - Database OCPU,B91363,47.500494,38.0,
TEST,2024-11-29 21:00:00+00:00,2024-11-29 22:00:00+00:00,ocid1.vmcluster.oc1.eu-frankfurt-1.antheljtrvfrr5iacz3aicfdxbta4h4bsdrxm45m56i32axkbtxy2ratl4kq,DMxS:EU-FRANKFURT-1-AD-2,cl-ba-xedc2-tqvm3,Database,Database Exadata Cloud at Customer - Database OCPU,B91363,7.500078,6.0,
PROD,2024-11-29 21:00:00+00:00,2024-11-29 22:00:00+00:00,ocid1.vmcluster.oc1.eu-frankfurt-1.antheljrrvfrr5iawj32h5gbrsj4yjuv7y65xtmdwewxqhedhfolqmkknbha,DMxS:EU-FRANKFURT-1-AD-1,cl-ba-xedc1-pqvm1,Database,Database Exadata Cloud at Customer - Database OCPU,B91363,47.500494,38.0,
TEST,2024-11-29 21:00:00+00:00,2024-11-29 22:00:00+00:00,ocid1.vmcluster.oc1.eu-frankfurt-1.antheljrrvfrr5iaiakdi5rxfl73notvt6tf6lslsueauptbt2dok4ptucdq,DMxS:EU-FRANKFURT-1-AD-1,cl-ba-xedc1-tqvm3,Database,Database Exadata Cloud at Customer - Database OCPU,B91363,7.500078,6.0,
PROD,2024-11-29 21:00:00+00:00,2024-11-29 22:00:00+00:00,ocid1.vmcluster.oc1.eu-frankfurt-1.antheljtrvfrr5iaj2hikuptdl6xbuuec267chmo2k3iubjw2fhemzbhmksa,DMxS:EU-FRANKFURT-1-AD-2,cl-ba-xedc2-pqvm1,Database,Database Exadata Cloud at Customer - Database OCPU,B91363,30.000312,24.0,
TEST,2024-11-29 22:00:00+00:00,2024-11-29 23:00:00+00:00,ocid1.vmcluster.oc1.eu-frankfurt-1.antheljrrvfrr5iaiakdi5rxfl73notvt6tf6lslsueauptbt2dok4ptucdq,DMxS:EU-FRANKFURT-1-AD-1,cl-ba-xedc1-tqvm3,Database,Database Exadata Cloud at Customer - Database OCPU,B91363,7.500078,6.0,
PROD,2024-11-29 22:00:00+00:00,2024-11-29 23:00:00+00:00,ocid1.vmcluster.oc1.eu-frankfurt-1.antheljrrvfrr5iawj32h5gbrsj4yjuv7y65xtmdwewxqhedhfolqmkknbha,DMxS:EU-FRANKFURT-1-AD-1,cl-ba-xedc1-pqvm1,Database,Database Exadata Cloud at Customer - Database OCPU,B91363,47.500494,38.0,
PROD,2024-11-29 22:00:00+00:00,2024-11-29 23:00:00+00:00,ocid1.vmcluster.oc1.eu-frankfurt-1.antheljtrvfrr5iaj2hikuptdl6xbuuec267chmo2k3iubjw2fhemzbhmksa,DMxS:EU-FRANKFURT-1-AD-2,cl-ba-xedc2-pqvm1,Database,Database Exadata Cloud at Customer - Database OCPU,B91363,30.000312,24.0,
TEST,2024-11-29 22:00:00+00:00,2024-11-29 23:00:00+00:00,ocid1.vmcluster.oc1.eu-frankfurt-1.antheljtrvfrr5iacz3aicfdxbta4h4bsdrxm45m56i32axkbtxy2ratl4kq,DMxS:EU-FRANKFURT-1-AD-2,cl-ba-xedc2-tqvm3,Database,Database Exadata Cloud at Customer - Database OCPU,B91363,7.500078,6.0,
TEST,2024-11-29 23:00:00+00:00,2024-11-30 00:00:00+00:00,ocid1.vmcluster.oc1.eu-frankfurt-1.antheljrrvfrr5iaiakdi5rxfl73notvt6tf6lslsueauptbt2dok4ptucdq,DMxS:EU-FRANKFURT-1-AD-1,cl-ba-xedc1-tqvm3,Database,Database Exadata Cloud at Customer - Database OCPU,B91363,7.500078,6.0,
PROD,2024-11-29 23:00:00+00:00,2024-11-30 00:00:00+00:00,ocid1.vmcluster.oc1.eu-frankfurt-1.antheljtrvfrr5iaj2hikuptdl6xbuuec267chmo2k3iubjw2fhemzbhmksa,DMxS:EU-FRANKFURT-1-AD-2,cl-ba-xedc2-pqvm1,Database,Database Exadata Cloud at Customer - Database OCPU,B91363,30.000312,24.0,
TEST,2024-11-29 23:00:00+00:00,2024-11-30 00:00:00+00:00,ocid1.vmcluster.oc1.eu-frankfurt-1.antheljtrvfrr5iacz3aicfdxbta4h4bsdrxm45m56i32axkbtxy2ratl4kq,DMxS:EU-FRANKFURT-1-AD-2,cl-ba-xedc2-tqvm3,Database,Database Exadata Cloud at Customer - Database OCPU,B91363,7.500078,6.0,
PROD,2024-11-29 23:00:00+00:00,2024-11-30 00:00:00+00:00,ocid1.vmcluster.oc1.eu-frankfurt-1.antheljrrvfrr5iawj32h5gbrsj4yjuv7y65xtmdwewxqhedhfolqmkknbha,DMxS:EU-FRANKFURT-1-AD-1,cl-ba-xedc1-pqvm1,Database,Database Exadata Cloud at Customer - Database OCPU,B91363,47.500494,38.0,
PROD,2024-11-30 00:00:00+00:00,2024-11-30 01:00:00+00:00,ocid1.vmcluster.oc1.eu-frankfurt-1.antheljtrvfrr5iaj2hikuptdl6xbuuec267chmo2k3iubjw2fhemzbhmksa,DMxS:EU-FRANKFURT-1-AD-2,cl-ba-xedc2-pqvm1,Database,Database Exadata Cloud at Customer - Database OCPU,B91363,30.000312,24.0,
PROD,2024-11-30 00:00:00+00:00,2024-11-30 01:00:00+00:00,ocid1.vmcluster.oc1.eu-frankfurt-1.antheljrrvfrr5iawj32h5gbrsj4yjuv7y65xtmdwewxqhedhfolqmkknbha,DMxS:EU-FRANKFURT-1-AD-1,cl-ba-xedc1-pqvm1,Database,Database Exadata Cloud at Customer - Database OCPU,B91363,47.500494,38.0,
TEST,2024-11-30 00:00:00+00:00,2024-11-30 01:00:00+00:00,ocid1.vmcluster.oc1.eu-frankfurt-1.antheljtrvfrr5iacz3aicfdxbta4h4bsdrxm45m56i32axkbtxy2ratl4kq,DMxS:EU-FRANKFURT-1-AD-2,cl-ba-xedc2-tqvm3,Database,Database Exadata Cloud at Customer - Database OCPU,B91363,7.500078,6.0,
TEST,2024-11-30 00:00:00+00:00,2024-11-30 01:00:00+00:00,ocid1.vmcluster.oc1.eu-frankfurt-1.antheljrrvfrr5iaiakdi5rxfl73notvt6tf6lslsueauptbt2dok4ptucdq,DMxS:EU-FRANKFURT-1-AD-1,cl-ba-xedc1-tqvm3,Database,Database Exadata Cloud at Customer - Database OCPU,B91363,7.500078,6.0,
TEST,2024-11-30 01:00:00+00:00,2024-11-30 02:00:00+00:00,ocid1.vmcluster.oc1.eu-frankfurt-1.antheljrrvfrr5iaiakdi5rxfl73notvt6tf6lslsueauptbt2dok4ptucdq,DMxS:EU-FRANKFURT-1-AD-1,cl-ba-xedc1-tqvm3,Database,Database Exadata Cloud at Customer - Database OCPU,B91363,7.500078,6.0,
PROD,2024-11-30 01:00:00+00:00,2024-11-30 02:00:00+00:00,ocid1.vmcluster.oc1.eu-frankfurt-1.antheljrrvfrr5iawj32h5gbrsj4yjuv7y65xtmdwewxqhedhfolqmkknbha,DMxS:EU-FRANKFURT-1-AD-1,cl-ba-xedc1-pqvm1,Database,Database Exadata Cloud at Customer - Database OCPU,B91363,47.500494,38.0,
TEST,2024-11-30 01:00:00+00:00,2024-11-30 02:00:00+00:00,ocid1.vmcluster.oc1.eu-frankfurt-1.antheljtrvfrr5iacz3aicfdxbta4h4bsdrxm45m56i32axkbtxy2ratl4kq,DMxS:EU-FRANKFURT-1-AD-2,cl-ba-xedc2-tqvm3,Database,Database Exadata Cloud at Customer - Database OCPU,B91363,7.500078,6.0,
PROD,2024-11-30 01:00:00+00:00,2024-11-30 02:00:00+00:00,ocid1.vmcluster.oc1.eu-frankfurt-1.antheljtrvfrr5iaj2hikuptdl6xbuuec267chmo2k3iubjw2fhemzbhmksa,DMxS:EU-FRANKFURT-1-AD-2,cl-ba-xedc2-pqvm1,Database,Database Exadata Cloud at Customer - Database OCPU,B91363,30.000312,24.0,
TEST,2024-11-30 02:00:00+00:00,2024-11-30 03:00:00+00:00,ocid1.vmcluster.oc1.eu-frankfurt-1.antheljtrvfrr5iacz3aicfdxbta4h4bsdrxm45m56i32axkbtxy2ratl4kq,DMxS:EU-FRANKFURT-1-AD-2,cl-ba-xedc2-tqvm3,Database,Database Exadata Cloud at Customer - Database OCPU,B91363,7.500078,6.0,
PROD,2024-11-30 02:00:00+00:00,2024-11-30 03:00:00+00:00,ocid1.vmcluster.oc1.eu-frankfurt-1.antheljtrvfrr5iaj2hikuptdl6xbuuec267chmo2k3iubjw2fhemzbhmksa,DMxS:EU-FRANKFURT-1-AD-2,cl-ba-xedc2-pqvm1,Database,Database Exadata Cloud at Customer - Database OCPU,B91363,30.000312,24.0,
PROD,2024-11-30 02:00:00+00:00,2024-11-30 03:00:00+00:00,ocid1.vmcluster.oc1.eu-frankfurt-1.antheljrrvfrr5iawj32h5gbrsj4yjuv7y65xtmdwewxqhedhfolqmkknbha,DMxS:EU-FRANKFURT-1-AD-1,cl-ba-xedc1-pqvm1,Database,Database Exadata Cloud at Customer - Database OCPU,B91363,47.500494,38.0,
TEST,2024-11-30 02:00:00+00:00,2024-11-30 03:00:00+00:00,ocid1.vmcluster.oc1.eu-frankfurt-1.antheljrrvfrr5iaiakdi5rxfl73notvt6tf6lslsueauptbt2dok4ptucdq,DMxS:EU-FRANKFURT-1-AD-1,cl-ba-xedc1-tqvm3,Database,Database Exadata Cloud at Customer - Database OCPU,B91363,7.500078,6.0,
PROD,2024-11-30 03:00:00+00:00,2024-11-30 04:00:00+00:00,ocid1.vmcluster.oc1.eu-frankfurt-1.antheljtrvfrr5iaj2hikuptdl6xbuuec267chmo2k3iubjw2fhemzbhmksa,DMxS:EU-FRANKFURT-1-AD-2,cl-ba-xedc2-pqvm1,Database,Database Exadata Cloud at Customer - Database OCPU,B91363,30.000312,24.0,
PROD,2024-11-30 03:00:00+00:00,2024-11-30 04:00:00+00:00,ocid1.vmcluster.oc1.eu-frankfurt-1.antheljrrvfrr5iawj32h5gbrsj4yjuv7y65xtmdwewxqhedhfolqmkknbha,DMxS:EU-FRANKFURT-1-AD-1,cl-ba-xedc1-pqvm1,Database,Database Exadata Cloud at Customer - Database OCPU,B91363,47.500494,38.0,
TEST,2024-11-30 03:00:00+00:00,2024-11-30 04:00:00+00:00,ocid1.vmcluster.oc1.eu-frankfurt-1.antheljrrvfrr5iaiakdi5rxfl73notvt6tf6lslsueauptbt2dok4ptucdq,DMxS:EU-FRANKFURT-1-AD-1,cl-ba-xedc1-tqvm3,Database,Database Exadata Cloud at Customer - Database OCPU,B91363,7.500078,6.0,
TEST,2024-11-30 03:00:00+00:00,2024-11-30 04:00:00+00:00,ocid1.vmcluster.oc1.eu-frankfurt-1.antheljtrvfrr5iacz3aicfdxbta4h4bsdrxm45m56i32axkbtxy2ratl4kq,DMxS:EU-FRANKFURT-1-AD-2,cl-ba-xedc2-tqvm3,Database,Database Exadata Cloud at Customer - Database OCPU,B91363,7.500078,6.0,
PROD,2024-11-30 04:00:00+00:00,2024-11-30 05:00:00+00:00,ocid1.vmcluster.oc1.eu-frankfurt-1.antheljrrvfrr5iawj32h5gbrsj4yjuv7y65xtmdwewxqhedhfolqmkknbha,DMxS:EU-FRANKFURT-1-AD-1,cl-ba-xedc1-pqvm1,Database,Database Exadata Cloud at Customer - Database OCPU,B91363,47.500494,38.0,
TEST,2024-11-30 04:00:00+00:00,2024-11-30 05:00:00+00:00,ocid1.vmcluster.oc1.eu-frankfurt-1.antheljrrvfrr5iaiakdi5rxfl73notvt6tf6lslsueauptbt2dok4ptucdq,DMxS:EU-FRANKFURT-1-AD-1,cl-ba-xedc1-tqvm3,Database,Database Exadata Cloud at Customer - Database OCPU,B91363,7.500078,6.0,
TEST,2024-11-30 04:00:00+00:00,2024-11-30 05:00:00+00:00,ocid1.vmcluster.oc1.eu-frankfurt-1.antheljtrvfrr5iacz3aicfdxbta4h4bsdrxm45m56i32axkbtxy2ratl4kq,DMxS:EU-FRANKFURT-1-AD-2,cl-ba-xedc2-tqvm3,Database,Database Exadata Cloud at Customer - Database OCPU,B91363,7.500078,6.0,
PROD,2024-11-30 04:00:00+00:00,2024-11-30 05:00:00+00:00,ocid1.vmcluster.oc1.eu-frankfurt-1.antheljtrvfrr5iaj2hikuptdl6xbuuec267chmo2k3iubjw2fhemzbhmksa,DMxS:EU-FRANKFURT-1-AD-2,cl-ba-xedc2-pqvm1,Database,Database Exadata Cloud at Customer - Database OCPU,B91363,30.000312,24.0,
PROD,2024-11-30 05:00:00+00:00,2024-11-30 06:00:00+00:00,ocid1.vmcluster.oc1.eu-frankfurt-1.antheljrrvfrr5iawj32h5gbrsj4yjuv7y65xtmdwewxqhedhfolqmkknbha,DMxS:EU-FRANKFURT-1-AD-1,cl-ba-xedc1-pqvm1,Database,Database Exadata Cloud at Customer - Database OCPU,B91363,47.500494,38.0,
PROD,2024-11-30 05:00:00+00:00,2024-11-30 06:00:00+00:00,ocid1.vmcluster.oc1.eu-frankfurt-1.antheljtrvfrr5iaj2hikuptdl6xbuuec267chmo2k3iubjw2fhemzbhmksa,DMxS:EU-FRANKFURT-1-AD-2,cl-ba-xedc2-pqvm1,Database,Database Exadata Cloud at Customer - Database OCPU,B91363,30.000312,24.0,
TEST,2024-11-30 05:00:00+00:00,2024-11-30 06:00:00+00:00,ocid1.vmcluster.oc1.eu-frankfurt-1.antheljrrvfrr5iaiakdi5rxfl73notvt6tf6lslsueauptbt2dok4ptucdq,DMxS:EU-FRANKFURT-1-AD-1,cl-ba-xedc1-tqvm3,Database,Database Exadata Cloud at Customer - Database OCPU,B91363,7.500078,6.0,
TEST,2024-11-30 05:00:00+00:00,2024-11-30 06:00:00+00:00,ocid1.vmcluster.oc1.eu-frankfurt-1.antheljtrvfrr5iacz3aicfdxbta4h4bsdrxm45m56i32axkbtxy2ratl4kq,DMxS:EU-FRANKFURT-1-AD-2,cl-ba-xedc2-tqvm3,Database,Database Exadata Cloud at Customer - Database OCPU,B91363,7.500078,6.0,
TEST,2024-11-30 06:00:00+00:00,2024-11-30 07:00:00+00:00,ocid1.vmcluster.oc1.eu-frankfurt-1.antheljrrvfrr5iaiakdi5rxfl73notvt6tf6lslsueauptbt2dok4ptucdq,DMxS:EU-FRANKFURT-1-AD-1,cl-ba-xedc1-tqvm3,Database,Database Exadata Cloud at Customer - Database OCPU,B91363,7.500078,6.0,
PROD,2024-11-30 06:00:00+00:00,2024-11-30 07:00:00+00:00,ocid1.vmcluster.oc1.eu-frankfurt-1.antheljrrvfrr5iawj32h5gbrsj4yjuv7y65xtmdwewxqhedhfolqmkknbha,DMxS:EU-FRANKFURT-1-AD-1,cl-ba-xedc1-pqvm1,Database,Database Exadata Cloud at Customer - Database OCPU,B91363,47.500494,38.0,
PROD,2024-11-30 06:00:00+00:00,2024-11-30 07:00:00+00:00,ocid1.vmcluster.oc1.eu-frankfurt-1.antheljtrvfrr5iaj2hikuptdl6xbuuec267chmo2k3iubjw2fhemzbhmksa,DMxS:EU-FRANKFURT-1-AD-2,cl-ba-xedc2-pqvm1,Database,Database Exadata Cloud at Customer - Database OCPU,B91363,30.000312,24.0,
TEST,2024-11-30 06:00:00+00:00,2024-11-30 07:00:00+00:00,ocid1.vmcluster.oc1.eu-frankfurt-1.antheljtrvfrr5iacz3aicfdxbta4h4bsdrxm45m56i32axkbtxy2ratl4kq,DMxS:EU-FRANKFURT-1-AD-2,cl-ba-xedc2-tqvm3,Database,Database Exadata Cloud at Customer - Database OCPU,B91363,7.500078,6.0,
PROD,2024-11-30 07:00:00+00:00,2024-11-30 08:00:00+00:00,ocid1.vmcluster.oc1.eu-frankfurt-1.antheljtrvfrr5iaj2hikuptdl6xbuuec267chmo2k3iubjw2fhemzbhmksa,DMxS:EU-FRANKFURT-1-AD-2,cl-ba-xedc2-pqvm1,Database,Database Exadata Cloud at Customer - Database OCPU,B91363,30.000312,24.0,
TEST,2024-11-30 07:00:00+00:00,2024-11-30 08:00:00+00:00,ocid1.vmcluster.oc1.eu-frankfurt-1.antheljrrvfrr5iaiakdi5rxfl73notvt6tf6lslsueauptbt2dok4ptucdq,DMxS:EU-FRANKFURT-1-AD-1,cl-ba-xedc1-tqvm3,Database,Database Exadata Cloud at Customer - Database OCPU,B91363,7.500078,6.0,
PROD,2024-11-30 07:00:00+00:00,2024-11-30 08:00:00+00:00,ocid1.vmcluster.oc1.eu-frankfurt-1.antheljrrvfrr5iawj32h5gbrsj4yjuv7y65xtmdwewxqhedhfolqmkknbha,DMxS:EU-FRANKFURT-1-AD-1,cl-ba-xedc1-pqvm1,Database,Database Exadata Cloud at Customer - Database OCPU,B91363,47.500494,38.0,
TEST,2024-11-30 07:00:00+00:00,2024-11-30 08:00:00+00:00,ocid1.vmcluster.oc1.eu-frankfurt-1.antheljtrvfrr5iacz3aicfdxbta4h4bsdrxm45m56i32axkbtxy2ratl4kq,DMxS:EU-FRANKFURT-1-AD-2,cl-ba-xedc2-tqvm3,Database,Database Exadata Cloud at Customer - Database OCPU,B91363,7.500078,6.0,
PROD,2024-11-30 08:00:00+00:00,2024-11-30 09:00:00+00:00,ocid1.vmcluster.oc1.eu-frankfurt-1.antheljtrvfrr5iaj2hikuptdl6xbuuec267chmo2k3iubjw2fhemzbhmksa,DMxS:EU-FRANKFURT-1-AD-2,cl-ba-xedc2-pqvm1,Database,Database Exadata Cloud at Customer - Database OCPU,B91363,30.000312,24.0,
TEST,2024-11-30 08:00:00+00:00,2024-11-30 09:00:00+00:00,ocid1.vmcluster.oc1.eu-frankfurt-1.antheljrrvfrr5iaiakdi5rxfl73notvt6tf6lslsueauptbt2dok4ptucdq,DMxS:EU-FRANKFURT-1-AD-1,cl-ba-xedc1-tqvm3,Database,Database Exadata Cloud at Customer - Database OCPU,B91363,7.500078,6.0,
TEST,2024-11-30 08:00:00+00:00,2024-11-30 09:00:00+00:00,ocid1.vmcluster.oc1.eu-frankfurt-1.antheljtrvfrr5iacz3aicfdxbta4h4bsdrxm45m56i32axkbtxy2ratl4kq,DMxS:EU-FRANKFURT-1-AD-2,cl-ba-xedc2-tqvm3,Database,Database Exadata Cloud at Customer - Database OCPU,B91363,7.500078,6.0,
PROD,2024-11-30 08:00:00+00:00,2024-11-30 09:00:00+00:00,ocid1.vmcluster.oc1.eu-frankfurt-1.antheljrrvfrr5iawj32h5gbrsj4yjuv7y65xtmdwewxqhedhfolqmkknbha,DMxS:EU-FRANKFURT-1-AD-1,cl-ba-xedc1-pqvm1,Database,Database Exadata Cloud at Customer - Database OCPU,B91363,47.500494,38.0,
PROD,2024-11-30 09:00:00+00:00,2024-11-30 10:00:00+00:00,ocid1.vmcluster.oc1.eu-frankfurt-1.antheljrrvfrr5iawj32h5gbrsj4yjuv7y65xtmdwewxqhedhfolqmkknbha,DMxS:EU-FRANKFURT-1-AD-1,cl-ba-xedc1-pqvm1,Database,Database Exadata Cloud at Customer - Database OCPU,B91363,47.500494,38.0,
TEST,2024-11-30 09:00:00+00:00,2024-11-30 10:00:00+00:00,ocid1.vmcluster.oc1.eu-frankfurt-1.antheljrrvfrr5iaiakdi5rxfl73notvt6tf6lslsueauptbt2dok4ptucdq,DMxS:EU-FRANKFURT-1-AD-1,cl-ba-xedc1-tqvm3,Database,Database Exadata Cloud at Customer - Database OCPU,B91363,7.500078,6.0,
PROD,2024-11-30 09:00:00+00:00,2024-11-30 10:00:00+00:00,ocid1.vmcluster.oc1.eu-frankfurt-1.antheljtrvfrr5iaj2hikuptdl6xbuuec267chmo2k3iubjw2fhemzbhmksa,DMxS:EU-FRANKFURT-1-AD-2,cl-ba-xedc2-pqvm1,Database,Database Exadata Cloud at Customer - Database OCPU,B91363,30.000312,24.0,
TEST,2024-11-30 09:00:00+00:00,2024-11-30 10:00:00+00:00,ocid1.vmcluster.oc1.eu-frankfurt-1.antheljtrvfrr5iacz3aicfdxbta4h4bsdrxm45m56i32axkbtxy2ratl4kq,DMxS:EU-FRANKFURT-1-AD-2,cl-ba-xedc2-tqvm3,Database,Database Exadata Cloud at Customer - Database OCPU,B91363,7.500078,6.0,
PROD,2024-11-30 10:00:00+00:00,2024-11-30 11:00:00+00:00,ocid1.vmcluster.oc1.eu-frankfurt-1.antheljrrvfrr5iawj32h5gbrsj4yjuv7y65xtmdwewxqhedhfolqmkknbha,DMxS:EU-FRANKFURT-1-AD-1,cl-ba-xedc1-pqvm1,Database,Database Exadata Cloud at Customer - Database OCPU,B91363,47.500494,38.0,
PROD,2024-11-30 10:00:00+00:00,2024-11-30 11:00:00+00:00,ocid1.vmcluster.oc1.eu-frankfurt-1.antheljtrvfrr5iaj2hikuptdl6xbuuec267chmo2k3iubjw2fhemzbhmksa,DMxS:EU-FRANKFURT-1-AD-2,cl-ba-xedc2-pqvm1,Database,Database Exadata Cloud at Customer - Database OCPU,B91363,30.000312,24.0,
TEST,2024-11-30 10:00:00+00:00,2024-11-30 11:00:00+00:00,ocid1.vmcluster.oc1.eu-frankfurt-1.antheljtrvfrr5iacz3aicfdxbta4h4bsdrxm45m56i32axkbtxy2ratl4kq,DMxS:EU-FRANKFURT-1-AD-2,cl-ba-xedc2-tqvm3,Database,Database Exadata Cloud at Customer - Database OCPU,B91363,7.500078,6.0,
TEST,2024-11-30 10:00:00+00:00,2024-11-30 11:00:00+00:00,ocid1.vmcluster.oc1.eu-frankfurt-1.antheljrrvfrr5iaiakdi5rxfl73notvt6tf6lslsueauptbt2dok4ptucdq,DMxS:EU-FRANKFURT-1-AD-1,cl-ba-xedc1-tqvm3,Database,Database Exadata Cloud at Customer - Database OCPU,B91363,7.500078,6.0,
TEST,2024-11-30 11:00:00+00:00,2024-11-30 12:00:00+00:00,ocid1.vmcluster.oc1.eu-frankfurt-1.antheljtrvfrr5iacz3aicfdxbta4h4bsdrxm45m56i32axkbtxy2ratl4kq,DMxS:EU-FRANKFURT-1-AD-2,cl-ba-xedc2-tqvm3,Database,Database Exadata Cloud at Customer - Database OCPU,B91363,7.500078,6.0,
PROD,2024-11-30 11:00:00+00:00,2024-11-30 12:00:00+00:00,ocid1.vmcluster.oc1.eu-frankfurt-1.antheljrrvfrr5iawj32h5gbrsj4yjuv7y65xtmdwewxqhedhfolqmkknbha,DMxS:EU-FRANKFURT-1-AD-1,cl-ba-xedc1-pqvm1,Database,Database Exadata Cloud at Customer - Database OCPU,B91363,47.500494,38.0,
TEST,2024-11-30 11:00:00+00:00,2024-11-30 12:00:00+00:00,ocid1.vmcluster.oc1.eu-frankfurt-1.antheljrrvfrr5iaiakdi5rxfl73notvt6tf6lslsueauptbt2dok4ptucdq,DMxS:EU-FRANKFURT-1-AD-1,cl-ba-xedc1-tqvm3,Database,Database Exadata Cloud at Customer - Database OCPU,B91363,7.500078,6.0,
PROD,2024-11-30 11:00:00+00:00,2024-11-30 12:00:00+00:00,ocid1.vmcluster.oc1.eu-frankfurt-1.antheljtrvfrr5iaj2hikuptdl6xbuuec267chmo2k3iubjw2fhemzbhmksa,DMxS:EU-FRANKFURT-1-AD-2,cl-ba-xedc2-pqvm1,Database,Database Exadata Cloud at Customer - Database OCPU,B91363,30.000312,24.0,
TEST,2024-11-30 12:00:00+00:00,2024-11-30 13:00:00+00:00,ocid1.vmcluster.oc1.eu-frankfurt-1.antheljrrvfrr5iaiakdi5rxfl73notvt6tf6lslsueauptbt2dok4ptucdq,DMxS:EU-FRANKFURT-1-AD-1,cl-ba-xedc1-tqvm3,Database,Database Exadata Cloud at Customer - Database OCPU,B91363,7.500078,6.0,
PROD,2024-11-30 12:00:00+00:00,2024-11-30 13:00:00+00:00,ocid1.vmcluster.oc1.eu-frankfurt-1.antheljrrvfrr5iawj32h5gbrsj4yjuv7y65xtmdwewxqhedhfolqmkknbha,DMxS:EU-FRANKFURT-1-AD-1,cl-ba-xedc1-pqvm1,Database,Database Exadata Cloud at Customer - Database OCPU,B91363,47.500494,38.0,
TEST,2024-11-30 12:00:00+00:00,2024-11-30 13:00:00+00:00,ocid1.vmcluster.oc1.eu-frankfurt-1.antheljtrvfrr5iacz3aicfdxbta4h4bsdrxm45m56i32axkbtxy2ratl4kq,DMxS:EU-FRANKFURT-1-AD-2,cl-ba-xedc2-tqvm3,Database,Database Exadata Cloud at Customer - Database OCPU,B91363,7.500078,6.0,
PROD,2024-11-30 12:00:00+00:00,2024-11-30 13:00:00+00:00,ocid1.vmcluster.oc1.eu-frankfurt-1.antheljtrvfrr5iaj2hikuptdl6xbuuec267chmo2k3iubjw2fhemzbhmksa,DMxS:EU-FRANKFURT-1-AD-2,cl-ba-xedc2-pqvm1,Database,Database Exadata Cloud at Customer - Database OCPU,B91363,30.000312,24.0,
TEST,2024-11-30 13:00:00+00:00,2024-11-30 14:00:00+00:00,ocid1.vmcluster.oc1.eu-frankfurt-1.antheljrrvfrr5iaiakdi5rxfl73notvt6tf6lslsueauptbt2dok4ptucdq,DMxS:EU-FRANKFURT-1-AD-1,cl-ba-xedc1-tqvm3,Database,Database Exadata Cloud at Customer - Database OCPU,B91363,7.500078,6.0,
PROD,2024-11-30 13:00:00+00:00,2024-11-30 14:00:00+00:00,ocid1.vmcluster.oc1.eu-frankfurt-1.antheljtrvfrr5iaj2hikuptdl6xbuuec267chmo2k3iubjw2fhemzbhmksa,DMxS:EU-FRANKFURT-1-AD-2,cl-ba-xedc2-pqvm1,Database,Database Exadata Cloud at Customer - Database OCPU,B91363,30.000312,24.0,
TEST,2024-11-30 13:00:00+00:00,2024-11-30 14:00:00+00:00,ocid1.vmcluster.oc1.eu-frankfurt-1.antheljtrvfrr5iacz3aicfdxbta4h4bsdrxm45m56i32axkbtxy2ratl4kq,DMxS:EU-FRANKFURT-1-AD-2,cl-ba-xedc2-tqvm3,Database,Database Exadata Cloud at Customer - Database OCPU,B91363,7.500078,6.0,
PROD,2024-11-30 13:00:00+00:00,2024-11-30 14:00:00+00:00,ocid1.vmcluster.oc1.eu-frankfurt-1.antheljrrvfrr5iawj32h5gbrsj4yjuv7y65xtmdwewxqhedhfolqmkknbha,DMxS:EU-FRANKFURT-1-AD-1,cl-ba-xedc1-pqvm1,Database,Database Exadata Cloud at Customer - Database OCPU,B91363,47.500494,38.0,
PROD,2024-11-30 14:00:00+00:00,2024-11-30 15:00:00+00:00,ocid1.vmcluster.oc1.eu-frankfurt-1.antheljrrvfrr5iawj32h5gbrsj4yjuv7y65xtmdwewxqhedhfolqmkknbha,DMxS:EU-FRANKFURT-1-AD-1,cl-ba-xedc1-pqvm1,Database,Database Exadata Cloud at Customer - Database OCPU,B91363,47.500494,38.0,
PROD,2024-11-30 14:00:00+00:00,2024-11-30 15:00:00+00:00,ocid1.vmcluster.oc1.eu-frankfurt-1.antheljtrvfrr5iaj2hikuptdl6xbuuec267chmo2k3iubjw2fhemzbhmksa,DMxS:EU-FRANKFURT-1-AD-2,cl-ba-xedc2-pqvm1,Database,Database Exadata Cloud at Customer - Database OCPU,B91363,30.000312,24.0,
TEST,2024-11-30 14:00:00+00:00,2024-11-30 15:00:00+00:00,ocid1.vmcluster.oc1.eu-frankfurt-1.antheljrrvfrr5iaiakdi5rxfl73notvt6tf6lslsueauptbt2dok4ptucdq,DMxS:EU-FRANKFURT-1-AD-1,cl-ba-xedc1-tqvm3,Database,Database Exadata Cloud at Customer - Database OCPU,B91363,7.500078,6.0,
TEST,2024-11-30 14:00:00+00:00,2024-11-30 15:00:00+00:00,ocid1.vmcluster.oc1.eu-frankfurt-1.antheljtrvfrr5iacz3aicfdxbta4h4bsdrxm45m56i32axkbtxy2ratl4kq,DMxS:EU-FRANKFURT-1-AD-2,cl-ba-xedc2-tqvm3,Database,Database Exadata Cloud at Customer - Database OCPU,B91363,7.500078,6.0,
PROD,2024-11-30 15:00:00+00:00,2024-11-30 16:00:00+00:00,ocid1.vmcluster.oc1.eu-frankfurt-1.antheljtrvfrr5iaj2hikuptdl6xbuuec267chmo2k3iubjw2fhemzbhmksa,DMxS:EU-FRANKFURT-1-AD-2,cl-ba-xedc2-pqvm1,Database,Database Exadata Cloud at Customer - Database OCPU,B91363,30.000312,24.0,
PROD,2024-11-30 15:00:00+00:00,2024-11-30 16:00:00+00:00,ocid1.vmcluster.oc1.eu-frankfurt-1.antheljrrvfrr5iawj32h5gbrsj4yjuv7y65xtmdwewxqhedhfolqmkknbha,DMxS:EU-FRANKFURT-1-AD-1,cl-ba-xedc1-pqvm1,Database,Database Exadata Cloud at Customer - Database OCPU,B91363,47.500494,38.0,
TEST,2024-11-30 15:00:00+00:00,2024-11-30 16:00:00+00:00,ocid1.vmcluster.oc1.eu-frankfurt-1.antheljtrvfrr5iacz3aicfdxbta4h4bsdrxm45m56i32axkbtxy2ratl4kq,DMxS:EU-FRANKFURT-1-AD-2,cl-ba-xedc2-tqvm3,Database,Database Exadata Cloud at Customer - Database OCPU,B91363,7.500078,6.0,
TEST,2024-11-30 15:00:00+00:00,2024-11-30 16:00:00+00:00,ocid1.vmcluster.oc1.eu-frankfurt-1.antheljrrvfrr5iaiakdi5rxfl73notvt6tf6lslsueauptbt2dok4ptucdq,DMxS:EU-FRANKFURT-1-AD-1,cl-ba-xedc1-tqvm3,Database,Database Exadata Cloud at Customer - Database OCPU,B91363,7.500078,6.0,
PROD,2024-11-30 16:00:00+00:00,2024-11-30 17:00:00+00:00,ocid1.vmcluster.oc1.eu-frankfurt-1.antheljrrvfrr5iawj32h5gbrsj4yjuv7y65xtmdwewxqhedhfolqmkknbha,DMxS:EU-FRANKFURT-1-AD-1,cl-ba-xedc1-pqvm1,Database,Database Exadata Cloud at Customer - Database OCPU,B91363,47.500494,38.0,
PROD,2024-11-30 16:00:00+00:00,2024-11-30 17:00:00+00:00,ocid1.vmcluster.oc1.eu-frankfurt-1.antheljtrvfrr5iaj2hikuptdl6xbuuec267chmo2k3iubjw2fhemzbhmksa,DMxS:EU-FRANKFURT-1-AD-2,cl-ba-xedc2-pqvm1,Database,Database Exadata Cloud at Customer - Database OCPU,B91363,30.000312,24.0,
TEST,2024-11-30 16:00:00+00:00,2024-11-30 17:00:00+00:00,ocid1.vmcluster.oc1.eu-frankfurt-1.antheljtrvfrr5iacz3aicfdxbta4h4bsdrxm45m56i32axkbtxy2ratl4kq,DMxS:EU-FRANKFURT-1-AD-2,cl-ba-xedc2-tqvm3,Database,Database Exadata Cloud at Customer - Database OCPU,B91363,7.500078,6.0,
TEST,2024-11-30 16:00:00+00:00,2024-11-30 17:00:00+00:00,ocid1.vmcluster.oc1.eu-frankfurt-1.antheljrrvfrr5iaiakdi5rxfl73notvt6tf6lslsueauptbt2dok4ptucdq,DMxS:EU-FRANKFURT-1-AD-1,cl-ba-xedc1-tqvm3,Database,Database Exadata Cloud at Customer - Database OCPU,B91363,7.500078,6.0,
TEST,2024-11-30 17:00:00+00:00,2024-11-30 18:00:00+00:00,ocid1.vmcluster.oc1.eu-frankfurt-1.antheljrrvfrr5iaiakdi5rxfl73notvt6tf6lslsueauptbt2dok4ptucdq,DMxS:EU-FRANKFURT-1-AD-1,cl-ba-xedc1-tqvm3,Database,Database Exadata Cloud at Customer - Database OCPU,B91363,7.500078,6.0,
PROD,2024-11-30 17:00:00+00:00,2024-11-30 18:00:00+00:00,ocid1.vmcluster.oc1.eu-frankfurt-1.antheljtrvfrr5iaj2hikuptdl6xbuuec267chmo2k3iubjw2fhemzbhmksa,DMxS:EU-FRANKFURT-1-AD-2,cl-ba-xedc2-pqvm1,Database,Database Exadata Cloud at Customer - Database OCPU,B91363,30.000312,24.0,
PROD,2024-11-30 17:00:00+00:00,2024-11-30 18:00:00+00:00,ocid1.vmcluster.oc1.eu-frankfurt-1.antheljrrvfrr5iawj32h5gbrsj4yjuv7y65xtmdwewxqhedhfolqmkknbha,DMxS:EU-FRANKFURT-1-AD-1,cl-ba-xedc1-pqvm1,Database,Database Exadata Cloud at Customer - Database OCPU,B91363,47.500494,38.0,
TEST,2024-11-30 17:00:00+00:00,2024-11-30 18:00:00+00:00,ocid1.vmcluster.oc1.eu-frankfurt-1.antheljtrvfrr5iacz3aicfdxbta4h4bsdrxm45m56i32axkbtxy2ratl4kq,DMxS:EU-FRANKFURT-1-AD-2,cl-ba-xedc2-tqvm3,Database,Database Exadata Cloud at Customer - Database OCPU,B91363,7.500078,6.0,
PROD,2024-11-30 18:00:00+00:00,2024-11-30 19:00:00+00:00,ocid1.vmcluster.oc1.eu-frankfurt-1.antheljrrvfrr5iawj32h5gbrsj4yjuv7y65xtmdwewxqhedhfolqmkknbha,DMxS:EU-FRANKFURT-1-AD-1,cl-ba-xedc1-pqvm1,Database,Database Exadata Cloud at Customer - Database OCPU,B91363,47.500494,38.0,
TEST,2024-11-30 18:00:00+00:00,2024-11-30 19:00:00+00:00,ocid1.vmcluster.oc1.eu-frankfurt-1.antheljtrvfrr5iacz3aicfdxbta4h4bsdrxm45m56i32axkbtxy2ratl4kq,DMxS:EU-FRANKFURT-1-AD-2,cl-ba-xedc2-tqvm3,Database,Database Exadata Cloud at Customer - Database OCPU,B91363,7.500078,6.0,
PROD,2024-11-30 18:00:00+00:00,2024-11-30 19:00:00+00:00,ocid1.vmcluster.oc1.eu-frankfurt-1.antheljtrvfrr5iaj2hikuptdl6xbuuec267chmo2k3iubjw2fhemzbhmksa,DMxS:EU-FRANKFURT-1-AD-2,cl-ba-xedc2-pqvm1,Database,Database Exadata Cloud at Customer - Database OCPU,B91363,30.000312,24.0,
TEST,2024-11-30 18:00:00+00:00,2024-11-30 19:00:00+00:00,ocid1.vmcluster.oc1.eu-frankfurt-1.antheljrrvfrr5iaiakdi5rxfl73notvt6tf6lslsueauptbt2dok4ptucdq,DMxS:EU-FRANKFURT-1-AD-1,cl-ba-xedc1-tqvm3,Database,Database Exadata Cloud at Customer - Database OCPU,B91363,7.500078,6.0,
